algorithm,user_id,diversity_mode,solution_rank,preference,cost,time,penalty,nutrition_penalty,diversity_score,breakfast_ids,lunch_dinner_ids,menu_ids,nutrient_totals,dri_limits
SPEA2,1,with_diversity,1,62.1,15.75,350.0,0.918246,0.918246,7,"[65, 77]","[96, 131, 197, 167, 402, 161, 245, 336]","[65, 77, 96, 131, 197, 167, 402, 161, 245, 336]","{""Calcium, Ca"": 869.3688, ""Copper, Cu"": 1.5977373, ""Iron, Fe"": 15.507878999999999, ""Magnesium, Mg"": 322.62809999999996, ""Manganese, Mn"": 3.7914822, ""Phosphorus, P"": 1373.4558, ""Sodium, Na"": 2571.873, ""Potassium, K"": 3600.99, ""Zinc, Zn"": 11.56858, ""Carbohydrate, by difference"": 185.09189999999998, ""Fiber, total dietary"": 33.71292700000001, ""Protein"": 70.55554, ""Energy"": 2112.495, ""Vitamin A"": 360.2912800000001, ""Vitamin B-6"": 1.9151270000000002, ""Vitamin B-12"": 3.3154359999999996, ""Vitamin C, total ascorbic acid"": 50.909812, ""Vitamin D"": 3.0467059, ""Vitamin E (alpha-tocopherol)"": 29.88179, ""Thiamin"": 6.228888, ""Riboflavin"": 1.7377654000000002, ""Niacin"": 11.038248, ""Pantothenic acid"": 9.279886000000001, ""Vitamin B-9 Folic acid"": 277.29519999999997, ""Vitamin B-7"": 12.583261, ""Total lipid (fat)"": 137.97708}","{""Calcium, Ca"": [1000.0, 2500.0], ""Copper, Cu"": [0.9, 10.0], ""Iron, Fe"": [18.0, 45.0], ""Magnesium, Mg"": [310.0, 660.0], ""Manganese, Mn"": [1.8, 11.0], ""Phosphorus, P"": [700.0, 4000.0], ""Sodium, Na"": [1500.0, 2300.0], ""Potassium, K"": [4700.0, 10000.0], ""Zinc, Zn"": [8.0, 40.0], ""Carbohydrate, by difference"": [170.0, 300.0], ""Fiber, total dietary"": [20.0, 9999.0], ""Protein"": [40.0, 100.0], ""Energy"": [2000.0, 2400.0], ""Vitamin A"": [700.0, 3000.0], ""Vitamin B-6"": [1.3, 100.0], ""Vitamin B-12"": [2.4, 10000.0], ""Vitamin C, total ascorbic acid"": [75.0, 2000.0], ""Vitamin D"": [600.0, 4000.0], ""Vitamin E (alpha-tocopherol)"": [15.0, 1000.0], ""Thiamin"": [1.1, 10000.0], ""Riboflavin"": [1.1, 10000.0], ""Niacin"": [14.0, 35.0], ""Pantothenic acid"": [5.0, 10000.0], ""Vitamin B-9 Folic acid"": [400.0, 1000.0], ""Vitamin B-7"": [30.0, 10000.0], ""Total lipid (fat)"": [40.0, 120.0]}"
SPEA2,1,with_diversity,2,65.2,16.52,715.0,0.743793,0.743793,9,"[53, 60]","[186, 177, 150, 350, 257, 379, 197, 284, 334, 266]","[53, 60, 186, 177, 150, 350, 257, 379, 197, 284, 334, 266]","{""Calcium, Ca"": 909.2196779999999, ""Copper, Cu"": 2.8750602, ""Iron, Fe"": 30.607017300000003, ""Magnesium, Mg"": 667.0753700000001, ""Manganese, Mn"": 8.203328, ""Phosphorus, P"": 2063.4303528, ""Sodium, Na"": 2393.6650999999997, ""Potassium, K"": 4661.015188, ""Zinc, Zn"": 20.840992999999994, ""Carbohydrate, by difference"": 344.51118, ""Fiber, total dietary"": 57.93881199999999, ""Protein"": 96.5166953, ""Energy"": 2756.6218300000005, ""Vitamin A"": 259.73996000000005, ""Vitamin B-6"": 3.4694438, ""Vitamin B-12"": 11.323929, ""Vitamin C, total ascorbic acid"": 107.932405, ""Vitamin D"": 1.1488197000000002, ""Vitamin E (alpha-tocopherol)"": 57.346308, ""Thiamin"": 8.9251073, ""Riboflavin"": 5.0896407, ""Niacin"": 34.064712199999995, ""Pantothenic acid"": 21.935050000000004, ""Vitamin B-9 Folic acid"": 704.1704500000001, ""Vitamin B-7"": 35.52443, ""Total lipid (fat)"": 127.36561019999999}","{""Calcium, Ca"": [1000.0, 2500.0], ""Copper, Cu"": [0.9, 10.0], ""Iron, Fe"": [18.0, 45.0], ""Magnesium, Mg"": [310.0, 660.0], ""Manganese, Mn"": [1.8, 11.0], ""Phosphorus, P"": [700.0, 4000.0], ""Sodium, Na"": [1500.0, 2300.0], ""Potassium, K"": [4700.0, 10000.0], ""Zinc, Zn"": [8.0, 40.0], ""Carbohydrate, by difference"": [170.0, 300.0], ""Fiber, total dietary"": [20.0, 9999.0], ""Protein"": [40.0, 100.0], ""Energy"": [2000.0, 2400.0], ""Vitamin A"": [700.0, 3000.0], ""Vitamin B-6"": [1.3, 100.0], ""Vitamin B-12"": [2.4, 10000.0], ""Vitamin C, total ascorbic acid"": [75.0, 2000.0], ""Vitamin D"": [600.0, 4000.0], ""Vitamin E (alpha-tocopherol)"": [15.0, 1000.0], ""Thiamin"": [1.1, 10000.0], ""Riboflavin"": [1.1, 10000.0], ""Niacin"": [14.0, 35.0], ""Pantothenic acid"": [5.0, 10000.0], ""Vitamin B-9 Folic acid"": [400.0, 1000.0], ""Vitamin B-7"": [30.0, 10000.0], ""Total lipid (fat)"": [40.0, 120.0]}"
SPEA2,1,with_diversity,3,99.1,29.07,573.0,0.904594,0.904594,12,"[86, 93, 19, 90, 45, 20]","[218, 257, 271, 404, 273, 105, 401, 283, 248, 285, 245, 336]","[86, 93, 19, 90, 45, 20, 218, 257, 271, 404, 273, 105, 401, 283, 248, 285, 245, 336]","{""Calcium, Ca"": 1283.5557400000005, ""Copper, Cu"": 1.4428437000000003, ""Iron, Fe"": 19.040563, ""Magnesium, Mg"": 435.79705, ""Manganese, Mn"": 2.4015901, ""Phosphorus, P"": 1176.6513999999997, ""Sodium, Na"": 2569.8210400000003, ""Potassium, K"": 3805.3331999999996, ""Zinc, Zn"": 10.978021900000002, ""Carbohydrate, by difference"": 340.76842000000005, ""Fiber, total dietary"": 36.42047500000001, ""Protein"": 81.14848400000001, ""Energy"": 2723.5955000000004, ""Vitamin A"": 454.6251368, ""Vitamin B-6"": 2.2378175000000002, ""Vitamin B-12"": 36.2375664, ""Vitamin C, total ascorbic acid"": 165.716774, ""Vitamin D"": 0.2018416, ""Vitamin E (alpha-tocopherol)"": 42.9946, ""Thiamin"": 13.854036999999998, ""Riboflavin"": 7.2268846, ""Niacin"": 11.456768, ""Pantothenic acid"": 52.786844800000004, ""Vitamin B-9 Folic acid"": 436.39038, ""Vitamin B-7"": 18.857284999999997, ""Total lipid (fat)"": 137.26567799999998}","{""Calcium, Ca"": [1000.0, 2500.0], ""Copper, Cu"": [0.9, 10.0], ""Iron, Fe"": [18.0, 45.0], ""Magnesium, Mg"": [310.0, 660.0], ""Manganese, Mn"": [1.8, 11.0], ""Phosphorus, P"": [700.0, 4000.0], ""Sodium, Na"": [1500.0, 2300.0], ""Potassium, K"": [4700.0, 10000.0], ""Zinc, Zn"": [8.0, 40.0], ""Carbohydrate, by difference"": [170.0, 300.0], ""Fiber, total dietary"": [20.0, 9999.0], ""Protein"": [40.0, 100.0], ""Energy"": [2000.0, 2400.0], ""Vitamin A"": [700.0, 3000.0], ""Vitamin B-6"": [1.3, 100.0], ""Vitamin B-12"": [2.4, 10000.0], ""Vitamin C, total ascorbic acid"": [75.0, 2000.0], ""Vitamin D"": [600.0, 4000.0], ""Vitamin E (alpha-tocopherol)"": [15.0, 1000.0], ""Thiamin"": [1.1, 10000.0], ""Riboflavin"": [1.1, 10000.0], ""Niacin"": [14.0, 35.0], ""Pantothenic acid"": [5.0, 10000.0], ""Vitamin B-9 Folic acid"": [400.0, 1000.0], ""Vitamin B-7"": [30.0, 10000.0], ""Total lipid (fat)"": [40.0, 120.0]}"
SPEA2,1,with_diversity,4,64.6,14.29,519.0,1.000817,1.000817,8,"[20, 33]","[283, 248, 96, 197, 402, 344, 200, 282, 245, 266]","[20, 33, 283, 248, 96, 197, 402, 344, 200, 282, 245, 266]","{""Calcium, Ca"": 739.4668399999999, ""Copper, Cu"": 2.5144442000000002, ""Iron, Fe"": 27.186220999999996, ""Magnesium, Mg"": 541.1659199999999, ""Manganese, Mn"": 7.522708699999999, ""Phosphorus, P"": 1723.03514, ""Sodium, Na"": 2586.0534000000002, ""Potassium, K"": 3899.2212, ""Zinc, Zn"": 17.613024, ""Carbohydrate, by difference"": 344.64291000000003, ""Fiber, total dietary"": 41.488634000000005, ""Protein"": 76.393562, ""Energy"": 2747.97003, ""Vitamin A"": 223.14180679999998, ""Vitamin B-6"": 4.0957479, ""Vitamin B-12"": 10.931363, ""Vitamin C, total ascorbic acid"": 93.86588599999999, ""Vitamin D"": 1.2089427, ""Vitamin E (alpha-tocopherol)"": 60.779070000000004, ""Thiamin"": 16.061147000000002, ""Riboflavin"": 5.1942521, ""Niacin"": 23.0588482, ""Pantothenic acid"": 25.524939999999997, ""Vitamin B-9 Folic acid"": 461.24003000000005, ""Vitamin B-7"": 40.871307, ""Total lipid (fat)"": 129.0109602}","{""Calcium, Ca"": [1000.0, 2500.0], ""Copper, Cu"": [0.9, 10.0], ""Iron, Fe"": [18.0, 45.0], ""Magnesium, Mg"": [310.0, 660.0], ""Manganese, Mn"": [1.8, 11.0], ""Phosphorus, P"": [700.0, 4000.0], ""Sodium, Na"": [1500.0, 2300.0], ""Potassium, K"": [4700.0, 10000.0], ""Zinc, Zn"": [8.0, 40.0], ""Carbohydrate, by difference"": [170.0, 300.0], ""Fiber, total dietary"": [20.0, 9999.0], ""Protein"": [40.0, 100.0], ""Energy"": [2000.0, 2400.0], ""Vitamin A"": [700.0, 3000.0], ""Vitamin B-6"": [1.3, 100.0], ""Vitamin B-12"": [2.4, 10000.0], ""Vitamin C, total ascorbic acid"": [75.0, 2000.0], ""Vitamin D"": [600.0, 4000.0], ""Vitamin E (alpha-tocopherol)"": [15.0, 1000.0], ""Thiamin"": [1.1, 10000.0], ""Riboflavin"": [1.1, 10000.0], ""Niacin"": [14.0, 35.0], ""Pantothenic acid"": [5.0, 10000.0], ""Vitamin B-9 Folic acid"": [400.0, 1000.0], ""Vitamin B-7"": [30.0, 10000.0], ""Total lipid (fat)"": [40.0, 120.0]}"
SPEA2,1,with_diversity,5,79.8,29.39,303.0,0.656083,0.656083,12,"[94, 22, 91, 18, 29, 8, 20]","[113, 300, 297, 210, 248, 404, 361, 376, 266]","[94, 22, 91, 18, 29, 8, 20, 113, 300, 297, 210, 248, 404, 361, 376, 266]","{""Calcium, Ca"": 1143.6608899999999, ""Copper, Cu"": 1.8503814000000003, ""Iron, Fe"": 23.8642828, ""Magnesium, Mg"": 531.64256, ""Manganese, Mn"": 5.4767641, ""Phosphorus, P"": 1793.5012067, ""Sodium, Na"": 2572.5191400000003, ""Potassium, K"": 5974.646900000001, ""Zinc, Zn"": 20.511280399999997, ""Carbohydrate, by difference"": 317.65921, ""Fiber, total dietary"": 45.616893999999995, ""Protein"": 112.70036199999998, ""Energy"": 2745.16353, ""Vitamin A"": 1260.06921, ""Vitamin B-6"": 4.1162288, ""Vitamin B-12"": 21.677476, ""Vitamin C, total ascorbic acid"": 522.8697560000002, ""Vitamin D"": 0.5997165, ""Vitamin E (alpha-tocopherol)"": 39.77828999999999, ""Thiamin"": 6.943714, ""Riboflavin"": 5.5164742, ""Niacin"": 20.8872732, ""Pantothenic acid"": 36.093617, ""Vitamin B-9 Folic acid"": 401.36211000000003, ""Vitamin B-7"": 27.407843, ""Total lipid (fat)"": 137.9129782}","{""Calcium, Ca"": [1000.0, 2500.0], ""Copper, Cu"": [0.9, 10.0], ""Iron, Fe"": [18.0, 45.0], ""Magnesium, Mg"": [310.0, 660.0], ""Manganese, Mn"": [1.8, 11.0], ""Phosphorus, P"": [700.0, 4000.0], ""Sodium, Na"": [1500.0, 2300.0], ""Potassium, K"": [4700.0, 10000.0], ""Zinc, Zn"": [8.0, 40.0], ""Carbohydrate, by difference"": [170.0, 300.0], ""Fiber, total dietary"": [20.0, 9999.0], ""Protein"": [40.0, 100.0], ""Energy"": [2000.0, 2400.0], ""Vitamin A"": [700.0, 3000.0], ""Vitamin B-6"": [1.3, 100.0], ""Vitamin B-12"": [2.4, 10000.0], ""Vitamin C, total ascorbic acid"": [75.0, 2000.0], ""Vitamin D"": [600.0, 4000.0], ""Vitamin E (alpha-tocopherol)"": [15.0, 1000.0], ""Thiamin"": [1.1, 10000.0], ""Riboflavin"": [1.1, 10000.0], ""Niacin"": [14.0, 35.0], ""Pantothenic acid"": [5.0, 10000.0], ""Vitamin B-9 Folic acid"": [400.0, 1000.0], ""Vitamin B-7"": [30.0, 10000.0], ""Total lipid (fat)"": [40.0, 120.0]}"
SPEA2,1,with_diversity,6,69.3,18.36,640.0,0.585882,0.585882,12,"[86, 4, 78, 63]","[310, 384, 183, 312, 242, 319, 272, 362, 161, 336]","[86, 4, 78, 63, 310, 384, 183, 312, 242, 319, 272, 362, 161, 336]","{""Calcium, Ca"": 950.04224, ""Copper, Cu"": 1.4117357000000001, ""Iron, Fe"": 12.316493999999999, ""Magnesium, Mg"": 297.40090000000004, ""Manganese, Mn"": 2.4425424, ""Phosphorus, P"": 1408.7740000000001, ""Sodium, Na"": 2569.2081, ""Potassium, K"": 4806.599700000001, ""Zinc, Zn"": 8.349333, ""Carbohydrate, by difference"": 268.35841, ""Fiber, total dietary"": 27.191425, ""Protein"": 91.93580400000002, ""Energy"": 2524.3021000000003, ""Vitamin A"": 687.6799, ""Vitamin B-6"": 2.8570860000000002, ""Vitamin B-12"": 1.3599165, ""Vitamin C, total ascorbic acid"": 256.69869, ""Vitamin D"": 0.5285757, ""Vitamin E (alpha-tocopherol)"": 31.350683500000006, ""Thiamin"": 14.7451457, ""Riboflavin"": 1.4622971000000005, ""Niacin"": 28.521909, ""Pantothenic acid"": 7.450755000000001, ""Vitamin B-9 Folic acid"": 432.71943999999996, ""Vitamin B-7"": 14.066311, ""Total lipid (fat)"": 137.99427}","{""Calcium, Ca"": [1000.0, 2500.0], ""Copper, Cu"": [0.9, 10.0], ""Iron, Fe"": [18.0, 45.0], ""Magnesium, Mg"": [310.0, 660.0], ""Manganese, Mn"": [1.8, 11.0], ""Phosphorus, P"": [700.0, 4000.0], ""Sodium, Na"": [1500.0, 2300.0], ""Potassium, K"": [4700.0, 10000.0], ""Zinc, Zn"": [8.0, 40.0], ""Carbohydrate, by difference"": [170.0, 300.0], ""Fiber, total dietary"": [20.0, 9999.0], ""Protein"": [40.0, 100.0], ""Energy"": [2000.0, 2400.0], ""Vitamin A"": [700.0, 3000.0], ""Vitamin B-6"": [1.3, 100.0], ""Vitamin B-12"": [2.4, 10000.0], ""Vitamin C, total ascorbic acid"": [75.0, 2000.0], ""Vitamin D"": [600.0, 4000.0], ""Vitamin E (alpha-tocopherol)"": [15.0, 1000.0], ""Thiamin"": [1.1, 10000.0], ""Riboflavin"": [1.1, 10000.0], ""Niacin"": [14.0, 35.0], ""Pantothenic acid"": [5.0, 10000.0], ""Vitamin B-9 Folic acid"": [400.0, 1000.0], ""Vitamin B-7"": [30.0, 10000.0], ""Total lipid (fat)"": [40.0, 120.0]}"
SPEA2,1,with_diversity,7,45.2,14.76,410.0,1.288248,1.288248,7,"[43, 78, 63]","[188, 381, 112, 346, 218, 362, 127]","[43, 78, 63, 188, 381, 112, 346, 218, 362, 127]","{""Calcium, Ca"": 711.5253, ""Copper, Cu"": 1.828283, ""Iron, Fe"": 13.054649999999999, ""Magnesium, Mg"": 394.2102, ""Manganese, Mn"": 10.06047, ""Phosphorus, P"": 1568.4236, ""Sodium, Na"": 1177.8249999999998, ""Potassium, K"": 3176.8, ""Zinc, Zn"": 16.64195, ""Carbohydrate, by difference"": 309.81196, ""Fiber, total dietary"": 15.194410000000001, ""Protein"": 92.80966000000001, ""Energy"": 2716.462, ""Vitamin A"": 626.08156, ""Vitamin B-6"": 3.219945, ""Vitamin B-12"": 4.56103, ""Vitamin C, total ascorbic acid"": 39.874442, ""Vitamin D"": 0.16654059999999998, ""Vitamin E (alpha-tocopherol)"": 31.742070000000002, ""Thiamin"": 4.464665999999999, ""Riboflavin"": 2.151806, ""Niacin"": 12.338040000000001, ""Pantothenic acid"": 9.704486, ""Vitamin B-9 Folic acid"": 411.519, ""Vitamin B-7"": 24.373154, ""Total lipid (fat)"": 137.98602}","{""Calcium, Ca"": [1000.0, 2500.0], ""Copper, Cu"": [0.9, 10.0], ""Iron, Fe"": [18.0, 45.0], ""Magnesium, Mg"": [310.0, 660.0], ""Manganese, Mn"": [1.8, 11.0], ""Phosphorus, P"": [700.0, 4000.0], ""Sodium, Na"": [1500.0, 2300.0], ""Potassium, K"": [4700.0, 10000.0], ""Zinc, Zn"": [8.0, 40.0], ""Carbohydrate, by difference"": [170.0, 300.0], ""Fiber, total dietary"": [20.0, 9999.0], ""Protein"": [40.0, 100.0], ""Energy"": [2000.0, 2400.0], ""Vitamin A"": [700.0, 3000.0], ""Vitamin B-6"": [1.3, 100.0], ""Vitamin B-12"": [2.4, 10000.0], ""Vitamin C, total ascorbic acid"": [75.0, 2000.0], ""Vitamin D"": [600.0, 4000.0], ""Vitamin E (alpha-tocopherol)"": [15.0, 1000.0], ""Thiamin"": [1.1, 10000.0], ""Riboflavin"": [1.1, 10000.0], ""Niacin"": [14.0, 35.0], ""Pantothenic acid"": [5.0, 10000.0], ""Vitamin B-9 Folic acid"": [400.0, 1000.0], ""Vitamin B-7"": [30.0, 10000.0], ""Total lipid (fat)"": [40.0, 120.0]}"
SPEA2,1,with_diversity,8,51.1,15.42,302.0,1.871038,1.871038,8,"[59, 76, 82, 86]","[271, 360, 273, 105, 401, 285, 266]","[59, 76, 82, 86, 271, 360, 273, 105, 401, 285, 266]","{""Calcium, Ca"": 628.0898199999999, ""Copper, Cu"": 0.6753537000000001, ""Iron, Fe"": 7.5467189999999995, ""Magnesium, Mg"": 173.69657000000004, ""Manganese, Mn"": 1.6768354, ""Phosphorus, P"": 606.40654, ""Sodium, Na"": 1719.7967099999998, ""Potassium, K"": 2721.5197, ""Zinc, Zn"": 4.002066, ""Carbohydrate, by difference"": 199.823511, ""Fiber, total dietary"": 28.4426119, ""Protein"": 32.458212, ""Energy"": 2096.3371300000003, ""Vitamin A"": 681.22442, ""Vitamin B-6"": 1.4252266999999998, ""Vitamin B-12"": 10.769123500000001, ""Vitamin C, total ascorbic acid"": 125.960342, ""Vitamin D"": 2.9384948000000004, ""Vitamin E (alpha-tocopherol)"": 36.80636, ""Thiamin"": 8.9588518, ""Riboflavin"": 2.2899103999999997, ""Niacin"": 5.4996362, ""Pantothenic acid"": 15.812585799999999, ""Vitamin B-9 Folic acid"": 237.2825, ""Vitamin B-7"": 9.692886, ""Total lipid (fat)"": 137.9623382}","{""Calcium, Ca"": [1000.0, 2500.0], ""Copper, Cu"": [0.9, 10.0], ""Iron, Fe"": [18.0, 45.0], ""Magnesium, Mg"": [310.0, 660.0], ""Manganese, Mn"": [1.8, 11.0], ""Phosphorus, P"": [700.0, 4000.0], ""Sodium, Na"": [1500.0, 2300.0], ""Potassium, K"": [4700.0, 10000.0], ""Zinc, Zn"": [8.0, 40.0], ""Carbohydrate, by difference"": [170.0, 300.0], ""Fiber, total dietary"": [20.0, 9999.0], ""Protein"": [40.0, 100.0], ""Energy"": [2000.0, 2400.0], ""Vitamin A"": [700.0, 3000.0], ""Vitamin B-6"": [1.3, 100.0], ""Vitamin B-12"": [2.4, 10000.0], ""Vitamin C, total ascorbic acid"": [75.0, 2000.0], ""Vitamin D"": [600.0, 4000.0], ""Vitamin E (alpha-tocopherol)"": [15.0, 1000.0], ""Thiamin"": [1.1, 10000.0], ""Riboflavin"": [1.1, 10000.0], ""Niacin"": [14.0, 35.0], ""Pantothenic acid"": [5.0, 10000.0], ""Vitamin B-9 Folic acid"": [400.0, 1000.0], ""Vitamin B-7"": [30.0, 10000.0], ""Total lipid (fat)"": [40.0, 120.0]}"
SPEA2,1,with_diversity,9,96.0,29.75,454.0,1.148913,1.148913,10,"[31, 22, 27]","[218, 257, 271, 404, 273, 283, 248, 318, 161, 245, 266, 336]","[31, 22, 27, 218, 257, 271, 404, 273, 283, 248, 318, 161, 245, 266, 336]","{""Calcium, Ca"": 737.16324, ""Copper, Cu"": 1.190593, ""Iron, Fe"": 17.804637999999997, ""Magnesium, Mg"": 345.90756999999996, ""Manganese, Mn"": 1.8398322999999999, ""Phosphorus, P"": 593.8948399999999, ""Sodium, Na"": 1990.5177, ""Potassium, K"": 2739.4954000000002, ""Zinc, Zn"": 6.964760900000002, ""Carbohydrate, by difference"": 320.14991000000003, ""Fiber, total dietary"": 22.142853, ""Protein"": 63.665172000000005, ""Energy"": 2709.46203, ""Vitamin A"": 932.2839667999999, ""Vitamin B-6"": 1.4894298000000001, ""Vitamin B-12"": 16.609804399999998, ""Vitamin C, total ascorbic acid"": 174.398242, ""Vitamin D"": 0.1370935, ""Vitamin E (alpha-tocopherol)"": 31.25004, ""Thiamin"": 8.788890199999999, ""Riboflavin"": 3.0128417999999995, ""Niacin"": 10.5744982, ""Pantothenic acid"": 22.192997800000004, ""Vitamin B-9 Folic acid"": 285.97478, ""Vitamin B-7"": 8.014520000000001, ""Total lipid (fat)"": 137.6666102}","{""Calcium, Ca"": [1000.0, 2500.0], ""Copper, Cu"": [0.9, 10.0], ""Iron, Fe"": [18.0, 45.0], ""Magnesium, Mg"": [310.0, 660.0], ""Manganese, Mn"": [1.8, 11.0], ""Phosphorus, P"": [700.0, 4000.0], ""Sodium, Na"": [1500.0, 2300.0], ""Potassium, K"": [4700.0, 10000.0], ""Zinc, Zn"": [8.0, 40.0], ""Carbohydrate, by difference"": [170.0, 300.0], ""Fiber, total dietary"": [20.0, 9999.0], ""Protein"": [40.0, 100.0], ""Energy"": [2000.0, 2400.0], ""Vitamin A"": [700.0, 3000.0], ""Vitamin B-6"": [1.3, 100.0], ""Vitamin B-12"": [2.4, 10000.0], ""Vitamin C, total ascorbic acid"": [75.0, 2000.0], ""Vitamin D"": [600.0, 4000.0], ""Vitamin E (alpha-tocopherol)"": [15.0, 1000.0], ""Thiamin"": [1.1, 10000.0], ""Riboflavin"": [1.1, 10000.0], ""Niacin"": [14.0, 35.0], ""Pantothenic acid"": [5.0, 10000.0], ""Vitamin B-9 Folic acid"": [400.0, 1000.0], ""Vitamin B-7"": [30.0, 10000.0], ""Total lipid (fat)"": [40.0, 120.0]}"
SPEA2,1,with_diversity,10,122.7,45.08,810.0,0.634759,0.634759,12,"[1, 78, 55, 26]","[329, 264, 152, 234, 266, 386, 303, 399, 284, 271, 105, 108, 285, 161, 376, 253, 251, 113, 139]","[1, 78, 55, 26, 329, 264, 152, 234, 266, 386, 303, 399, 284, 271, 105, 108, 285, 161, 376, 253, 251, 113, 139]","{""Calcium, Ca"": 1369.643008, ""Copper, Cu"": 2.3430312000000004, ""Iron, Fe"": 21.6355613, ""Magnesium, Mg"": 456.32215999999994, ""Manganese, Mn"": 4.5795962, ""Phosphorus, P"": 1266.9665994999998, ""Sodium, Na"": 2585.8242450000002, ""Potassium, K"": 6309.834887999999, ""Zinc, Zn"": 9.0705905, ""Carbohydrate, by difference"": 343.06455, ""Fiber, total dietary"": 71.85724400000001, ""Protein"": 65.59051529999999, ""Energy"": 2676.1966300000004, ""Vitamin A"": 599.8510539, ""Vitamin B-6"": 2.3843385, ""Vitamin B-12"": 34.3372747, ""Vitamin C, total ascorbic acid"": 366.04425100000003, ""Vitamin D"": 0.30890390000000006, ""Vitamin E (alpha-tocopherol)"": 59.422779999999996, ""Thiamin"": 15.899104099999999, ""Riboflavin"": 7.547408800000001, ""Niacin"": 20.9743732, ""Pantothenic acid"": 56.680853899999995, ""Vitamin B-9 Folic acid"": 701.0893599999999, ""Vitamin B-7"": 16.416400000000003, ""Total lipid (fat)"": 137.63941619999997}","{""Calcium, Ca"": [1000.0, 2500.0], ""Copper, Cu"": [0.9, 10.0], ""Iron, Fe"": [18.0, 45.0], ""Magnesium, Mg"": [310.0, 660.0], ""Manganese, Mn"": [1.8, 11.0], ""Phosphorus, P"": [700.0, 4000.0], ""Sodium, Na"": [1500.0, 2300.0], ""Potassium, K"": [4700.0, 10000.0], ""Zinc, Zn"": [8.0, 40.0], ""Carbohydrate, by difference"": [170.0, 300.0], ""Fiber, total dietary"": [20.0, 9999.0], ""Protein"": [40.0, 100.0], ""Energy"": [2000.0, 2400.0], ""Vitamin A"": [700.0, 3000.0], ""Vitamin B-6"": [1.3, 100.0], ""Vitamin B-12"": [2.4, 10000.0], ""Vitamin C, total ascorbic acid"": [75.0, 2000.0], ""Vitamin D"": [600.0, 4000.0], ""Vitamin E (alpha-tocopherol)"": [15.0, 1000.0], ""Thiamin"": [1.1, 10000.0], ""Riboflavin"": [1.1, 10000.0], ""Niacin"": [14.0, 35.0], ""Pantothenic acid"": [5.0, 10000.0], ""Vitamin B-9 Folic acid"": [400.0, 1000.0], ""Vitamin B-7"": [30.0, 10000.0], ""Total lipid (fat)"": [40.0, 120.0]}"
SPEA2,1,with_diversity,11,35.3,14.44,323.0,0.948191,0.948191,8,"[94, 11]","[379, 388, 400, 317, 342, 272, 381, 376, 147]","[94, 11, 379, 388, 400, 317, 342, 272, 381, 376, 147]","{""Calcium, Ca"": 1420.1003, ""Copper, Cu"": 1.0580960000000001, ""Iron, Fe"": 15.346499999999999, ""Magnesium, Mg"": 376.2634, ""Manganese, Mn"": 5.760679, ""Phosphorus, P"": 1663.5712999999998, ""Sodium, Na"": 2611.1158, ""Potassium, K"": 4501.4457, ""Zinc, Zn"": 12.98578, ""Carbohydrate, by difference"": 341.2449, ""Fiber, total dietary"": 36.08309, ""Protein"": 77.87682999999998, ""Energy"": 2749.834, ""Vitamin A"": 327.24069, ""Vitamin B-6"": 2.6111169999999997, ""Vitamin B-12"": 17.957423000000002, ""Vitamin C, total ascorbic acid"": 163.23221, ""Vitamin D"": 9.268662700000002, ""Vitamin E (alpha-tocopherol)"": 45.240849999999995, ""Thiamin"": 11.263783, ""Riboflavin"": 1.993719, ""Niacin"": 10.540534000000001, ""Pantothenic acid"": 10.277716, ""Vitamin B-9 Folic acid"": 471.98924, ""Vitamin B-7"": 35.168319999999994, ""Total lipid (fat)"": 127.61677}","{""Calcium, Ca"": [1000.0, 2500.0], ""Copper, Cu"": [0.9, 10.0], ""Iron, Fe"": [18.0, 45.0], ""Magnesium, Mg"": [310.0, 660.0], ""Manganese, Mn"": [1.8, 11.0], ""Phosphorus, P"": [700.0, 4000.0], ""Sodium, Na"": [1500.0, 2300.0], ""Potassium, K"": [4700.0, 10000.0], ""Zinc, Zn"": [8.0, 40.0], ""Carbohydrate, by difference"": [170.0, 300.0], ""Fiber, total dietary"": [20.0, 9999.0], ""Protein"": [40.0, 100.0], ""Energy"": [2000.0, 2400.0], ""Vitamin A"": [700.0, 3000.0], ""Vitamin B-6"": [1.3, 100.0], ""Vitamin B-12"": [2.4, 10000.0], ""Vitamin C, total ascorbic acid"": [75.0, 2000.0], ""Vitamin D"": [600.0, 4000.0], ""Vitamin E (alpha-tocopherol)"": [15.0, 1000.0], ""Thiamin"": [1.1, 10000.0], ""Riboflavin"": [1.1, 10000.0], ""Niacin"": [14.0, 35.0], ""Pantothenic acid"": [5.0, 10000.0], ""Vitamin B-9 Folic acid"": [400.0, 1000.0], ""Vitamin B-7"": [30.0, 10000.0], ""Total lipid (fat)"": [40.0, 120.0]}"
SPEA2,1,with_diversity,12,96.7,25.99,485.0,0.603554,0.603554,12,"[31, 70, 7, 86, 36, 74, 6]","[131, 197, 167, 402, 200, 108, 285, 161, 245, 376, 336]","[31, 70, 7, 86, 36, 74, 6, 131, 197, 167, 402, 200, 108, 285, 161, 245, 376, 336]","{""Calcium, Ca"": 1022.8460699999998, ""Copper, Cu"": 1.8122396, ""Iron, Fe"": 19.647079, ""Magnesium, Mg"": 485.23254, ""Manganese, Mn"": 6.5281832, ""Phosphorus, P"": 1545.632, ""Sodium, Na"": 2359.5091, ""Potassium, K"": 4336.827799999999, ""Zinc, Zn"": 15.020961000000003, ""Carbohydrate, by difference"": 303.62434, ""Fiber, total dietary"": 37.302785000000014, ""Protein"": 82.374844, ""Energy"": 2681.2866000000004, ""Vitamin A"": 854.1743700000001, ""Vitamin B-6"": 2.8784771, ""Vitamin B-12"": 9.677176, ""Vitamin C, total ascorbic acid"": 108.50093199999999, ""Vitamin D"": 1.3798165, ""Vitamin E (alpha-tocopherol)"": 40.763679999999994, ""Thiamin"": 5.583781499999999, ""Riboflavin"": 3.2424223999999997, ""Niacin"": 11.505578000000002, ""Pantothenic acid"": 21.1369623, ""Vitamin B-9 Folic acid"": 365.97711999999996, ""Vitamin B-7"": 24.059932, ""Total lipid (fat)"": 137.98412999999996}","{""Calcium, Ca"": [1000.0, 2500.0], ""Copper, Cu"": [0.9, 10.0], ""Iron, Fe"": [18.0, 45.0], ""Magnesium, Mg"": [310.0, 660.0], ""Manganese, Mn"": [1.8, 11.0], ""Phosphorus, P"": [700.0, 4000.0], ""Sodium, Na"": [1500.0, 2300.0], ""Potassium, K"": [4700.0, 10000.0], ""Zinc, Zn"": [8.0, 40.0], ""Carbohydrate, by difference"": [170.0, 300.0], ""Fiber, total dietary"": [20.0, 9999.0], ""Protein"": [40.0, 100.0], ""Energy"": [2000.0, 2400.0], ""Vitamin A"": [700.0, 3000.0], ""Vitamin B-6"": [1.3, 100.0], ""Vitamin B-12"": [2.4, 10000.0], ""Vitamin C, total ascorbic acid"": [75.0, 2000.0], ""Vitamin D"": [600.0, 4000.0], ""Vitamin E (alpha-tocopherol)"": [15.0, 1000.0], ""Thiamin"": [1.1, 10000.0], ""Riboflavin"": [1.1, 10000.0], ""Niacin"": [14.0, 35.0], ""Pantothenic acid"": [5.0, 10000.0], ""Vitamin B-9 Folic acid"": [400.0, 1000.0], ""Vitamin B-7"": [30.0, 10000.0], ""Total lipid (fat)"": [40.0, 120.0]}"
SPEA2,1,with_diversity,13,115.7,33.41,529.0,0.959288,0.959288,12,"[42, 44, 91, 31, 22]","[218, 257, 271, 404, 273, 105, 401, 283, 248, 108, 161, 245, 336, 266]","[42, 44, 91, 31, 22, 218, 257, 271, 404, 273, 105, 401, 283, 248, 108, 161, 245, 336, 266]","{""Calcium, Ca"": 762.5820199999999, ""Copper, Cu"": 1.3821273, ""Iron, Fe"": 16.455511799999996, ""Magnesium, Mg"": 379.52766999999994, ""Manganese, Mn"": 2.0294033, ""Phosphorus, P"": 663.90324, ""Sodium, Na"": 2315.86204, ""Potassium, K"": 3481.5546, ""Zinc, Zn"": 7.586182900000001, ""Carbohydrate, by difference"": 344.70569000000006, ""Fiber, total dietary"": 34.045213000000004, ""Protein"": 63.54338200000001, ""Energy"": 2674.3000300000003, ""Vitamin A"": 922.7888267999998, ""Vitamin B-6"": 1.8211967000000002, ""Vitamin B-12"": 26.973144400000002, ""Vitamin C, total ascorbic acid"": 234.88614199999998, ""Vitamin D"": 0.0937935, ""Vitamin E (alpha-tocopherol)"": 36.97259, ""Thiamin"": 8.988470499999998, ""Riboflavin"": 4.8112887, ""Niacin"": 11.4288792, ""Pantothenic acid"": 36.246645099999995, ""Vitamin B-9 Folic acid"": 365.30931, ""Vitamin B-7"": 10.632052, ""Total lipid (fat)"": 137.3141482}","{""Calcium, Ca"": [1000.0, 2500.0], ""Copper, Cu"": [0.9, 10.0], ""Iron, Fe"": [18.0, 45.0], ""Magnesium, Mg"": [310.0, 660.0], ""Manganese, Mn"": [1.8, 11.0], ""Phosphorus, P"": [700.0, 4000.0], ""Sodium, Na"": [1500.0, 2300.0], ""Potassium, K"": [4700.0, 10000.0], ""Zinc, Zn"": [8.0, 40.0], ""Carbohydrate, by difference"": [170.0, 300.0], ""Fiber, total dietary"": [20.0, 9999.0], ""Protein"": [40.0, 100.0], ""Energy"": [2000.0, 2400.0], ""Vitamin A"": [700.0, 3000.0], ""Vitamin B-6"": [1.3, 100.0], ""Vitamin B-12"": [2.4, 10000.0], ""Vitamin C, total ascorbic acid"": [75.0, 2000.0], ""Vitamin D"": [600.0, 4000.0], ""Vitamin E (alpha-tocopherol)"": [15.0, 1000.0], ""Thiamin"": [1.1, 10000.0], ""Riboflavin"": [1.1, 10000.0], ""Niacin"": [14.0, 35.0], ""Pantothenic acid"": [5.0, 10000.0], ""Vitamin B-9 Folic acid"": [400.0, 1000.0], ""Vitamin B-7"": [30.0, 10000.0], ""Total lipid (fat)"": [40.0, 120.0]}"
SPEA2,1,with_diversity,14,44.1,14.34,240.0,1.111313,1.111313,5,"[74, 36, 6, 93, 48]","[315, 172, 336, 266]","[74, 36, 6, 93, 48, 315, 172, 336, 266]","{""Calcium, Ca"": 929.8584400000002, ""Copper, Cu"": 1.1255112, ""Iron, Fe"": 16.489670999999998, ""Magnesium, Mg"": 377.91131999999993, ""Manganese, Mn"": 1.9536802, ""Phosphorus, P"": 1384.9179400000003, ""Sodium, Na"": 1597.4886, ""Potassium, K"": 4141.388800000001, ""Zinc, Zn"": 16.571581, ""Carbohydrate, by difference"": 87.85137, ""Fiber, total dietary"": 33.175522, ""Protein"": 90.06978199999999, ""Energy"": 1916.3131300000002, ""Vitamin A"": 364.21524999999997, ""Vitamin B-6"": 1.968102, ""Vitamin B-12"": 13.56812, ""Vitamin C, total ascorbic acid"": 103.36242200000001, ""Vitamin D"": 0.8621656, ""Vitamin E (alpha-tocopherol)"": 35.58307, ""Thiamin"": 3.918179, ""Riboflavin"": 3.4497496999999995, ""Niacin"": 14.1634002, ""Pantothenic acid"": 109.44572, ""Vitamin B-9 Folic acid"": 329.11651, ""Vitamin B-7"": 11.725247, ""Total lipid (fat)"": 137.9537402}","{""Calcium, Ca"": [1000.0, 2500.0], ""Copper, Cu"": [0.9, 10.0], ""Iron, Fe"": [18.0, 45.0], ""Magnesium, Mg"": [310.0, 660.0], ""Manganese, Mn"": [1.8, 11.0], ""Phosphorus, P"": [700.0, 4000.0], ""Sodium, Na"": [1500.0, 2300.0], ""Potassium, K"": [4700.0, 10000.0], ""Zinc, Zn"": [8.0, 40.0], ""Carbohydrate, by difference"": [170.0, 300.0], ""Fiber, total dietary"": [20.0, 9999.0], ""Protein"": [40.0, 100.0], ""Energy"": [2000.0, 2400.0], ""Vitamin A"": [700.0, 3000.0], ""Vitamin B-6"": [1.3, 100.0], ""Vitamin B-12"": [2.4, 10000.0], ""Vitamin C, total ascorbic acid"": [75.0, 2000.0], ""Vitamin D"": [600.0, 4000.0], ""Vitamin E (alpha-tocopherol)"": [15.0, 1000.0], ""Thiamin"": [1.1, 10000.0], ""Riboflavin"": [1.1, 10000.0], ""Niacin"": [14.0, 35.0], ""Pantothenic acid"": [5.0, 10000.0], ""Vitamin B-9 Folic acid"": [400.0, 1000.0], ""Vitamin B-7"": [30.0, 10000.0], ""Total lipid (fat)"": [40.0, 120.0]}"
SPEA2,1,with_diversity,15,71.3,19.61,338.0,1.018536,1.018536,9,"[50, 88, 67, 6]","[210, 248, 404, 310, 395, 358, 161]","[50, 88, 67, 6, 210, 248, 404, 310, 395, 358, 161]","{""Calcium, Ca"": 1240.3444, ""Copper, Cu"": 1.1250348000000001, ""Iron, Fe"": 20.023860999999997, ""Magnesium, Mg"": 462.2819, ""Manganese, Mn"": 0.9553758, ""Phosphorus, P"": 1201.5562, ""Sodium, Na"": 2596.6441, ""Potassium, K"": 3696.1497, ""Zinc, Zn"": 13.899215900000002, ""Carbohydrate, by difference"": 338.03532, ""Fiber, total dietary"": 25.306337, ""Protein"": 98.4496, ""Energy"": 2604.275, ""Vitamin A"": 1294.1858600000003, ""Vitamin B-6"": 2.848357, ""Vitamin B-12"": 13.887679, ""Vitamin C, total ascorbic acid"": 278.10644, ""Vitamin D"": 1.4756961, ""Vitamin E (alpha-tocopherol)"": 20.876720000000006, ""Thiamin"": 5.931703200000001, ""Riboflavin"": 3.0498969999999996, ""Niacin"": 15.693454000000001, ""Pantothenic acid"": 16.771060000000002, ""Vitamin B-9 Folic acid"": 151.81309, ""Vitamin B-7"": 18.151908, ""Total lipid (fat)"": 134.89509}","{""Calcium, Ca"": [1000.0, 2500.0], ""Copper, Cu"": [0.9, 10.0], ""Iron, Fe"": [18.0, 45.0], ""Magnesium, Mg"": [310.0, 660.0], ""Manganese, Mn"": [1.8, 11.0], ""Phosphorus, P"": [700.0, 4000.0], ""Sodium, Na"": [1500.0, 2300.0], ""Potassium, K"": [4700.0, 10000.0], ""Zinc, Zn"": [8.0, 40.0], ""Carbohydrate, by difference"": [170.0, 300.0], ""Fiber, total dietary"": [20.0, 9999.0], ""Protein"": [40.0, 100.0], ""Energy"": [2000.0, 2400.0], ""Vitamin A"": [700.0, 3000.0], ""Vitamin B-6"": [1.3, 100.0], ""Vitamin B-12"": [2.4, 10000.0], ""Vitamin C, total ascorbic acid"": [75.0, 2000.0], ""Vitamin D"": [600.0, 4000.0], ""Vitamin E (alpha-tocopherol)"": [15.0, 1000.0], ""Thiamin"": [1.1, 10000.0], ""Riboflavin"": [1.1, 10000.0], ""Niacin"": [14.0, 35.0], ""Pantothenic acid"": [5.0, 10000.0], ""Vitamin B-9 Folic acid"": [400.0, 1000.0], ""Vitamin B-7"": [30.0, 10000.0], ""Total lipid (fat)"": [40.0, 120.0]}"
SPEA2,1,with_diversity,16,77.7,25.73,237.0,0.588085,0.588085,8,"[59, 76, 82, 86]","[399, 218, 257, 404, 105, 248, 285, 161, 245, 336, 266]","[59, 76, 82, 86, 399, 218, 257, 404, 105, 248, 285, 161, 245, 336, 266]","{""Calcium, Ca"": 1041.07402, ""Copper, Cu"": 1.3697525000000002, ""Iron, Fe"": 18.561621999999996, ""Magnesium, Mg"": 372.98751999999996, ""Manganese, Mn"": 1.9944371, ""Phosphorus, P"": 600.10984, ""Sodium, Na"": 2170.75601, ""Potassium, K"": 3635.1708999999996, ""Zinc, Zn"": 7.552524900000001, ""Carbohydrate, by difference"": 291.358631, ""Fiber, total dietary"": 36.116734900000004, ""Protein"": 51.242391999999995, ""Energy"": 2527.5621300000003, ""Vitamin A"": 624.2400439, ""Vitamin B-6"": 1.8064738, ""Vitamin B-12"": 18.3693691, ""Vitamin C, total ascorbic acid"": 132.152702, ""Vitamin D"": 2.8367547, ""Vitamin E (alpha-tocopherol)"": 28.72895, ""Thiamin"": 3.2275750000000007, ""Riboflavin"": 3.2080452999999998, ""Niacin"": 10.819014200000002, ""Pantothenic acid"": 22.802582, ""Vitamin B-9 Folic acid"": 429.22281000000004, ""Vitamin B-7"": 9.097853, ""Total lipid (fat)"": 137.94544819999996}","{""Calcium, Ca"": [1000.0, 2500.0], ""Copper, Cu"": [0.9, 10.0], ""Iron, Fe"": [18.0, 45.0], ""Magnesium, Mg"": [310.0, 660.0], ""Manganese, Mn"": [1.8, 11.0], ""Phosphorus, P"": [700.0, 4000.0], ""Sodium, Na"": [1500.0, 2300.0], ""Potassium, K"": [4700.0, 10000.0], ""Zinc, Zn"": [8.0, 40.0], ""Carbohydrate, by difference"": [170.0, 300.0], ""Fiber, total dietary"": [20.0, 9999.0], ""Protein"": [40.0, 100.0], ""Energy"": [2000.0, 2400.0], ""Vitamin A"": [700.0, 3000.0], ""Vitamin B-6"": [1.3, 100.0], ""Vitamin B-12"": [2.4, 10000.0], ""Vitamin C, total ascorbic acid"": [75.0, 2000.0], ""Vitamin D"": [600.0, 4000.0], ""Vitamin E (alpha-tocopherol)"": [15.0, 1000.0], ""Thiamin"": [1.1, 10000.0], ""Riboflavin"": [1.1, 10000.0], ""Niacin"": [14.0, 35.0], ""Pantothenic acid"": [5.0, 10000.0], ""Vitamin B-9 Folic acid"": [400.0, 1000.0], ""Vitamin B-7"": [30.0, 10000.0], ""Total lipid (fat)"": [40.0, 120.0]}"
SPEA2,1,with_diversity,17,52.4,13.33,479.0,0.782624,0.782624,10,"[18, 74, 60]","[283, 248, 96, 197, 402, 344, 200, 284, 336]","[18, 74, 60, 283, 248, 96, 197, 402, 344, 200, 284, 336]","{""Calcium, Ca"": 699.967938, ""Copper, Cu"": 2.239332, ""Iron, Fe"": 24.8497833, ""Magnesium, Mg"": 565.23645, ""Manganese, Mn"": 7.2264178, ""Phosphorus, P"": 1566.3555128, ""Sodium, Na"": 1987.3642, ""Potassium, K"": 3999.310788, ""Zinc, Zn"": 15.461659000000001, ""Carbohydrate, by difference"": 344.45204, ""Fiber, total dietary"": 35.229752000000005, ""Protein"": 64.91700329999999, ""Energy"": 2636.9087000000004, ""Vitamin A"": 248.45694680000003, ""Vitamin B-6"": 4.1578368999999995, ""Vitamin B-12"": 16.422012000000002, ""Vitamin C, total ascorbic acid"": 253.349102, ""Vitamin D"": 1.1992377, ""Vitamin E (alpha-tocopherol)"": 56.420820000000006, ""Thiamin"": 11.476877, ""Riboflavin"": 5.9885464, ""Niacin"": 22.610371999999998, ""Pantothenic acid"": 32.210710000000006, ""Vitamin B-9 Folic acid"": 397.3104, ""Vitamin B-7"": 40.952825, ""Total lipid (fat)"": 121.58825999999999}","{""Calcium, Ca"": [1000.0, 2500.0], ""Copper, Cu"": [0.9, 10.0], ""Iron, Fe"": [18.0, 45.0], ""Magnesium, Mg"": [310.0, 660.0], ""Manganese, Mn"": [1.8, 11.0], ""Phosphorus, P"": [700.0, 4000.0], ""Sodium, Na"": [1500.0, 2300.0], ""Potassium, K"": [4700.0, 10000.0], ""Zinc, Zn"": [8.0, 40.0], ""Carbohydrate, by difference"": [170.0, 300.0], ""Fiber, total dietary"": [20.0, 9999.0], ""Protein"": [40.0, 100.0], ""Energy"": [2000.0, 2400.0], ""Vitamin A"": [700.0, 3000.0], ""Vitamin B-6"": [1.3, 100.0], ""Vitamin B-12"": [2.4, 10000.0], ""Vitamin C, total ascorbic acid"": [75.0, 2000.0], ""Vitamin D"": [600.0, 4000.0], ""Vitamin E (alpha-tocopherol)"": [15.0, 1000.0], ""Thiamin"": [1.1, 10000.0], ""Riboflavin"": [1.1, 10000.0], ""Niacin"": [14.0, 35.0], ""Pantothenic acid"": [5.0, 10000.0], ""Vitamin B-9 Folic acid"": [400.0, 1000.0], ""Vitamin B-7"": [30.0, 10000.0], ""Total lipid (fat)"": [40.0, 120.0]}"
SPEA2,1,with_diversity,18,106.4,30.72,489.0,0.850234,0.850234,11,"[70, 11, 86, 90]","[399, 218, 257, 271, 404, 273, 105, 401, 283, 248, 161, 245, 147, 266]","[70, 11, 86, 90, 399, 218, 257, 271, 404, 273, 105, 401, 283, 248, 161, 245, 147, 266]","{""Calcium, Ca"": 1141.13418, ""Copper, Cu"": 1.4029109999999998, ""Iron, Fe"": 23.551423999999997, ""Magnesium, Mg"": 433.58891, ""Manganese, Mn"": 2.6105353, ""Phosphorus, P"": 826.77194, ""Sodium, Na"": 2589.2410400000003, ""Potassium, K"": 5057.4174, ""Zinc, Zn"": 8.5627019, ""Carbohydrate, by difference"": 344.85684999999995, ""Fiber, total dietary"": 53.563103000000005, ""Protein"": 72.671676, ""Energy"": 2754.68213, ""Vitamin A"": 79.26931069999999, ""Vitamin B-6"": 2.4548346, ""Vitamin B-12"": 36.0050744, ""Vitamin C, total ascorbic acid"": 224.088682, ""Vitamin D"": 0.0665935, ""Vitamin E (alpha-tocopherol)"": 45.79892, ""Thiamin"": 10.209347, ""Riboflavin"": 6.222455299999999, ""Niacin"": 14.2912392, ""Pantothenic acid"": 47.824164800000005, ""Vitamin B-9 Folic acid"": 596.0642899999999, ""Vitamin B-7"": 16.076438, ""Total lipid (fat)"": 135.68805820000003}","{""Calcium, Ca"": [1000.0, 2500.0], ""Copper, Cu"": [0.9, 10.0], ""Iron, Fe"": [18.0, 45.0], ""Magnesium, Mg"": [310.0, 660.0], ""Manganese, Mn"": [1.8, 11.0], ""Phosphorus, P"": [700.0, 4000.0], ""Sodium, Na"": [1500.0, 2300.0], ""Potassium, K"": [4700.0, 10000.0], ""Zinc, Zn"": [8.0, 40.0], ""Carbohydrate, by difference"": [170.0, 300.0], ""Fiber, total dietary"": [20.0, 9999.0], ""Protein"": [40.0, 100.0], ""Energy"": [2000.0, 2400.0], ""Vitamin A"": [700.0, 3000.0], ""Vitamin B-6"": [1.3, 100.0], ""Vitamin B-12"": [2.4, 10000.0], ""Vitamin C, total ascorbic acid"": [75.0, 2000.0], ""Vitamin D"": [600.0, 4000.0], ""Vitamin E (alpha-tocopherol)"": [15.0, 1000.0], ""Thiamin"": [1.1, 10000.0], ""Riboflavin"": [1.1, 10000.0], ""Niacin"": [14.0, 35.0], ""Pantothenic acid"": [5.0, 10000.0], ""Vitamin B-9 Folic acid"": [400.0, 1000.0], ""Vitamin B-7"": [30.0, 10000.0], ""Total lipid (fat)"": [40.0, 120.0]}"
SPEA2,1,with_diversity,19,92.0,23.49,720.0,0.64917,0.64917,13,"[88, 67, 6, 54, 24, 90]","[248, 404, 310, 395, 361, 376, 384, 282, 252, 179, 312, 141, 319]","[88, 67, 6, 54, 24, 90, 248, 404, 310, 395, 361, 376, 384, 282, 252, 179, 312, 141, 319]","{""Calcium, Ca"": 1508.0727999999997, ""Copper, Cu"": 1.862358, ""Iron, Fe"": 25.361659, ""Magnesium, Mg"": 668.8626999999999, ""Manganese, Mn"": 3.8742197999999997, ""Phosphorus, P"": 1763.069, ""Sodium, Na"": 2591.2793, ""Potassium, K"": 7290.229700000001, ""Zinc, Zn"": 10.936718899999999, ""Carbohydrate, by difference"": 329.8141, ""Fiber, total dietary"": 40.808187000000004, ""Protein"": 107.14542999999999, ""Energy"": 2725.9286000000006, ""Vitamin A"": 1469.6574699999999, ""Vitamin B-6"": 5.113435, ""Vitamin B-12"": 15.5263455, ""Vitamin C, total ascorbic acid"": 688.9901879999999, ""Vitamin D"": 0.9795197, ""Vitamin E (alpha-tocopherol)"": 47.5197535, ""Thiamin"": 7.611846900000001, ""Riboflavin"": 5.424046099999999, ""Niacin"": 29.315900000000006, ""Pantothenic acid"": 42.700250999999994, ""Vitamin B-9 Folic acid"": 562.2732100000001, ""Vitamin B-7"": 27.757401, ""Total lipid (fat)"": 135.96883000000003}","{""Calcium, Ca"": [1000.0, 2500.0], ""Copper, Cu"": [0.9, 10.0], ""Iron, Fe"": [18.0, 45.0], ""Magnesium, Mg"": [310.0, 660.0], ""Manganese, Mn"": [1.8, 11.0], ""Phosphorus, P"": [700.0, 4000.0], ""Sodium, Na"": [1500.0, 2300.0], ""Potassium, K"": [4700.0, 10000.0], ""Zinc, Zn"": [8.0, 40.0], ""Carbohydrate, by difference"": [170.0, 300.0], ""Fiber, total dietary"": [20.0, 9999.0], ""Protein"": [40.0, 100.0], ""Energy"": [2000.0, 2400.0], ""Vitamin A"": [700.0, 3000.0], ""Vitamin B-6"": [1.3, 100.0], ""Vitamin B-12"": [2.4, 10000.0], ""Vitamin C, total ascorbic acid"": [75.0, 2000.0], ""Vitamin D"": [600.0, 4000.0], ""Vitamin E (alpha-tocopherol)"": [15.0, 1000.0], ""Thiamin"": [1.1, 10000.0], ""Riboflavin"": [1.1, 10000.0], ""Niacin"": [14.0, 35.0], ""Pantothenic acid"": [5.0, 10000.0], ""Vitamin B-9 Folic acid"": [400.0, 1000.0], ""Vitamin B-7"": [30.0, 10000.0], ""Total lipid (fat)"": [40.0, 120.0]}"
SPEA2,1,with_diversity,20,93.4,25.25,560.0,0.627681,0.627681,10,"[48, 39, 17, 13]","[248, 96, 131, 197, 167, 402, 344, 108, 285, 286, 161, 245]","[48, 39, 17, 13, 248, 96, 131, 197, 167, 402, 344, 108, 285, 286, 161, 245]","{""Calcium, Ca"": 1282.58133, ""Copper, Cu"": 2.2707556, ""Iron, Fe"": 21.977824000000002, ""Magnesium, Mg"": 484.3035, ""Manganese, Mn"": 4.6189982, ""Phosphorus, P"": 1884.2044999999998, ""Sodium, Na"": 2569.7392, ""Potassium, K"": 6847.2062, ""Zinc, Zn"": 14.419481000000001, ""Carbohydrate, by difference"": 339.53512000000006, ""Fiber, total dietary"": 58.97735700000001, ""Protein"": 88.77078, ""Energy"": 2750.9656, ""Vitamin A"": 802.3508800000001, ""Vitamin B-6"": 3.9727021000000002, ""Vitamin B-12"": 7.137184, ""Vitamin C, total ascorbic acid"": 332.716772, ""Vitamin D"": 0.2558739, ""Vitamin E (alpha-tocopherol)"": 51.47512999999999, ""Thiamin"": 12.7427215, ""Riboflavin"": 3.5615508, ""Niacin"": 22.193268, ""Pantothenic acid"": 27.462292300000005, ""Vitamin B-9 Folic acid"": 520.70582, ""Vitamin B-7"": 23.959031999999997, ""Total lipid (fat)"": 132.84491}","{""Calcium, Ca"": [1000.0, 2500.0], ""Copper, Cu"": [0.9, 10.0], ""Iron, Fe"": [18.0, 45.0], ""Magnesium, Mg"": [310.0, 660.0], ""Manganese, Mn"": [1.8, 11.0], ""Phosphorus, P"": [700.0, 4000.0], ""Sodium, Na"": [1500.0, 2300.0], ""Potassium, K"": [4700.0, 10000.0], ""Zinc, Zn"": [8.0, 40.0], ""Carbohydrate, by difference"": [170.0, 300.0], ""Fiber, total dietary"": [20.0, 9999.0], ""Protein"": [40.0, 100.0], ""Energy"": [2000.0, 2400.0], ""Vitamin A"": [700.0, 3000.0], ""Vitamin B-6"": [1.3, 100.0], ""Vitamin B-12"": [2.4, 10000.0], ""Vitamin C, total ascorbic acid"": [75.0, 2000.0], ""Vitamin D"": [600.0, 4000.0], ""Vitamin E (alpha-tocopherol)"": [15.0, 1000.0], ""Thiamin"": [1.1, 10000.0], ""Riboflavin"": [1.1, 10000.0], ""Niacin"": [14.0, 35.0], ""Pantothenic acid"": [5.0, 10000.0], ""Vitamin B-9 Folic acid"": [400.0, 1000.0], ""Vitamin B-7"": [30.0, 10000.0], ""Total lipid (fat)"": [40.0, 120.0]}"
SPEA2,1,with_diversity,21,80.5,18.36,345.0,0.868343,0.868343,7,"[74, 36, 6, 93, 48]","[399, 218, 257, 271, 404, 273, 336]","[74, 36, 6, 93, 48, 399, 218, 257, 271, 404, 273, 336]","{""Calcium, Ca"": 1550.4153000000003, ""Copper, Cu"": 0.7536457999999999, ""Iron, Fe"": 16.484907, ""Magnesium, Mg"": 415.54185, ""Manganese, Mn"": 1.5258701000000001, ""Phosphorus, P"": 841.8654999999999, ""Sodium, Na"": 1780.1563, ""Potassium, K"": 2963.2178, ""Zinc, Zn"": 7.5032009, ""Carbohydrate, by difference"": 155.44929000000002, ""Fiber, total dietary"": 19.810801, ""Protein"": 60.750150000000005, ""Energy"": 2066.6361, ""Vitamin A"": 388.4454839, ""Vitamin B-6"": 1.4375409, ""Vitamin B-12"": 27.248304400000002, ""Vitamin C, total ascorbic acid"": 115.96804, ""Vitamin D"": 0.8747934999999999, ""Vitamin E (alpha-tocopherol)"": 39.615790000000004, ""Thiamin"": 9.6486132, ""Riboflavin"": 5.6181951, ""Niacin"": 8.255138, ""Pantothenic acid"": 40.1414378, ""Vitamin B-9 Folic acid"": 510.9433700000001, ""Vitamin B-7"": 11.894026999999998, ""Total lipid (fat)"": 137.97143}","{""Calcium, Ca"": [1000.0, 2500.0], ""Copper, Cu"": [0.9, 10.0], ""Iron, Fe"": [18.0, 45.0], ""Magnesium, Mg"": [310.0, 660.0], ""Manganese, Mn"": [1.8, 11.0], ""Phosphorus, P"": [700.0, 4000.0], ""Sodium, Na"": [1500.0, 2300.0], ""Potassium, K"": [4700.0, 10000.0], ""Zinc, Zn"": [8.0, 40.0], ""Carbohydrate, by difference"": [170.0, 300.0], ""Fiber, total dietary"": [20.0, 9999.0], ""Protein"": [40.0, 100.0], ""Energy"": [2000.0, 2400.0], ""Vitamin A"": [700.0, 3000.0], ""Vitamin B-6"": [1.3, 100.0], ""Vitamin B-12"": [2.4, 10000.0], ""Vitamin C, total ascorbic acid"": [75.0, 2000.0], ""Vitamin D"": [600.0, 4000.0], ""Vitamin E (alpha-tocopherol)"": [15.0, 1000.0], ""Thiamin"": [1.1, 10000.0], ""Riboflavin"": [1.1, 10000.0], ""Niacin"": [14.0, 35.0], ""Pantothenic acid"": [5.0, 10000.0], ""Vitamin B-9 Folic acid"": [400.0, 1000.0], ""Vitamin B-7"": [30.0, 10000.0], ""Total lipid (fat)"": [40.0, 120.0]}"
SPEA2,1,with_diversity,22,102.7,30.12,377.0,0.963953,0.963953,11,"[27, 77, 94, 79]","[218, 257, 271, 404, 273, 105, 401, 283, 248, 285, 161, 336]","[27, 77, 94, 79, 218, 257, 271, 404, 273, 105, 401, 283, 248, 285, 161, 336]","{""Calcium, Ca"": 998.0767999999999, ""Copper, Cu"": 1.1319268, ""Iron, Fe"": 17.516308000000002, ""Magnesium, Mg"": 331.42134999999996, ""Manganese, Mn"": 1.6564021, ""Phosphorus, P"": 609.4448000000001, ""Sodium, Na"": 1893.2890399999999, ""Potassium, K"": 3191.1972, ""Zinc, Zn"": 7.1959809, ""Carbohydrate, by difference"": 325.02001, ""Fiber, total dietary"": 36.69784100000001, ""Protein"": 72.05652, ""Energy"": 2756.077, ""Vitamin A"": 635.2240268, ""Vitamin B-6"": 1.8129966000000002, ""Vitamin B-12"": 27.156344400000002, ""Vitamin C, total ascorbic acid"": 161.72253999999998, ""Vitamin D"": 0.2265935, ""Vitamin E (alpha-tocopherol)"": 33.60418, ""Thiamin"": 8.863337, ""Riboflavin"": 4.762888599999999, ""Niacin"": 10.670209000000002, ""Pantothenic acid"": 36.0068448, ""Vitamin B-9 Folic acid"": 350.41848, ""Vitamin B-7"": 10.077251, ""Total lipid (fat)"": 137.40969800000002}","{""Calcium, Ca"": [1000.0, 2500.0], ""Copper, Cu"": [0.9, 10.0], ""Iron, Fe"": [18.0, 45.0], ""Magnesium, Mg"": [310.0, 660.0], ""Manganese, Mn"": [1.8, 11.0], ""Phosphorus, P"": [700.0, 4000.0], ""Sodium, Na"": [1500.0, 2300.0], ""Potassium, K"": [4700.0, 10000.0], ""Zinc, Zn"": [8.0, 40.0], ""Carbohydrate, by difference"": [170.0, 300.0], ""Fiber, total dietary"": [20.0, 9999.0], ""Protein"": [40.0, 100.0], ""Energy"": [2000.0, 2400.0], ""Vitamin A"": [700.0, 3000.0], ""Vitamin B-6"": [1.3, 100.0], ""Vitamin B-12"": [2.4, 10000.0], ""Vitamin C, total ascorbic acid"": [75.0, 2000.0], ""Vitamin D"": [600.0, 4000.0], ""Vitamin E (alpha-tocopherol)"": [15.0, 1000.0], ""Thiamin"": [1.1, 10000.0], ""Riboflavin"": [1.1, 10000.0], ""Niacin"": [14.0, 35.0], ""Pantothenic acid"": [5.0, 10000.0], ""Vitamin B-9 Folic acid"": [400.0, 1000.0], ""Vitamin B-7"": [30.0, 10000.0], ""Total lipid (fat)"": [40.0, 120.0]}"
SPEA2,1,with_diversity,23,98.7,24.52,590.0,0.676713,0.676713,11,"[48, 39, 17, 13]","[248, 96, 131, 197, 167, 402, 344, 108, 285, 162, 161, 336, 266]","[48, 39, 17, 13, 248, 96, 131, 197, 167, 402, 344, 108, 285, 162, 161, 336, 266]","{""Calcium, Ca"": 1149.55146, ""Copper, Cu"": 2.3538618000000002, ""Iron, Fe"": 21.438943, ""Magnesium, Mg"": 470.38462, ""Manganese, Mn"": 4.9485234, ""Phosphorus, P"": 1894.50484, ""Sodium, Na"": 2637.6752000000006, ""Potassium, K"": 6218.8671, ""Zinc, Zn"": 14.655426000000002, ""Carbohydrate, by difference"": 329.95753, ""Fiber, total dietary"": 54.37084900000001, ""Protein"": 91.269162, ""Energy"": 2753.97863, ""Vitamin A"": 618.75088, ""Vitamin B-6"": 3.7776686, ""Vitamin B-12"": 7.137184, ""Vitamin C, total ascorbic acid"": 197.81677399999995, ""Vitamin D"": 0.2558739, ""Vitamin E (alpha-tocopherol)"": 53.77414999999999, ""Thiamin"": 12.5710679, ""Riboflavin"": 3.5058040999999993, ""Niacin"": 22.5761882, ""Pantothenic acid"": 26.923398300000006, ""Vitamin B-9 Folic acid"": 457.13190000000003, ""Vitamin B-7"": 24.30973, ""Total lipid (fat)"": 137.8303502}","{""Calcium, Ca"": [1000.0, 2500.0], ""Copper, Cu"": [0.9, 10.0], ""Iron, Fe"": [18.0, 45.0], ""Magnesium, Mg"": [310.0, 660.0], ""Manganese, Mn"": [1.8, 11.0], ""Phosphorus, P"": [700.0, 4000.0], ""Sodium, Na"": [1500.0, 2300.0], ""Potassium, K"": [4700.0, 10000.0], ""Zinc, Zn"": [8.0, 40.0], ""Carbohydrate, by difference"": [170.0, 300.0], ""Fiber, total dietary"": [20.0, 9999.0], ""Protein"": [40.0, 100.0], ""Energy"": [2000.0, 2400.0], ""Vitamin A"": [700.0, 3000.0], ""Vitamin B-6"": [1.3, 100.0], ""Vitamin B-12"": [2.4, 10000.0], ""Vitamin C, total ascorbic acid"": [75.0, 2000.0], ""Vitamin D"": [600.0, 4000.0], ""Vitamin E (alpha-tocopherol)"": [15.0, 1000.0], ""Thiamin"": [1.1, 10000.0], ""Riboflavin"": [1.1, 10000.0], ""Niacin"": [14.0, 35.0], ""Pantothenic acid"": [5.0, 10000.0], ""Vitamin B-9 Folic acid"": [400.0, 1000.0], ""Vitamin B-7"": [30.0, 10000.0], ""Total lipid (fat)"": [40.0, 120.0]}"
SPEA2,1,with_diversity,24,91.0,32.37,335.0,0.751902,0.751902,10,"[44, 91, 31, 22, 27]","[399, 218, 257, 271, 404, 105, 285, 161, 245, 266]","[44, 91, 31, 22, 27, 399, 218, 257, 271, 404, 105, 285, 161, 245, 266]","{""Calcium, Ca"": 967.8074899999999, ""Copper, Cu"": 1.0669959, ""Iron, Fe"": 18.5885498, ""Magnesium, Mg"": 328.93987, ""Manganese, Mn"": 1.3747127, ""Phosphorus, P"": 485.40754, ""Sodium, Na"": 1713.8630399999997, ""Potassium, K"": 3126.5693, ""Zinc, Zn"": 5.915787900000001, ""Carbohydrate, by difference"": 293.29496, ""Fiber, total dietary"": 32.97199, ""Protein"": 61.842142, ""Energy"": 2496.7290300000004, ""Vitamin A"": 1255.8319838999998, ""Vitamin B-6"": 1.0803236, ""Vitamin B-12"": 18.3757297, ""Vitamin C, total ascorbic acid"": 168.044712, ""Vitamin D"": 0.0937935, ""Vitamin E (alpha-tocopherol)"": 31.402150000000002, ""Thiamin"": 6.677440000000001, ""Riboflavin"": 3.1932058999999997, ""Niacin"": 9.8403132, ""Pantothenic acid"": 22.1252366, ""Vitamin B-9 Folic acid"": 403.43809000000005, ""Vitamin B-7"": 3.842187, ""Total lipid (fat)"": 137.9971182}","{""Calcium, Ca"": [1000.0, 2500.0], ""Copper, Cu"": [0.9, 10.0], ""Iron, Fe"": [18.0, 45.0], ""Magnesium, Mg"": [310.0, 660.0], ""Manganese, Mn"": [1.8, 11.0], ""Phosphorus, P"": [700.0, 4000.0], ""Sodium, Na"": [1500.0, 2300.0], ""Potassium, K"": [4700.0, 10000.0], ""Zinc, Zn"": [8.0, 40.0], ""Carbohydrate, by difference"": [170.0, 300.0], ""Fiber, total dietary"": [20.0, 9999.0], ""Protein"": [40.0, 100.0], ""Energy"": [2000.0, 2400.0], ""Vitamin A"": [700.0, 3000.0], ""Vitamin B-6"": [1.3, 100.0], ""Vitamin B-12"": [2.4, 10000.0], ""Vitamin C, total ascorbic acid"": [75.0, 2000.0], ""Vitamin D"": [600.0, 4000.0], ""Vitamin E (alpha-tocopherol)"": [15.0, 1000.0], ""Thiamin"": [1.1, 10000.0], ""Riboflavin"": [1.1, 10000.0], ""Niacin"": [14.0, 35.0], ""Pantothenic acid"": [5.0, 10000.0], ""Vitamin B-9 Folic acid"": [400.0, 1000.0], ""Vitamin B-7"": [30.0, 10000.0], ""Total lipid (fat)"": [40.0, 120.0]}"
SPEA2,1,with_diversity,25,59.9,32.67,160.0,1.068982,1.068982,8,"[65, 91]","[162, 218, 169, 105, 250, 161, 286, 252, 245, 251, 336, 266]","[65, 91, 162, 218, 169, 105, 250, 161, 286, 252, 245, 251, 336, 266]","{""Calcium, Ca"": 651.0094799999999, ""Copper, Cu"": 1.2280162, ""Iron, Fe"": 13.905047799999998, ""Magnesium, Mg"": 288.72851999999995, ""Manganese, Mn"": 2.0500832, ""Phosphorus, P"": 742.94144, ""Sodium, Na"": 1803.9333399999998, ""Potassium, K"": 4351.2639, ""Zinc, Zn"": 7.590176, ""Carbohydrate, by difference"": 337.85248, ""Fiber, total dietary"": 41.806192, ""Protein"": 58.951302, ""Energy"": 2662.5750300000004, ""Vitamin A"": 1080.76153, ""Vitamin B-6"": 1.5116113, ""Vitamin B-12"": 1.77318, ""Vitamin C, total ascorbic acid"": 273.936442, ""Vitamin D"": 2.793024, ""Vitamin E (alpha-tocopherol)"": 16.993589999999998, ""Thiamin"": 2.9967232000000004, ""Riboflavin"": 0.8121927999999999, ""Niacin"": 12.7236212, ""Pantothenic acid"": 3.668799, ""Vitamin B-9 Folic acid"": 242.37019000000004, ""Vitamin B-7"": 5.207589, ""Total lipid (fat)"": 137.8145082}","{""Calcium, Ca"": [1000.0, 2500.0], ""Copper, Cu"": [0.9, 10.0], ""Iron, Fe"": [18.0, 45.0], ""Magnesium, Mg"": [310.0, 660.0], ""Manganese, Mn"": [1.8, 11.0], ""Phosphorus, P"": [700.0, 4000.0], ""Sodium, Na"": [1500.0, 2300.0], ""Potassium, K"": [4700.0, 10000.0], ""Zinc, Zn"": [8.0, 40.0], ""Carbohydrate, by difference"": [170.0, 300.0], ""Fiber, total dietary"": [20.0, 9999.0], ""Protein"": [40.0, 100.0], ""Energy"": [2000.0, 2400.0], ""Vitamin A"": [700.0, 3000.0], ""Vitamin B-6"": [1.3, 100.0], ""Vitamin B-12"": [2.4, 10000.0], ""Vitamin C, total ascorbic acid"": [75.0, 2000.0], ""Vitamin D"": [600.0, 4000.0], ""Vitamin E (alpha-tocopherol)"": [15.0, 1000.0], ""Thiamin"": [1.1, 10000.0], ""Riboflavin"": [1.1, 10000.0], ""Niacin"": [14.0, 35.0], ""Pantothenic acid"": [5.0, 10000.0], ""Vitamin B-9 Folic acid"": [400.0, 1000.0], ""Vitamin B-7"": [30.0, 10000.0], ""Total lipid (fat)"": [40.0, 120.0]}"
SPEA2,1,with_diversity,26,55.4,13.14,425.0,1.031866,1.031866,8,"[65, 77]","[172, 117, 346, 374, 294, 158, 113, 245]","[65, 77, 172, 117, 346, 374, 294, 158, 113, 245]","{""Calcium, Ca"": 458.5352, ""Copper, Cu"": 1.6260551, ""Iron, Fe"": 17.05267, ""Magnesium, Mg"": 363.93330000000003, ""Manganese, Mn"": 7.567889999999999, ""Phosphorus, P"": 1212.0667667000002, ""Sodium, Na"": 1919.1937399999997, ""Potassium, K"": 3405.5594999999994, ""Zinc, Zn"": 13.3618375, ""Carbohydrate, by difference"": 245.53839999999997, ""Fiber, total dietary"": 46.515666, ""Protein"": 56.021339999999995, ""Energy"": 2288.7715000000003, ""Vitamin A"": 325.75615000000005, ""Vitamin B-6"": 2.6692956000000003, ""Vitamin B-12"": 0.5834908, ""Vitamin C, total ascorbic acid"": 64.738348, ""Vitamin D"": 2.9825327, ""Vitamin E (alpha-tocopherol)"": 38.95588, ""Thiamin"": 4.0932277, ""Riboflavin"": 0.9047157000000001, ""Niacin"": 9.344857000000001, ""Pantothenic acid"": 90.80349800000002, ""Vitamin B-9 Folic acid"": 297.39038, ""Vitamin B-7"": 20.647464999999997, ""Total lipid (fat)"": 137.981578}","{""Calcium, Ca"": [1000.0, 2500.0], ""Copper, Cu"": [0.9, 10.0], ""Iron, Fe"": [18.0, 45.0], ""Magnesium, Mg"": [310.0, 660.0], ""Manganese, Mn"": [1.8, 11.0], ""Phosphorus, P"": [700.0, 4000.0], ""Sodium, Na"": [1500.0, 2300.0], ""Potassium, K"": [4700.0, 10000.0], ""Zinc, Zn"": [8.0, 40.0], ""Carbohydrate, by difference"": [170.0, 300.0], ""Fiber, total dietary"": [20.0, 9999.0], ""Protein"": [40.0, 100.0], ""Energy"": [2000.0, 2400.0], ""Vitamin A"": [700.0, 3000.0], ""Vitamin B-6"": [1.3, 100.0], ""Vitamin B-12"": [2.4, 10000.0], ""Vitamin C, total ascorbic acid"": [75.0, 2000.0], ""Vitamin D"": [600.0, 4000.0], ""Vitamin E (alpha-tocopherol)"": [15.0, 1000.0], ""Thiamin"": [1.1, 10000.0], ""Riboflavin"": [1.1, 10000.0], ""Niacin"": [14.0, 35.0], ""Pantothenic acid"": [5.0, 10000.0], ""Vitamin B-9 Folic acid"": [400.0, 1000.0], ""Vitamin B-7"": [30.0, 10000.0], ""Total lipid (fat)"": [40.0, 120.0]}"
SPEA2,1,with_diversity,27,30.2,11.49,225.0,2.734386,2.734386,7,"[26, 92, 63, 39]","[252, 339, 113, 286]","[26, 92, 63, 39, 252, 339, 113, 286]","{""Calcium, Ca"": 526.0576, ""Copper, Cu"": 1.0397201, ""Iron, Fe"": 8.30034, ""Magnesium, Mg"": 151.0763, ""Manganese, Mn"": 6.628019999999999, ""Phosphorus, P"": 460.68696669999997, ""Sodium, Na"": 805.3851400000001, ""Potassium, K"": 2419.2290000000003, ""Zinc, Zn"": 3.0776735000000004, ""Carbohydrate, by difference"": 344.318251, ""Fiber, total dietary"": 31.1334, ""Protein"": 38.91614, ""Energy"": 2626.9796200000005, ""Vitamin A"": 1222.9597999999999, ""Vitamin B-6"": 0.8792468, ""Vitamin B-12"": 3.72536, ""Vitamin C, total ascorbic acid"": 186.43583999999998, ""Vitamin D"": 3.13044, ""Vitamin E (alpha-tocopherol)"": 14.86448, ""Thiamin"": 3.0002268, ""Riboflavin"": 1.7766335, ""Niacin"": 11.264841, ""Pantothenic acid"": 15.519127, ""Vitamin B-9 Folic acid"": 134.55041, ""Vitamin B-7"": 8.283861, ""Total lipid (fat)"": 136.780278}","{""Calcium, Ca"": [1000.0, 2500.0], ""Copper, Cu"": [0.9, 10.0], ""Iron, Fe"": [18.0, 45.0], ""Magnesium, Mg"": [310.0, 660.0], ""Manganese, Mn"": [1.8, 11.0], ""Phosphorus, P"": [700.0, 4000.0], ""Sodium, Na"": [1500.0, 2300.0], ""Potassium, K"": [4700.0, 10000.0], ""Zinc, Zn"": [8.0, 40.0], ""Carbohydrate, by difference"": [170.0, 300.0], ""Fiber, total dietary"": [20.0, 9999.0], ""Protein"": [40.0, 100.0], ""Energy"": [2000.0, 2400.0], ""Vitamin A"": [700.0, 3000.0], ""Vitamin B-6"": [1.3, 100.0], ""Vitamin B-12"": [2.4, 10000.0], ""Vitamin C, total ascorbic acid"": [75.0, 2000.0], ""Vitamin D"": [600.0, 4000.0], ""Vitamin E (alpha-tocopherol)"": [15.0, 1000.0], ""Thiamin"": [1.1, 10000.0], ""Riboflavin"": [1.1, 10000.0], ""Niacin"": [14.0, 35.0], ""Pantothenic acid"": [5.0, 10000.0], ""Vitamin B-9 Folic acid"": [400.0, 1000.0], ""Vitamin B-7"": [30.0, 10000.0], ""Total lipid (fat)"": [40.0, 120.0]}"
SPEA2,1,with_diversity,28,115.6,41.56,420.0,0.573863,0.573863,11,"[44, 91, 31, 22, 6]","[399, 218, 257, 271, 404, 273, 105, 248, 285, 161, 245, 376, 251, 336, 266]","[44, 91, 31, 22, 6, 399, 218, 257, 271, 404, 273, 105, 248, 285, 161, 245, 376, 251, 336, 266]","{""Calcium, Ca"": 1213.12989, ""Copper, Cu"": 1.5326000000000002, ""Iron, Fe"": 20.4562768, ""Magnesium, Mg"": 433.59917, ""Manganese, Mn"": 1.7807703000000001, ""Phosphorus, P"": 673.08074, ""Sodium, Na"": 2231.1900400000004, ""Potassium, K"": 4524.2714, ""Zinc, Zn"": 7.774142899999999, ""Carbohydrate, by difference"": 341.27431, ""Fiber, total dietary"": 40.537093, ""Protein"": 66.90199199999998, ""Energy"": 2675.2220300000004, ""Vitamin A"": 1451.1832838999999, ""Vitamin B-6"": 1.9647277, ""Vitamin B-12"": 18.4592644, ""Vitamin C, total ascorbic acid"": 231.29884199999998, ""Vitamin D"": 0.8119934999999999, ""Vitamin E (alpha-tocopherol)"": 36.817330000000005, ""Thiamin"": 10.11746, ""Riboflavin"": 3.5258752999999996, ""Niacin"": 12.640019200000003, ""Pantothenic acid"": 24.0900448, ""Vitamin B-9 Folic acid"": 448.96289, ""Vitamin B-7"": 8.924208, ""Total lipid (fat)"": 137.78665819999995}","{""Calcium, Ca"": [1000.0, 2500.0], ""Copper, Cu"": [0.9, 10.0], ""Iron, Fe"": [18.0, 45.0], ""Magnesium, Mg"": [310.0, 660.0], ""Manganese, Mn"": [1.8, 11.0], ""Phosphorus, P"": [700.0, 4000.0], ""Sodium, Na"": [1500.0, 2300.0], ""Potassium, K"": [4700.0, 10000.0], ""Zinc, Zn"": [8.0, 40.0], ""Carbohydrate, by difference"": [170.0, 300.0], ""Fiber, total dietary"": [20.0, 9999.0], ""Protein"": [40.0, 100.0], ""Energy"": [2000.0, 2400.0], ""Vitamin A"": [700.0, 3000.0], ""Vitamin B-6"": [1.3, 100.0], ""Vitamin B-12"": [2.4, 10000.0], ""Vitamin C, total ascorbic acid"": [75.0, 2000.0], ""Vitamin D"": [600.0, 4000.0], ""Vitamin E (alpha-tocopherol)"": [15.0, 1000.0], ""Thiamin"": [1.1, 10000.0], ""Riboflavin"": [1.1, 10000.0], ""Niacin"": [14.0, 35.0], ""Pantothenic acid"": [5.0, 10000.0], ""Vitamin B-9 Folic acid"": [400.0, 1000.0], ""Vitamin B-7"": [30.0, 10000.0], ""Total lipid (fat)"": [40.0, 120.0]}"
SPEA2,1,with_diversity,29,70.6,29.45,230.0,0.64583,0.64583,9,"[85, 81, 39, 44, 74, 22]","[218, 257, 156, 105, 161, 245, 336]","[85, 81, 39, 44, 74, 22, 218, 257, 156, 105, 161, 245, 336]","{""Calcium, Ca"": 898.8015, ""Copper, Cu"": 2.034499, ""Iron, Fe"": 21.915000999999997, ""Magnesium, Mg"": 391.2695, ""Manganese, Mn"": 1.654382, ""Phosphorus, P"": 1428.1363, ""Sodium, Na"": 2066.6670400000003, ""Potassium, K"": 4605.4786, ""Zinc, Zn"": 17.983791, ""Carbohydrate, by difference"": 304.19176999999996, ""Fiber, total dietary"": 28.89503, ""Protein"": 106.67756000000001, ""Energy"": 2756.5295, ""Vitamin A"": 1731.3832499999999, ""Vitamin B-6"": 2.7682008000000002, ""Vitamin B-12"": 14.339845, ""Vitamin C, total ascorbic acid"": 203.745, ""Vitamin D"": 0.4227847, ""Vitamin E (alpha-tocopherol)"": 23.640970000000003, ""Thiamin"": 9.5011168, ""Riboflavin"": 3.7138744999999997, ""Niacin"": 27.486641, ""Pantothenic acid"": 24.262059, ""Vitamin B-9 Folic acid"": 336.30220999999995, ""Vitamin B-7"": 10.180018, ""Total lipid (fat)"": 137.449108}","{""Calcium, Ca"": [1000.0, 2500.0], ""Copper, Cu"": [0.9, 10.0], ""Iron, Fe"": [18.0, 45.0], ""Magnesium, Mg"": [310.0, 660.0], ""Manganese, Mn"": [1.8, 11.0], ""Phosphorus, P"": [700.0, 4000.0], ""Sodium, Na"": [1500.0, 2300.0], ""Potassium, K"": [4700.0, 10000.0], ""Zinc, Zn"": [8.0, 40.0], ""Carbohydrate, by difference"": [170.0, 300.0], ""Fiber, total dietary"": [20.0, 9999.0], ""Protein"": [40.0, 100.0], ""Energy"": [2000.0, 2400.0], ""Vitamin A"": [700.0, 3000.0], ""Vitamin B-6"": [1.3, 100.0], ""Vitamin B-12"": [2.4, 10000.0], ""Vitamin C, total ascorbic acid"": [75.0, 2000.0], ""Vitamin D"": [600.0, 4000.0], ""Vitamin E (alpha-tocopherol)"": [15.0, 1000.0], ""Thiamin"": [1.1, 10000.0], ""Riboflavin"": [1.1, 10000.0], ""Niacin"": [14.0, 35.0], ""Pantothenic acid"": [5.0, 10000.0], ""Vitamin B-9 Folic acid"": [400.0, 1000.0], ""Vitamin B-7"": [30.0, 10000.0], ""Total lipid (fat)"": [40.0, 120.0]}"
SPEA2,1,with_diversity,30,86.7,20.13,374.0,0.908294,0.908294,7,"[65, 77]","[257, 271, 404, 273, 105, 283, 248, 161, 245, 336, 266]","[65, 77, 257, 271, 404, 273, 105, 283, 248, 161, 245, 336, 266]","{""Calcium, Ca"": 872.40044, ""Copper, Cu"": 1.390047, ""Iron, Fe"": 16.297798999999998, ""Magnesium, Mg"": 351.29177, ""Manganese, Mn"": 2.0527723, ""Phosphorus, P"": 724.01834, ""Sodium, Na"": 2453.0130400000003, ""Potassium, K"": 2839.2084, ""Zinc, Zn"": 7.9384419, ""Carbohydrate, by difference"": 206.70210999999998, ""Fiber, total dietary"": 29.776982999999998, ""Protein"": 49.452152, ""Energy"": 2096.96203, ""Vitamin A"": 338.1111868000001, ""Vitamin B-6"": 1.6454366, ""Vitamin B-12"": 16.974764399999998, ""Vitamin C, total ascorbic acid"": 118.32378200000001, ""Vitamin D"": 2.9822135000000003, ""Vitamin E (alpha-tocopherol)"": 34.01396, ""Thiamin"": 8.911517, ""Riboflavin"": 3.1434152999999996, ""Niacin"": 11.6302392, ""Pantothenic acid"": 22.3431048, ""Vitamin B-9 Folic acid"": 297.79519, ""Vitamin B-7"": 9.978661, ""Total lipid (fat)"": 137.9821982}","{""Calcium, Ca"": [1000.0, 2500.0], ""Copper, Cu"": [0.9, 10.0], ""Iron, Fe"": [18.0, 45.0], ""Magnesium, Mg"": [310.0, 660.0], ""Manganese, Mn"": [1.8, 11.0], ""Phosphorus, P"": [700.0, 4000.0], ""Sodium, Na"": [1500.0, 2300.0], ""Potassium, K"": [4700.0, 10000.0], ""Zinc, Zn"": [8.0, 40.0], ""Carbohydrate, by difference"": [170.0, 300.0], ""Fiber, total dietary"": [20.0, 9999.0], ""Protein"": [40.0, 100.0], ""Energy"": [2000.0, 2400.0], ""Vitamin A"": [700.0, 3000.0], ""Vitamin B-6"": [1.3, 100.0], ""Vitamin B-12"": [2.4, 10000.0], ""Vitamin C, total ascorbic acid"": [75.0, 2000.0], ""Vitamin D"": [600.0, 4000.0], ""Vitamin E (alpha-tocopherol)"": [15.0, 1000.0], ""Thiamin"": [1.1, 10000.0], ""Riboflavin"": [1.1, 10000.0], ""Niacin"": [14.0, 35.0], ""Pantothenic acid"": [5.0, 10000.0], ""Vitamin B-9 Folic acid"": [400.0, 1000.0], ""Vitamin B-7"": [30.0, 10000.0], ""Total lipid (fat)"": [40.0, 120.0]}"
SPEA2,1,with_diversity,31,34.9,17.91,219.0,0.664853,0.664853,6,"[45, 66]","[113, 300, 297, 210, 248, 361]","[45, 66, 113, 300, 297, 210, 248, 361]","{""Calcium, Ca"": 1217.0257000000001, ""Copper, Cu"": 2.1150159000000004, ""Iron, Fe"": 24.783574, ""Magnesium, Mg"": 507.4381400000001, ""Manganese, Mn"": 4.933814000000001, ""Phosphorus, P"": 2154.0182667, ""Sodium, Na"": 2455.28114, ""Potassium, K"": 4833.197, ""Zinc, Zn"": 22.3792195, ""Carbohydrate, by difference"": 293.22483, ""Fiber, total dietary"": 49.76772, ""Protein"": 113.37186, ""Energy"": 2757.0149999999994, ""Vitamin A"": 383.30766, ""Vitamin B-6"": 3.6797868, ""Vitamin B-12"": 14.397224, ""Vitamin C, total ascorbic acid"": 232.44645, ""Vitamin D"": 1.3198305, ""Vitamin E (alpha-tocopherol)"": 36.402029999999996, ""Thiamin"": 5.065570800000001, ""Riboflavin"": 5.8735254999999995, ""Niacin"": 31.470945999999998, ""Pantothenic acid"": 23.839496999999998, ""Vitamin B-9 Folic acid"": 409.98801000000003, ""Vitamin B-7"": 41.03390099999999, ""Total lipid (fat)"": 133.962498}","{""Calcium, Ca"": [1000.0, 2500.0], ""Copper, Cu"": [0.9, 10.0], ""Iron, Fe"": [18.0, 45.0], ""Magnesium, Mg"": [310.0, 660.0], ""Manganese, Mn"": [1.8, 11.0], ""Phosphorus, P"": [700.0, 4000.0], ""Sodium, Na"": [1500.0, 2300.0], ""Potassium, K"": [4700.0, 10000.0], ""Zinc, Zn"": [8.0, 40.0], ""Carbohydrate, by difference"": [170.0, 300.0], ""Fiber, total dietary"": [20.0, 9999.0], ""Protein"": [40.0, 100.0], ""Energy"": [2000.0, 2400.0], ""Vitamin A"": [700.0, 3000.0], ""Vitamin B-6"": [1.3, 100.0], ""Vitamin B-12"": [2.4, 10000.0], ""Vitamin C, total ascorbic acid"": [75.0, 2000.0], ""Vitamin D"": [600.0, 4000.0], ""Vitamin E (alpha-tocopherol)"": [15.0, 1000.0], ""Thiamin"": [1.1, 10000.0], ""Riboflavin"": [1.1, 10000.0], ""Niacin"": [14.0, 35.0], ""Pantothenic acid"": [5.0, 10000.0], ""Vitamin B-9 Folic acid"": [400.0, 1000.0], ""Vitamin B-7"": [30.0, 10000.0], ""Total lipid (fat)"": [40.0, 120.0]}"
SPEA2,1,with_diversity,32,90.8,20.81,660.0,0.691894,0.691894,11,"[6, 56, 24, 53]","[309, 231, 127, 248, 96, 131, 197, 402, 108, 266, 284]","[6, 56, 24, 53, 309, 231, 127, 248, 96, 131, 197, 402, 108, 266, 284]","{""Calcium, Ca"": 955.5444080000001, ""Copper, Cu"": 2.1315918000000003, ""Iron, Fe"": 15.242717299999997, ""Magnesium, Mg"": 393.91556999999995, ""Manganese, Mn"": 5.5320794, ""Phosphorus, P"": 1810.7394528, ""Sodium, Na"": 2615.8624, ""Potassium, K"": 4793.5345879999995, ""Zinc, Zn"": 15.988274000000002, ""Carbohydrate, by difference"": 229.04716000000002, ""Fiber, total dietary"": 22.720175, ""Protein"": 114.8088353, ""Energy"": 2500.0402300000005, ""Vitamin A"": 259.86619, ""Vitamin B-6"": 4.9483473, ""Vitamin B-12"": 30.774105999999996, ""Vitamin C, total ascorbic acid"": 139.740044, ""Vitamin D"": 0.8701526, ""Vitamin E (alpha-tocopherol)"": 55.580978, ""Thiamin"": 11.195553499999999, ""Riboflavin"": 15.9845045, ""Niacin"": 32.6183082, ""Pantothenic acid"": 100.0345993, ""Vitamin B-9 Folic acid"": 393.25147, ""Vitamin B-7"": 37.097256, ""Total lipid (fat)"": 137.85666020000002}","{""Calcium, Ca"": [1000.0, 2500.0], ""Copper, Cu"": [0.9, 10.0], ""Iron, Fe"": [18.0, 45.0], ""Magnesium, Mg"": [310.0, 660.0], ""Manganese, Mn"": [1.8, 11.0], ""Phosphorus, P"": [700.0, 4000.0], ""Sodium, Na"": [1500.0, 2300.0], ""Potassium, K"": [4700.0, 10000.0], ""Zinc, Zn"": [8.0, 40.0], ""Carbohydrate, by difference"": [170.0, 300.0], ""Fiber, total dietary"": [20.0, 9999.0], ""Protein"": [40.0, 100.0], ""Energy"": [2000.0, 2400.0], ""Vitamin A"": [700.0, 3000.0], ""Vitamin B-6"": [1.3, 100.0], ""Vitamin B-12"": [2.4, 10000.0], ""Vitamin C, total ascorbic acid"": [75.0, 2000.0], ""Vitamin D"": [600.0, 4000.0], ""Vitamin E (alpha-tocopherol)"": [15.0, 1000.0], ""Thiamin"": [1.1, 10000.0], ""Riboflavin"": [1.1, 10000.0], ""Niacin"": [14.0, 35.0], ""Pantothenic acid"": [5.0, 10000.0], ""Vitamin B-9 Folic acid"": [400.0, 1000.0], ""Vitamin B-7"": [30.0, 10000.0], ""Total lipid (fat)"": [40.0, 120.0]}"
SPEA2,1,with_diversity,33,24.3,9.9,389.0,1.064204,1.064204,7,"[45, 66]","[200, 318, 152, 311, 159, 342]","[45, 66, 200, 318, 152, 311, 159, 342]","{""Calcium, Ca"": 553.8443000000001, ""Copper, Cu"": 2.008978, ""Iron, Fe"": 19.308352000000003, ""Magnesium, Mg"": 447.26310000000007, ""Manganese, Mn"": 6.004543999999998, ""Phosphorus, P"": 1624.1402, ""Sodium, Na"": 1987.1804000000002, ""Potassium, K"": 3452.372, ""Zinc, Zn"": 16.577892000000002, ""Carbohydrate, by difference"": 329.0589, ""Fiber, total dietary"": 29.84906, ""Protein"": 78.22328999999999, ""Energy"": 2754.6459999999997, ""Vitamin A"": 267.74617, ""Vitamin B-6"": 3.71398, ""Vitamin B-12"": 10.515066, ""Vitamin C, total ascorbic acid"": 97.43047999999999, ""Vitamin D"": 1.374796, ""Vitamin E (alpha-tocopherol)"": 49.23104000000001, ""Thiamin"": 5.569754, ""Riboflavin"": 4.234642, ""Niacin"": 25.290513999999995, ""Pantothenic acid"": 16.145758, ""Vitamin B-9 Folic acid"": 359.7914, ""Vitamin B-7"": 33.855270000000004, ""Total lipid (fat)"": 135.05653}","{""Calcium, Ca"": [1000.0, 2500.0], ""Copper, Cu"": [0.9, 10.0], ""Iron, Fe"": [18.0, 45.0], ""Magnesium, Mg"": [310.0, 660.0], ""Manganese, Mn"": [1.8, 11.0], ""Phosphorus, P"": [700.0, 4000.0], ""Sodium, Na"": [1500.0, 2300.0], ""Potassium, K"": [4700.0, 10000.0], ""Zinc, Zn"": [8.0, 40.0], ""Carbohydrate, by difference"": [170.0, 300.0], ""Fiber, total dietary"": [20.0, 9999.0], ""Protein"": [40.0, 100.0], ""Energy"": [2000.0, 2400.0], ""Vitamin A"": [700.0, 3000.0], ""Vitamin B-6"": [1.3, 100.0], ""Vitamin B-12"": [2.4, 10000.0], ""Vitamin C, total ascorbic acid"": [75.0, 2000.0], ""Vitamin D"": [600.0, 4000.0], ""Vitamin E (alpha-tocopherol)"": [15.0, 1000.0], ""Thiamin"": [1.1, 10000.0], ""Riboflavin"": [1.1, 10000.0], ""Niacin"": [14.0, 35.0], ""Pantothenic acid"": [5.0, 10000.0], ""Vitamin B-9 Folic acid"": [400.0, 1000.0], ""Vitamin B-7"": [30.0, 10000.0], ""Total lipid (fat)"": [40.0, 120.0]}"
SPEA2,1,with_diversity,34,38.7,12.41,535.0,0.822791,0.822791,9,[33],"[267, 180, 380, 310, 395, 384, 362, 367]","[33, 267, 180, 380, 310, 395, 384, 362, 367]","{""Calcium, Ca"": 1097.4677, ""Copper, Cu"": 1.9600935000000002, ""Iron, Fe"": 23.025431000000005, ""Magnesium, Mg"": 568.1459, ""Manganese, Mn"": 1.6052939, ""Phosphorus, P"": 1839.6529999999998, ""Sodium, Na"": 2629.772, ""Potassium, K"": 4463.975, ""Zinc, Zn"": 11.125314000000001, ""Carbohydrate, by difference"": 292.32647999999995, ""Fiber, total dietary"": 30.873634999999997, ""Protein"": 113.45987, ""Energy"": 2739.3689999999997, ""Vitamin A"": 685.26854, ""Vitamin B-6"": 3.304217, ""Vitamin B-12"": 11.159089000000002, ""Vitamin C, total ascorbic acid"": 120.24643999999999, ""Vitamin D"": 0.7098808, ""Vitamin E (alpha-tocopherol)"": 72.80423, ""Thiamin"": 32.312148, ""Riboflavin"": 5.159499100000001, ""Niacin"": 39.952871, ""Pantothenic acid"": 19.822145, ""Vitamin B-9 Folic acid"": 328.3691, ""Vitamin B-7"": 29.45492, ""Total lipid (fat)"": 133.08883}","{""Calcium, Ca"": [1000.0, 2500.0], ""Copper, Cu"": [0.9, 10.0], ""Iron, Fe"": [18.0, 45.0], ""Magnesium, Mg"": [310.0, 660.0], ""Manganese, Mn"": [1.8, 11.0], ""Phosphorus, P"": [700.0, 4000.0], ""Sodium, Na"": [1500.0, 2300.0], ""Potassium, K"": [4700.0, 10000.0], ""Zinc, Zn"": [8.0, 40.0], ""Carbohydrate, by difference"": [170.0, 300.0], ""Fiber, total dietary"": [20.0, 9999.0], ""Protein"": [40.0, 100.0], ""Energy"": [2000.0, 2400.0], ""Vitamin A"": [700.0, 3000.0], ""Vitamin B-6"": [1.3, 100.0], ""Vitamin B-12"": [2.4, 10000.0], ""Vitamin C, total ascorbic acid"": [75.0, 2000.0], ""Vitamin D"": [600.0, 4000.0], ""Vitamin E (alpha-tocopherol)"": [15.0, 1000.0], ""Thiamin"": [1.1, 10000.0], ""Riboflavin"": [1.1, 10000.0], ""Niacin"": [14.0, 35.0], ""Pantothenic acid"": [5.0, 10000.0], ""Vitamin B-9 Folic acid"": [400.0, 1000.0], ""Vitamin B-7"": [30.0, 10000.0], ""Total lipid (fat)"": [40.0, 120.0]}"
SPEA2,1,with_diversity,35,39.2,13.96,399.0,0.732605,0.732605,8,"[45, 66]","[311, 132, 159, 379, 342, 99, 113, 245]","[45, 66, 311, 132, 159, 379, 342, 99, 113, 245]","{""Calcium, Ca"": 960.4206999999999, ""Copper, Cu"": 1.9490502000000003, ""Iron, Fe"": 21.017371, ""Magnesium, Mg"": 483.3803500000001, ""Manganese, Mn"": 5.3551456, ""Phosphorus, P"": 1867.1269667, ""Sodium, Na"": 2521.83914, ""Potassium, K"": 4559.9447, ""Zinc, Zn"": 17.348034499999997, ""Carbohydrate, by difference"": 317.8174, ""Fiber, total dietary"": 42.96999100000001, ""Protein"": 82.70214600000001, ""Energy"": 2758.0312, ""Vitamin A"": 322.8519, ""Vitamin B-6"": 3.9461976000000005, ""Vitamin B-12"": 10.805005999999999, ""Vitamin C, total ascorbic acid"": 129.04424999999998, ""Vitamin D"": 1.4299401, ""Vitamin E (alpha-tocopherol)"": 49.55181, ""Thiamin"": 7.463218800000001, ""Riboflavin"": 4.8135542000000004, ""Niacin"": 25.301003, ""Pantothenic acid"": 17.380119900000004, ""Vitamin B-9 Folic acid"": 404.05942, ""Vitamin B-7"": 38.97122, ""Total lipid (fat)"": 137.27670799999999}","{""Calcium, Ca"": [1000.0, 2500.0], ""Copper, Cu"": [0.9, 10.0], ""Iron, Fe"": [18.0, 45.0], ""Magnesium, Mg"": [310.0, 660.0], ""Manganese, Mn"": [1.8, 11.0], ""Phosphorus, P"": [700.0, 4000.0], ""Sodium, Na"": [1500.0, 2300.0], ""Potassium, K"": [4700.0, 10000.0], ""Zinc, Zn"": [8.0, 40.0], ""Carbohydrate, by difference"": [170.0, 300.0], ""Fiber, total dietary"": [20.0, 9999.0], ""Protein"": [40.0, 100.0], ""Energy"": [2000.0, 2400.0], ""Vitamin A"": [700.0, 3000.0], ""Vitamin B-6"": [1.3, 100.0], ""Vitamin B-12"": [2.4, 10000.0], ""Vitamin C, total ascorbic acid"": [75.0, 2000.0], ""Vitamin D"": [600.0, 4000.0], ""Vitamin E (alpha-tocopherol)"": [15.0, 1000.0], ""Thiamin"": [1.1, 10000.0], ""Riboflavin"": [1.1, 10000.0], ""Niacin"": [14.0, 35.0], ""Pantothenic acid"": [5.0, 10000.0], ""Vitamin B-9 Folic acid"": [400.0, 1000.0], ""Vitamin B-7"": [30.0, 10000.0], ""Total lipid (fat)"": [40.0, 120.0]}"
SPEA2,1,with_diversity,36,92.9,25.26,407.0,0.952335,0.952335,8,"[36, 24, 11, 74]","[271, 404, 360, 273, 105, 401, 283, 248, 285, 161, 245, 336, 266]","[36, 24, 11, 74, 271, 404, 360, 273, 105, 401, 283, 248, 285, 161, 245, 336, 266]","{""Calcium, Ca"": 896.4515399999999, ""Copper, Cu"": 1.213392, ""Iron, Fe"": 18.830869, ""Magnesium, Mg"": 420.88036999999997, ""Manganese, Mn"": 1.9022782999999999, ""Phosphorus, P"": 702.5898400000001, ""Sodium, Na"": 2536.77304, ""Potassium, K"": 3988.758, ""Zinc, Zn"": 5.4301519, ""Carbohydrate, by difference"": 290.05401000000006, ""Fiber, total dietary"": 51.616363000000014, ""Protein"": 49.565922, ""Energy"": 2557.37453, ""Vitamin A"": 663.5699368, ""Vitamin B-6"": 2.4035706, ""Vitamin B-12"": 36.4290494, ""Vitamin C, total ascorbic acid"": 242.99864199999996, ""Vitamin D"": 0.1202748, ""Vitamin E (alpha-tocopherol)"": 50.789539999999995, ""Thiamin"": 9.313107, ""Riboflavin"": 7.4360963, ""Niacin"": 7.8015092, ""Pantothenic acid"": 60.243582800000006, ""Vitamin B-9 Folic acid"": 282.16409000000004, ""Vitamin B-7"": 15.767664, ""Total lipid (fat)"": 137.9615382}","{""Calcium, Ca"": [1000.0, 2500.0], ""Copper, Cu"": [0.9, 10.0], ""Iron, Fe"": [18.0, 45.0], ""Magnesium, Mg"": [310.0, 660.0], ""Manganese, Mn"": [1.8, 11.0], ""Phosphorus, P"": [700.0, 4000.0], ""Sodium, Na"": [1500.0, 2300.0], ""Potassium, K"": [4700.0, 10000.0], ""Zinc, Zn"": [8.0, 40.0], ""Carbohydrate, by difference"": [170.0, 300.0], ""Fiber, total dietary"": [20.0, 9999.0], ""Protein"": [40.0, 100.0], ""Energy"": [2000.0, 2400.0], ""Vitamin A"": [700.0, 3000.0], ""Vitamin B-6"": [1.3, 100.0], ""Vitamin B-12"": [2.4, 10000.0], ""Vitamin C, total ascorbic acid"": [75.0, 2000.0], ""Vitamin D"": [600.0, 4000.0], ""Vitamin E (alpha-tocopherol)"": [15.0, 1000.0], ""Thiamin"": [1.1, 10000.0], ""Riboflavin"": [1.1, 10000.0], ""Niacin"": [14.0, 35.0], ""Pantothenic acid"": [5.0, 10000.0], ""Vitamin B-9 Folic acid"": [400.0, 1000.0], ""Vitamin B-7"": [30.0, 10000.0], ""Total lipid (fat)"": [40.0, 120.0]}"
SPEA2,1,with_diversity,37,65.6,21.89,235.0,1.440087,1.440087,7,"[77, 27, 31]","[210, 248, 404, 161, 245, 266, 336]","[77, 27, 31, 210, 248, 404, 161, 245, 266, 336]","{""Calcium, Ca"": 513.98724, ""Copper, Cu"": 1.0798315, ""Iron, Fe"": 15.739590999999999, ""Magnesium, Mg"": 272.73042, ""Manganese, Mn"": 0.9293511000000001, ""Phosphorus, P"": 822.6562399999999, ""Sodium, Na"": 2286.016, ""Potassium, K"": 2362.6398999999997, ""Zinc, Zn"": 12.684090900000003, ""Carbohydrate, by difference"": 188.43273, ""Fiber, total dietary"": 12.036014, ""Protein"": 82.806882, ""Energy"": 2165.82303, ""Vitamin A"": 126.23035000000002, ""Vitamin B-6"": 2.187476, ""Vitamin B-12"": 12.657509999999998, ""Vitamin C, total ascorbic acid"": 97.913002, ""Vitamin D"": 0.684554, ""Vitamin E (alpha-tocopherol)"": 17.26809, ""Thiamin"": 3.0118532000000005, ""Riboflavin"": 2.1842106999999995, ""Niacin"": 13.9929332, ""Pantothenic acid"": 13.16986, ""Vitamin B-9 Folic acid"": 110.2174, ""Vitamin B-7"": 10.677988, ""Total lipid (fat)"": 137.8509502}","{""Calcium, Ca"": [1000.0, 2500.0], ""Copper, Cu"": [0.9, 10.0], ""Iron, Fe"": [18.0, 45.0], ""Magnesium, Mg"": [310.0, 660.0], ""Manganese, Mn"": [1.8, 11.0], ""Phosphorus, P"": [700.0, 4000.0], ""Sodium, Na"": [1500.0, 2300.0], ""Potassium, K"": [4700.0, 10000.0], ""Zinc, Zn"": [8.0, 40.0], ""Carbohydrate, by difference"": [170.0, 300.0], ""Fiber, total dietary"": [20.0, 9999.0], ""Protein"": [40.0, 100.0], ""Energy"": [2000.0, 2400.0], ""Vitamin A"": [700.0, 3000.0], ""Vitamin B-6"": [1.3, 100.0], ""Vitamin B-12"": [2.4, 10000.0], ""Vitamin C, total ascorbic acid"": [75.0, 2000.0], ""Vitamin D"": [600.0, 4000.0], ""Vitamin E (alpha-tocopherol)"": [15.0, 1000.0], ""Thiamin"": [1.1, 10000.0], ""Riboflavin"": [1.1, 10000.0], ""Niacin"": [14.0, 35.0], ""Pantothenic acid"": [5.0, 10000.0], ""Vitamin B-9 Folic acid"": [400.0, 1000.0], ""Vitamin B-7"": [30.0, 10000.0], ""Total lipid (fat)"": [40.0, 120.0]}"
SPEA2,1,with_diversity,38,65.6,16.2,426.0,1.181384,1.181384,8,"[15, 6, 93, 48, 71]","[117, 346, 130, 294, 161, 283]","[15, 6, 93, 48, 71, 117, 346, 130, 294, 161, 283]","{""Calcium, Ca"": 898.2920999999999, ""Copper, Cu"": 1.304, ""Iron, Fe"": 12.65854, ""Magnesium, Mg"": 319.5867, ""Manganese, Mn"": 11.393574, ""Phosphorus, P"": 1351.7855999999997, ""Sodium, Na"": 1201.0283, ""Potassium, K"": 3427.6924999999997, ""Zinc, Zn"": 12.783227, ""Carbohydrate, by difference"": 276.31692, ""Fiber, total dietary"": 19.766822, ""Protein"": 59.70346, ""Energy"": 2512.8196, ""Vitamin A"": 306.23704680000003, ""Vitamin B-6"": 2.8260167000000003, ""Vitamin B-12"": 9.6200166, ""Vitamin C, total ascorbic acid"": 86.767668, ""Vitamin D"": 2.444998, ""Vitamin E (alpha-tocopherol)"": 37.58526, ""Thiamin"": 1.9674189000000002, ""Riboflavin"": 3.1129133, ""Niacin"": 10.879624, ""Pantothenic acid"": 20.732652, ""Vitamin B-9 Folic acid"": 353.74897000000004, ""Vitamin B-7"": 30.257924, ""Total lipid (fat)"": 137.99814000000003}","{""Calcium, Ca"": [1000.0, 2500.0], ""Copper, Cu"": [0.9, 10.0], ""Iron, Fe"": [18.0, 45.0], ""Magnesium, Mg"": [310.0, 660.0], ""Manganese, Mn"": [1.8, 11.0], ""Phosphorus, P"": [700.0, 4000.0], ""Sodium, Na"": [1500.0, 2300.0], ""Potassium, K"": [4700.0, 10000.0], ""Zinc, Zn"": [8.0, 40.0], ""Carbohydrate, by difference"": [170.0, 300.0], ""Fiber, total dietary"": [20.0, 9999.0], ""Protein"": [40.0, 100.0], ""Energy"": [2000.0, 2400.0], ""Vitamin A"": [700.0, 3000.0], ""Vitamin B-6"": [1.3, 100.0], ""Vitamin B-12"": [2.4, 10000.0], ""Vitamin C, total ascorbic acid"": [75.0, 2000.0], ""Vitamin D"": [600.0, 4000.0], ""Vitamin E (alpha-tocopherol)"": [15.0, 1000.0], ""Thiamin"": [1.1, 10000.0], ""Riboflavin"": [1.1, 10000.0], ""Niacin"": [14.0, 35.0], ""Pantothenic acid"": [5.0, 10000.0], ""Vitamin B-9 Folic acid"": [400.0, 1000.0], ""Vitamin B-7"": [30.0, 10000.0], ""Total lipid (fat)"": [40.0, 120.0]}"
SPEA2,1,with_diversity,39,13.4,9.46,304.0,1.619559,1.619559,6,"[45, 66]","[294, 339, 318, 245, 336]","[45, 66, 294, 339, 318, 245, 336]","{""Calcium, Ca"": 587.9901, ""Copper, Cu"": 1.6526430000000003, ""Iron, Fe"": 16.339799999999997, ""Magnesium, Mg"": 300.1546, ""Manganese, Mn"": 7.325418999999999, ""Phosphorus, P"": 969.0518, ""Sodium, Na"": 2153.504, ""Potassium, K"": 1377.8464999999999, ""Zinc, Zn"": 7.189757999999999, ""Carbohydrate, by difference"": 344.245, ""Fiber, total dietary"": 26.693119999999997, ""Protein"": 51.70967, ""Energy"": 2721.4600000000005, ""Vitamin A"": 494.66096, ""Vitamin B-6"": 0.7634998, ""Vitamin B-12"": 8.3176966, ""Vitamin C, total ascorbic acid"": 11.847358, ""Vitamin D"": 3.86376, ""Vitamin E (alpha-tocopherol)"": 22.38084, ""Thiamin"": 1.6714199, ""Riboflavin"": 3.5073933, ""Niacin"": 18.868664, ""Pantothenic acid"": 12.086186, ""Vitamin B-9 Folic acid"": 150.44657, ""Vitamin B-7"": 23.270804, ""Total lipid (fat)"": 136.33095999999998}","{""Calcium, Ca"": [1000.0, 2500.0], ""Copper, Cu"": [0.9, 10.0], ""Iron, Fe"": [18.0, 45.0], ""Magnesium, Mg"": [310.0, 660.0], ""Manganese, Mn"": [1.8, 11.0], ""Phosphorus, P"": [700.0, 4000.0], ""Sodium, Na"": [1500.0, 2300.0], ""Potassium, K"": [4700.0, 10000.0], ""Zinc, Zn"": [8.0, 40.0], ""Carbohydrate, by difference"": [170.0, 300.0], ""Fiber, total dietary"": [20.0, 9999.0], ""Protein"": [40.0, 100.0], ""Energy"": [2000.0, 2400.0], ""Vitamin A"": [700.0, 3000.0], ""Vitamin B-6"": [1.3, 100.0], ""Vitamin B-12"": [2.4, 10000.0], ""Vitamin C, total ascorbic acid"": [75.0, 2000.0], ""Vitamin D"": [600.0, 4000.0], ""Vitamin E (alpha-tocopherol)"": [15.0, 1000.0], ""Thiamin"": [1.1, 10000.0], ""Riboflavin"": [1.1, 10000.0], ""Niacin"": [14.0, 35.0], ""Pantothenic acid"": [5.0, 10000.0], ""Vitamin B-9 Folic acid"": [400.0, 1000.0], ""Vitamin B-7"": [30.0, 10000.0], ""Total lipid (fat)"": [40.0, 120.0]}"
SPEA2,1,with_diversity,40,59.1,18.3,325.0,1.338108,1.338108,7,"[38, 48, 9]","[315, 273, 161, 248, 266]","[38, 48, 9, 315, 273, 161, 248, 266]","{""Calcium, Ca"": 313.93284, ""Copper, Cu"": 1.6098462999999998, ""Iron, Fe"": 22.197898, ""Magnesium, Mg"": 367.11752, ""Manganese, Mn"": 1.2793897999999997, ""Phosphorus, P"": 1353.5969400000001, ""Sodium, Na"": 1640.3528999999999, ""Potassium, K"": 3474.0393, ""Zinc, Zn"": 19.102535999999997, ""Carbohydrate, by difference"": 128.20318, ""Fiber, total dietary"": 36.243385, ""Protein"": 92.934712, ""Energy"": 1941.2516300000002, ""Vitamin A"": 108.04438999999999, ""Vitamin B-6"": 2.4553541, ""Vitamin B-12"": 8.130494700000002, ""Vitamin C, total ascorbic acid"": 111.960632, ""Vitamin D"": 0.577563, ""Vitamin E (alpha-tocopherol)"": 42.02196, ""Thiamin"": 7.671410000000001, ""Riboflavin"": 3.7187650999999993, ""Niacin"": 30.8734662, ""Pantothenic acid"": 11.326768199999998, ""Vitamin B-9 Folic acid"": 299.75051, ""Vitamin B-7"": 22.320241, ""Total lipid (fat)"": 137.9932402}","{""Calcium, Ca"": [1000.0, 2500.0], ""Copper, Cu"": [0.9, 10.0], ""Iron, Fe"": [18.0, 45.0], ""Magnesium, Mg"": [310.0, 660.0], ""Manganese, Mn"": [1.8, 11.0], ""Phosphorus, P"": [700.0, 4000.0], ""Sodium, Na"": [1500.0, 2300.0], ""Potassium, K"": [4700.0, 10000.0], ""Zinc, Zn"": [8.0, 40.0], ""Carbohydrate, by difference"": [170.0, 300.0], ""Fiber, total dietary"": [20.0, 9999.0], ""Protein"": [40.0, 100.0], ""Energy"": [2000.0, 2400.0], ""Vitamin A"": [700.0, 3000.0], ""Vitamin B-6"": [1.3, 100.0], ""Vitamin B-12"": [2.4, 10000.0], ""Vitamin C, total ascorbic acid"": [75.0, 2000.0], ""Vitamin D"": [600.0, 4000.0], ""Vitamin E (alpha-tocopherol)"": [15.0, 1000.0], ""Thiamin"": [1.1, 10000.0], ""Riboflavin"": [1.1, 10000.0], ""Niacin"": [14.0, 35.0], ""Pantothenic acid"": [5.0, 10000.0], ""Vitamin B-9 Folic acid"": [400.0, 1000.0], ""Vitamin B-7"": [30.0, 10000.0], ""Total lipid (fat)"": [40.0, 120.0]}"
SPEA2,1,with_diversity,41,33.4,12.21,410.0,1.467271,1.467271,7,[33],"[294, 339, 318, 161, 342, 336, 284]","[33, 294, 339, 318, 161, 342, 336, 284]","{""Calcium, Ca"": 565.6376380000002, ""Copper, Cu"": 1.679181, ""Iron, Fe"": 17.0822333, ""Magnesium, Mg"": 306.75175, ""Manganese, Mn"": 7.285545, ""Phosphorus, P"": 895.8220127999999, ""Sodium, Na"": 1612.8191000000002, ""Potassium, K"": 1885.257688, ""Zinc, Zn"": 6.800808, ""Carbohydrate, by difference"": 344.44699999999995, ""Fiber, total dietary"": 29.828029999999995, ""Protein"": 45.543773300000005, ""Energy"": 2683.8822000000005, ""Vitamin A"": 410.1187, ""Vitamin B-6"": 1.0055058, ""Vitamin B-12"": 1.4389326, ""Vitamin C, total ascorbic acid"": 25.291248, ""Vitamin D"": 3.711324, ""Vitamin E (alpha-tocopherol)"": 27.242850000000004, ""Thiamin"": 4.8239799, ""Riboflavin"": 2.5762353, ""Niacin"": 20.677797999999996, ""Pantothenic acid"": 4.564566, ""Vitamin B-9 Folic acid"": 200.24587, ""Vitamin B-7"": 23.144194, ""Total lipid (fat)"": 134.94024}","{""Calcium, Ca"": [1000.0, 2500.0], ""Copper, Cu"": [0.9, 10.0], ""Iron, Fe"": [18.0, 45.0], ""Magnesium, Mg"": [310.0, 660.0], ""Manganese, Mn"": [1.8, 11.0], ""Phosphorus, P"": [700.0, 4000.0], ""Sodium, Na"": [1500.0, 2300.0], ""Potassium, K"": [4700.0, 10000.0], ""Zinc, Zn"": [8.0, 40.0], ""Carbohydrate, by difference"": [170.0, 300.0], ""Fiber, total dietary"": [20.0, 9999.0], ""Protein"": [40.0, 100.0], ""Energy"": [2000.0, 2400.0], ""Vitamin A"": [700.0, 3000.0], ""Vitamin B-6"": [1.3, 100.0], ""Vitamin B-12"": [2.4, 10000.0], ""Vitamin C, total ascorbic acid"": [75.0, 2000.0], ""Vitamin D"": [600.0, 4000.0], ""Vitamin E (alpha-tocopherol)"": [15.0, 1000.0], ""Thiamin"": [1.1, 10000.0], ""Riboflavin"": [1.1, 10000.0], ""Niacin"": [14.0, 35.0], ""Pantothenic acid"": [5.0, 10000.0], ""Vitamin B-9 Folic acid"": [400.0, 1000.0], ""Vitamin B-7"": [30.0, 10000.0], ""Total lipid (fat)"": [40.0, 120.0]}"
SPEA2,1,with_diversity,42,58.5,13.25,685.0,1.609563,1.609563,8,"[20, 48, 39, 17]","[130, 180, 294, 161, 332, 276]","[20, 48, 39, 17, 130, 180, 294, 161, 332, 276]","{""Calcium, Ca"": 434.0843, ""Copper, Cu"": 1.5508427999999999, ""Iron, Fe"": 10.781246, ""Magnesium, Mg"": 226.02209999999997, ""Manganese, Mn"": 6.8209801, ""Phosphorus, P"": 814.2264999999999, ""Sodium, Na"": 1553.6037000000001, ""Potassium, K"": 3084.0167999999994, ""Zinc, Zn"": 6.6863719999999995, ""Carbohydrate, by difference"": 344.10082, ""Fiber, total dietary"": 24.56835, ""Protein"": 44.182199999999995, ""Energy"": 2620.5825999999997, ""Vitamin A"": 370.00800999999996, ""Vitamin B-6"": 2.4413198, ""Vitamin B-12"": 3.3276450000000004, ""Vitamin C, total ascorbic acid"": 97.830062, ""Vitamin D"": 2.137188, ""Vitamin E (alpha-tocopherol)"": 38.55823, ""Thiamin"": 9.9045059, ""Riboflavin"": 1.5820879, ""Niacin"": 14.220037000000001, ""Pantothenic acid"": 14.119073999999998, ""Vitamin B-9 Folic acid"": 236.20647, ""Vitamin B-7"": 14.985388999999998, ""Total lipid (fat)"": 137.41771}","{""Calcium, Ca"": [1000.0, 2500.0], ""Copper, Cu"": [0.9, 10.0], ""Iron, Fe"": [18.0, 45.0], ""Magnesium, Mg"": [310.0, 660.0], ""Manganese, Mn"": [1.8, 11.0], ""Phosphorus, P"": [700.0, 4000.0], ""Sodium, Na"": [1500.0, 2300.0], ""Potassium, K"": [4700.0, 10000.0], ""Zinc, Zn"": [8.0, 40.0], ""Carbohydrate, by difference"": [170.0, 300.0], ""Fiber, total dietary"": [20.0, 9999.0], ""Protein"": [40.0, 100.0], ""Energy"": [2000.0, 2400.0], ""Vitamin A"": [700.0, 3000.0], ""Vitamin B-6"": [1.3, 100.0], ""Vitamin B-12"": [2.4, 10000.0], ""Vitamin C, total ascorbic acid"": [75.0, 2000.0], ""Vitamin D"": [600.0, 4000.0], ""Vitamin E (alpha-tocopherol)"": [15.0, 1000.0], ""Thiamin"": [1.1, 10000.0], ""Riboflavin"": [1.1, 10000.0], ""Niacin"": [14.0, 35.0], ""Pantothenic acid"": [5.0, 10000.0], ""Vitamin B-9 Folic acid"": [400.0, 1000.0], ""Vitamin B-7"": [30.0, 10000.0], ""Total lipid (fat)"": [40.0, 120.0]}"
SPEA2,1,with_diversity,43,107.8,32.72,539.0,1.075237,1.075237,12,"[29, 42, 31, 22, 70, 90]","[218, 257, 271, 404, 273, 105, 401, 283, 248, 245, 336, 266]","[29, 42, 31, 22, 70, 90, 218, 257, 271, 404, 273, 105, 401, 283, 248, 245, 336, 266]","{""Calcium, Ca"": 757.8519399999999, ""Copper, Cu"": 1.184697, ""Iron, Fe"": 16.177329, ""Magnesium, Mg"": 360.6316099999999, ""Manganese, Mn"": 1.7455023, ""Phosphorus, P"": 606.7364399999999, ""Sodium, Na"": 2146.81404, ""Potassium, K"": 3089.3394, ""Zinc, Zn"": 7.215811899999999, ""Carbohydrate, by difference"": 342.72720999999996, ""Fiber, total dietary"": 29.452203, ""Protein"": 61.788362000000006, ""Energy"": 2651.3106300000004, ""Vitamin A"": 973.2888267999998, ""Vitamin B-6"": 1.8680166, ""Vitamin B-12"": 26.973144400000002, ""Vitamin C, total ascorbic acid"": 242.38724199999996, ""Vitamin D"": 0.0937935, ""Vitamin E (alpha-tocopherol)"": 35.67067, ""Thiamin"": 8.935257, ""Riboflavin"": 4.761935299999999, ""Niacin"": 9.3290992, ""Pantothenic acid"": 36.0950648, ""Vitamin B-9 Folic acid"": 374.75009, ""Vitamin B-7"": 10.633361, ""Total lipid (fat)"": 137.0822582}","{""Calcium, Ca"": [1000.0, 2500.0], ""Copper, Cu"": [0.9, 10.0], ""Iron, Fe"": [18.0, 45.0], ""Magnesium, Mg"": [310.0, 660.0], ""Manganese, Mn"": [1.8, 11.0], ""Phosphorus, P"": [700.0, 4000.0], ""Sodium, Na"": [1500.0, 2300.0], ""Potassium, K"": [4700.0, 10000.0], ""Zinc, Zn"": [8.0, 40.0], ""Carbohydrate, by difference"": [170.0, 300.0], ""Fiber, total dietary"": [20.0, 9999.0], ""Protein"": [40.0, 100.0], ""Energy"": [2000.0, 2400.0], ""Vitamin A"": [700.0, 3000.0], ""Vitamin B-6"": [1.3, 100.0], ""Vitamin B-12"": [2.4, 10000.0], ""Vitamin C, total ascorbic acid"": [75.0, 2000.0], ""Vitamin D"": [600.0, 4000.0], ""Vitamin E (alpha-tocopherol)"": [15.0, 1000.0], ""Thiamin"": [1.1, 10000.0], ""Riboflavin"": [1.1, 10000.0], ""Niacin"": [14.0, 35.0], ""Pantothenic acid"": [5.0, 10000.0], ""Vitamin B-9 Folic acid"": [400.0, 1000.0], ""Vitamin B-7"": [30.0, 10000.0], ""Total lipid (fat)"": [40.0, 120.0]}"
SPEA2,1,with_diversity,44,81.1,19.55,700.0,0.894226,0.894226,10,"[20, 48, 39, 17]","[402, 344, 200, 177, 116, 108, 285, 350, 161, 253]","[20, 48, 39, 17, 402, 344, 200, 177, 116, 108, 285, 350, 161, 253]","{""Calcium, Ca"": 670.14663, ""Copper, Cu"": 1.9146722999999999, ""Iron, Fe"": 15.232058, ""Magnesium, Mg"": 369.39824, ""Manganese, Mn"": 7.84698, ""Phosphorus, P"": 1385.45688, ""Sodium, Na"": 2076.9952649999996, ""Potassium, K"": 3808.0858999999996, ""Zinc, Zn"": 13.794515, ""Carbohydrate, by difference"": 344.98682, ""Fiber, total dietary"": 34.813140000000004, ""Protein"": 60.84965, ""Energy"": 2681.1532, ""Vitamin A"": 616.96084, ""Vitamin B-6"": 3.3295891, ""Vitamin B-12"": 11.1709266, ""Vitamin C, total ascorbic acid"": 115.88632699999998, ""Vitamin D"": 0.6723959999999999, ""Vitamin E (alpha-tocopherol)"": 58.28759999999999, ""Thiamin"": 10.9030304, ""Riboflavin"": 3.2382807, ""Niacin"": 17.723757999999997, ""Pantothenic acid"": 24.601280299999996, ""Vitamin B-9 Folic acid"": 380.06170000000003, ""Vitamin B-7"": 28.246043, ""Total lipid (fat)"": 137.06780000000003}","{""Calcium, Ca"": [1000.0, 2500.0], ""Copper, Cu"": [0.9, 10.0], ""Iron, Fe"": [18.0, 45.0], ""Magnesium, Mg"": [310.0, 660.0], ""Manganese, Mn"": [1.8, 11.0], ""Phosphorus, P"": [700.0, 4000.0], ""Sodium, Na"": [1500.0, 2300.0], ""Potassium, K"": [4700.0, 10000.0], ""Zinc, Zn"": [8.0, 40.0], ""Carbohydrate, by difference"": [170.0, 300.0], ""Fiber, total dietary"": [20.0, 9999.0], ""Protein"": [40.0, 100.0], ""Energy"": [2000.0, 2400.0], ""Vitamin A"": [700.0, 3000.0], ""Vitamin B-6"": [1.3, 100.0], ""Vitamin B-12"": [2.4, 10000.0], ""Vitamin C, total ascorbic acid"": [75.0, 2000.0], ""Vitamin D"": [600.0, 4000.0], ""Vitamin E (alpha-tocopherol)"": [15.0, 1000.0], ""Thiamin"": [1.1, 10000.0], ""Riboflavin"": [1.1, 10000.0], ""Niacin"": [14.0, 35.0], ""Pantothenic acid"": [5.0, 10000.0], ""Vitamin B-9 Folic acid"": [400.0, 1000.0], ""Vitamin B-7"": [30.0, 10000.0], ""Total lipid (fat)"": [40.0, 120.0]}"
SPEA2,1,with_diversity,45,53.2,17.65,155.0,1.063921,1.063921,7,"[65, 77]","[399, 218, 257, 105, 248, 245]","[65, 77, 399, 218, 257, 105, 248, 245]","{""Calcium, Ca"": 915.2691, ""Copper, Cu"": 1.095463, ""Iron, Fe"": 13.167841, ""Magnesium, Mg"": 242.4765, ""Manganese, Mn"": 1.6120050000000001, ""Phosphorus, P"": 632.8965999999999, ""Sodium, Na"": 1764.9323399999998, ""Potassium, K"": 2670.788, ""Zinc, Zn"": 7.597521, ""Carbohydrate, by difference"": 226.12435999999997, ""Fiber, total dietary"": 25.992269999999998, ""Protein"": 50.73072, ""Energy"": 2202.49, ""Vitamin A"": 310.30213390000006, ""Vitamin B-6"": 1.4368188000000002, ""Vitamin B-12"": 10.500485000000001, ""Vitamin C, total ascorbic acid"": 81.25094, ""Vitamin D"": 2.9341547, ""Vitamin E (alpha-tocopherol)"": 23.03147, ""Thiamin"": 3.1232968000000003, ""Riboflavin"": 1.9978845, ""Niacin"": 9.552641, ""Pantothenic acid"": 13.147818999999998, ""Vitamin B-9 Folic acid"": 411.19410999999997, ""Vitamin B-7"": 8.645885, ""Total lipid (fat)"": 137.98136799999997}","{""Calcium, Ca"": [1000.0, 2500.0], ""Copper, Cu"": [0.9, 10.0], ""Iron, Fe"": [18.0, 45.0], ""Magnesium, Mg"": [310.0, 660.0], ""Manganese, Mn"": [1.8, 11.0], ""Phosphorus, P"": [700.0, 4000.0], ""Sodium, Na"": [1500.0, 2300.0], ""Potassium, K"": [4700.0, 10000.0], ""Zinc, Zn"": [8.0, 40.0], ""Carbohydrate, by difference"": [170.0, 300.0], ""Fiber, total dietary"": [20.0, 9999.0], ""Protein"": [40.0, 100.0], ""Energy"": [2000.0, 2400.0], ""Vitamin A"": [700.0, 3000.0], ""Vitamin B-6"": [1.3, 100.0], ""Vitamin B-12"": [2.4, 10000.0], ""Vitamin C, total ascorbic acid"": [75.0, 2000.0], ""Vitamin D"": [600.0, 4000.0], ""Vitamin E (alpha-tocopherol)"": [15.0, 1000.0], ""Thiamin"": [1.1, 10000.0], ""Riboflavin"": [1.1, 10000.0], ""Niacin"": [14.0, 35.0], ""Pantothenic acid"": [5.0, 10000.0], ""Vitamin B-9 Folic acid"": [400.0, 1000.0], ""Vitamin B-7"": [30.0, 10000.0], ""Total lipid (fat)"": [40.0, 120.0]}"
SPEA2,1,with_diversity,46,88.0,23.53,504.0,0.983638,0.983638,10,"[77, 33]","[218, 257, 271, 404, 273, 105, 401, 283, 248, 108, 245, 336]","[77, 33, 218, 257, 271, 404, 273, 105, 401, 283, 248, 108, 245, 336]","{""Calcium, Ca"": 930.7306299999999, ""Copper, Cu"": 1.9121231000000003, ""Iron, Fe"": 25.147042999999993, ""Magnesium, Mg"": 529.15105, ""Manganese, Mn"": 1.9504691, ""Phosphorus, P"": 1152.8881999999999, ""Sodium, Na"": 2600.11904, ""Potassium, K"": 3397.0194, ""Zinc, Zn"": 11.136201900000003, ""Carbohydrate, by difference"": 336.66381, ""Fiber, total dietary"": 43.701551, ""Protein"": 72.67760000000001, ""Energy"": 2691.349, ""Vitamin A"": 128.9646268, ""Vitamin B-6"": 2.1720707, ""Vitamin B-12"": 27.7876744, ""Vitamin C, total ascorbic acid"": 157.03615000000002, ""Vitamin D"": 0.7677335, ""Vitamin E (alpha-tocopherol)"": 44.22872999999999, ""Thiamin"": 10.3388605, ""Riboflavin"": 6.895542, ""Niacin"": 24.657278999999996, ""Pantothenic acid"": 37.4007151, ""Vitamin B-9 Folic acid"": 484.0935, ""Vitamin B-7"": 24.821851999999996, ""Total lipid (fat)"": 137.607148}","{""Calcium, Ca"": [1000.0, 2500.0], ""Copper, Cu"": [0.9, 10.0], ""Iron, Fe"": [18.0, 45.0], ""Magnesium, Mg"": [310.0, 660.0], ""Manganese, Mn"": [1.8, 11.0], ""Phosphorus, P"": [700.0, 4000.0], ""Sodium, Na"": [1500.0, 2300.0], ""Potassium, K"": [4700.0, 10000.0], ""Zinc, Zn"": [8.0, 40.0], ""Carbohydrate, by difference"": [170.0, 300.0], ""Fiber, total dietary"": [20.0, 9999.0], ""Protein"": [40.0, 100.0], ""Energy"": [2000.0, 2400.0], ""Vitamin A"": [700.0, 3000.0], ""Vitamin B-6"": [1.3, 100.0], ""Vitamin B-12"": [2.4, 10000.0], ""Vitamin C, total ascorbic acid"": [75.0, 2000.0], ""Vitamin D"": [600.0, 4000.0], ""Vitamin E (alpha-tocopherol)"": [15.0, 1000.0], ""Thiamin"": [1.1, 10000.0], ""Riboflavin"": [1.1, 10000.0], ""Niacin"": [14.0, 35.0], ""Pantothenic acid"": [5.0, 10000.0], ""Vitamin B-9 Folic acid"": [400.0, 1000.0], ""Vitamin B-7"": [30.0, 10000.0], ""Total lipid (fat)"": [40.0, 120.0]}"
SPEA2,1,with_diversity,47,79.8,35.49,295.0,0.548747,0.548747,8,"[86, 63, 36, 6]","[131, 197, 167, 289, 285, 161, 251, 245, 336, 266]","[86, 63, 36, 6, 131, 197, 167, 289, 285, 161, 251, 245, 336, 266]","{""Calcium, Ca"": 867.24388, ""Copper, Cu"": 1.8713895, ""Iron, Fe"": 18.631725, ""Magnesium, Mg"": 326.57192, ""Manganese, Mn"": 2.1192864, ""Phosphorus, P"": 1559.4760400000002, ""Sodium, Na"": 2216.2740000000003, ""Potassium, K"": 4516.8042000000005, ""Zinc, Zn"": 18.882361, ""Carbohydrate, by difference"": 197.11750999999995, ""Fiber, total dietary"": 35.888617, ""Protein"": 109.595566, ""Energy"": 2440.7535300000004, ""Vitamin A"": 702.6895200000001, ""Vitamin B-6"": 1.968469, ""Vitamin B-12"": 8.087466, ""Vitamin C, total ascorbic acid"": 56.789334000000004, ""Vitamin D"": 0.8796178, ""Vitamin E (alpha-tocopherol)"": 22.163940000000004, ""Thiamin"": 5.534858, ""Riboflavin"": 2.6204656999999996, ""Niacin"": 18.9439382, ""Pantothenic acid"": 13.360962, ""Vitamin B-9 Folic acid"": 240.91171000000003, ""Vitamin B-7"": 13.884820999999999, ""Total lipid (fat)"": 137.9600802}","{""Calcium, Ca"": [1000.0, 2500.0], ""Copper, Cu"": [0.9, 10.0], ""Iron, Fe"": [18.0, 45.0], ""Magnesium, Mg"": [310.0, 660.0], ""Manganese, Mn"": [1.8, 11.0], ""Phosphorus, P"": [700.0, 4000.0], ""Sodium, Na"": [1500.0, 2300.0], ""Potassium, K"": [4700.0, 10000.0], ""Zinc, Zn"": [8.0, 40.0], ""Carbohydrate, by difference"": [170.0, 300.0], ""Fiber, total dietary"": [20.0, 9999.0], ""Protein"": [40.0, 100.0], ""Energy"": [2000.0, 2400.0], ""Vitamin A"": [700.0, 3000.0], ""Vitamin B-6"": [1.3, 100.0], ""Vitamin B-12"": [2.4, 10000.0], ""Vitamin C, total ascorbic acid"": [75.0, 2000.0], ""Vitamin D"": [600.0, 4000.0], ""Vitamin E (alpha-tocopherol)"": [15.0, 1000.0], ""Thiamin"": [1.1, 10000.0], ""Riboflavin"": [1.1, 10000.0], ""Niacin"": [14.0, 35.0], ""Pantothenic acid"": [5.0, 10000.0], ""Vitamin B-9 Folic acid"": [400.0, 1000.0], ""Vitamin B-7"": [30.0, 10000.0], ""Total lipid (fat)"": [40.0, 120.0]}"
SPEA2,1,with_diversity,48,121.1,29.46,594.0,0.934479,0.934479,12,"[20, 48, 39, 17]","[218, 257, 271, 404, 273, 105, 401, 283, 248, 108, 161, 245, 336, 266]","[20, 48, 39, 17, 218, 257, 271, 404, 273, 105, 401, 283, 248, 108, 161, 245, 336, 266]","{""Calcium, Ca"": 896.0088699999999, ""Copper, Cu"": 1.9739893, ""Iron, Fe"": 19.674053999999998, ""Magnesium, Mg"": 433.78717, ""Manganese, Mn"": 2.9310633, ""Phosphorus, P"": 1015.9125399999998, ""Sodium, Na"": 2628.93394, ""Potassium, K"": 4048.7585999999997, ""Zinc, Zn"": 10.072022900000002, ""Carbohydrate, by difference"": 339.02314, ""Fiber, total dietary"": 40.54399300000001, ""Protein"": 70.430152, ""Energy"": 2716.0846300000003, ""Vitamin A"": 179.26780680000002, ""Vitamin B-6"": 2.4131026999999996, ""Vitamin B-12"": 29.448456399999998, ""Vitamin C, total ascorbic acid"": 185.358466, ""Vitamin D"": 0.0916995, ""Vitamin E (alpha-tocopherol)"": 45.49465, ""Thiamin"": 13.511170499999999, ""Riboflavin"": 5.926900699999999, ""Niacin"": 19.3039932, ""Pantothenic acid"": 46.439965099999995, ""Vitamin B-9 Folic acid"": 440.53310999999997, ""Vitamin B-7"": 12.517985999999999, ""Total lipid (fat)"": 137.6661282}","{""Calcium, Ca"": [1000.0, 2500.0], ""Copper, Cu"": [0.9, 10.0], ""Iron, Fe"": [18.0, 45.0], ""Magnesium, Mg"": [310.0, 660.0], ""Manganese, Mn"": [1.8, 11.0], ""Phosphorus, P"": [700.0, 4000.0], ""Sodium, Na"": [1500.0, 2300.0], ""Potassium, K"": [4700.0, 10000.0], ""Zinc, Zn"": [8.0, 40.0], ""Carbohydrate, by difference"": [170.0, 300.0], ""Fiber, total dietary"": [20.0, 9999.0], ""Protein"": [40.0, 100.0], ""Energy"": [2000.0, 2400.0], ""Vitamin A"": [700.0, 3000.0], ""Vitamin B-6"": [1.3, 100.0], ""Vitamin B-12"": [2.4, 10000.0], ""Vitamin C, total ascorbic acid"": [75.0, 2000.0], ""Vitamin D"": [600.0, 4000.0], ""Vitamin E (alpha-tocopherol)"": [15.0, 1000.0], ""Thiamin"": [1.1, 10000.0], ""Riboflavin"": [1.1, 10000.0], ""Niacin"": [14.0, 35.0], ""Pantothenic acid"": [5.0, 10000.0], ""Vitamin B-9 Folic acid"": [400.0, 1000.0], ""Vitamin B-7"": [30.0, 10000.0], ""Total lipid (fat)"": [40.0, 120.0]}"
SPEA2,1,with_diversity,49,29.0,11.77,376.0,0.692167,0.692167,5,"[94, 11]","[298, 311, 259, 332, 132, 216]","[94, 11, 298, 311, 259, 332, 132, 216]","{""Calcium, Ca"": 860.2627, ""Copper, Cu"": 1.3049680000000001, ""Iron, Fe"": 18.819480000000002, ""Magnesium, Mg"": 337.7291, ""Manganese, Mn"": 8.097158, ""Phosphorus, P"": 1657.1813, ""Sodium, Na"": 1910.9996000000003, ""Potassium, K"": 4973.818299999999, ""Zinc, Zn"": 20.611880000000003, ""Carbohydrate, by difference"": 310.87598, ""Fiber, total dietary"": 39.616444, ""Protein"": 92.36189999999999, ""Energy"": 2757.002, ""Vitamin A"": 153.89326, ""Vitamin B-6"": 4.8757719999999996, ""Vitamin B-12"": 8.580424, ""Vitamin C, total ascorbic acid"": 317.85389, ""Vitamin D"": 0.6594340000000001, ""Vitamin E (alpha-tocopherol)"": 51.15997, ""Thiamin"": 4.970708000000001, ""Riboflavin"": 4.801708, ""Niacin"": 14.76594, ""Pantothenic acid"": 28.990540000000003, ""Vitamin B-9 Folic acid"": 694.194, ""Vitamin B-7"": 29.667089999999995, ""Total lipid (fat)"": 131.86205999999999}","{""Calcium, Ca"": [1000.0, 2500.0], ""Copper, Cu"": [0.9, 10.0], ""Iron, Fe"": [18.0, 45.0], ""Magnesium, Mg"": [310.0, 660.0], ""Manganese, Mn"": [1.8, 11.0], ""Phosphorus, P"": [700.0, 4000.0], ""Sodium, Na"": [1500.0, 2300.0], ""Potassium, K"": [4700.0, 10000.0], ""Zinc, Zn"": [8.0, 40.0], ""Carbohydrate, by difference"": [170.0, 300.0], ""Fiber, total dietary"": [20.0, 9999.0], ""Protein"": [40.0, 100.0], ""Energy"": [2000.0, 2400.0], ""Vitamin A"": [700.0, 3000.0], ""Vitamin B-6"": [1.3, 100.0], ""Vitamin B-12"": [2.4, 10000.0], ""Vitamin C, total ascorbic acid"": [75.0, 2000.0], ""Vitamin D"": [600.0, 4000.0], ""Vitamin E (alpha-tocopherol)"": [15.0, 1000.0], ""Thiamin"": [1.1, 10000.0], ""Riboflavin"": [1.1, 10000.0], ""Niacin"": [14.0, 35.0], ""Pantothenic acid"": [5.0, 10000.0], ""Vitamin B-9 Folic acid"": [400.0, 1000.0], ""Vitamin B-7"": [30.0, 10000.0], ""Total lipid (fat)"": [40.0, 120.0]}"
SPEA2,1,with_diversity,50,119.0,36.56,565.0,0.746509,0.746509,12,"[42, 86, 31, 22, 70, 90]","[399, 218, 257, 271, 404, 273, 105, 248, 285, 161, 245, 284, 336, 266]","[42, 86, 31, 22, 70, 90, 399, 218, 257, 271, 404, 273, 105, 248, 285, 161, 245, 284, 336, 266]","{""Calcium, Ca"": 1029.497318, ""Copper, Cu"": 1.31617, ""Iron, Fe"": 19.0402273, ""Magnesium, Mg"": 388.64736, ""Manganese, Mn"": 1.6192903, ""Phosphorus, P"": 579.2117527999999, ""Sodium, Na"": 2050.79914, ""Potassium, K"": 3888.318588, ""Zinc, Zn"": 7.2497729, ""Carbohydrate, by difference"": 344.71254, ""Fiber, total dietary"": 36.178093000000004, ""Protein"": 60.0813493, ""Energy"": 2648.0593300000005, ""Vitamin A"": 1265.6899638999998, ""Vitamin B-6"": 1.8253477, ""Vitamin B-12"": 18.3870644, ""Vitamin C, total ascorbic acid"": 214.873282, ""Vitamin D"": 0.0937935, ""Vitamin E (alpha-tocopherol)"": 39.515890000000006, ""Thiamin"": 9.857579999999999, ""Riboflavin"": 3.286655299999999, ""Niacin"": 10.899109200000002, ""Pantothenic acid"": 23.1842648, ""Vitamin B-9 Folic acid"": 448.47969000000006, ""Vitamin B-7"": 8.255518, ""Total lipid (fat)"": 137.57219819999995}","{""Calcium, Ca"": [1000.0, 2500.0], ""Copper, Cu"": [0.9, 10.0], ""Iron, Fe"": [18.0, 45.0], ""Magnesium, Mg"": [310.0, 660.0], ""Manganese, Mn"": [1.8, 11.0], ""Phosphorus, P"": [700.0, 4000.0], ""Sodium, Na"": [1500.0, 2300.0], ""Potassium, K"": [4700.0, 10000.0], ""Zinc, Zn"": [8.0, 40.0], ""Carbohydrate, by difference"": [170.0, 300.0], ""Fiber, total dietary"": [20.0, 9999.0], ""Protein"": [40.0, 100.0], ""Energy"": [2000.0, 2400.0], ""Vitamin A"": [700.0, 3000.0], ""Vitamin B-6"": [1.3, 100.0], ""Vitamin B-12"": [2.4, 10000.0], ""Vitamin C, total ascorbic acid"": [75.0, 2000.0], ""Vitamin D"": [600.0, 4000.0], ""Vitamin E (alpha-tocopherol)"": [15.0, 1000.0], ""Thiamin"": [1.1, 10000.0], ""Riboflavin"": [1.1, 10000.0], ""Niacin"": [14.0, 35.0], ""Pantothenic acid"": [5.0, 10000.0], ""Vitamin B-9 Folic acid"": [400.0, 1000.0], ""Vitamin B-7"": [30.0, 10000.0], ""Total lipid (fat)"": [40.0, 120.0]}"
NSGA-II,1,with_diversity,1,108.2,38.7,476.0,0.782208,0.782208,14,"[23, 20, 86, 74, 90, 82, 85, 29, 61]","[263, 376, 265, 131, 98, 134, 271, 217, 353, 336, 208, 285, 147]","[23, 20, 86, 74, 90, 82, 85, 29, 61, 263, 376, 265, 131, 98, 134, 271, 217, 353, 336, 208, 285, 147]","{""Calcium, Ca"": 1663.08398, ""Copper, Cu"": 2.3512397999999997, ""Iron, Fe"": 31.743462000000005, ""Magnesium, Mg"": 573.68565, ""Manganese, Mn"": 6.223996900000001, ""Phosphorus, P"": 1795.6937, ""Sodium, Na"": 2623.4846700000007, ""Potassium, K"": 5445.038699999999, ""Zinc, Zn"": 13.7126691, ""Carbohydrate, by difference"": 311.95210999999995, ""Fiber, total dietary"": 19.303496900000003, ""Protein"": 113.50793999999999, ""Energy"": 2714.6963, ""Vitamin A"": 2094.8424400000004, ""Vitamin B-6"": 3.2069211, ""Vitamin B-12"": 17.452654699999997, ""Vitamin C, total ascorbic acid"": 385.37332399999997, ""Vitamin D"": 0.9907919999999999, ""Vitamin E (alpha-tocopherol)"": 37.64866, ""Thiamin"": 7.7219041, ""Riboflavin"": 4.9854728999999995, ""Niacin"": 14.55363, ""Pantothenic acid"": 32.316054599999994, ""Vitamin B-9 Folic acid"": 276.15027, ""Vitamin B-7"": 20.176874, ""Total lipid (fat)"": 136.32050999999998}","{""Calcium, Ca"": [1000.0, 2500.0], ""Copper, Cu"": [0.9, 10.0], ""Iron, Fe"": [18.0, 45.0], ""Magnesium, Mg"": [310.0, 660.0], ""Manganese, Mn"": [1.8, 11.0], ""Phosphorus, P"": [700.0, 4000.0], ""Sodium, Na"": [1500.0, 2300.0], ""Potassium, K"": [4700.0, 10000.0], ""Zinc, Zn"": [8.0, 40.0], ""Carbohydrate, by difference"": [170.0, 300.0], ""Fiber, total dietary"": [20.0, 9999.0], ""Protein"": [40.0, 100.0], ""Energy"": [2000.0, 2400.0], ""Vitamin A"": [700.0, 3000.0], ""Vitamin B-6"": [1.3, 100.0], ""Vitamin B-12"": [2.4, 10000.0], ""Vitamin C, total ascorbic acid"": [75.0, 2000.0], ""Vitamin D"": [600.0, 4000.0], ""Vitamin E (alpha-tocopherol)"": [15.0, 1000.0], ""Thiamin"": [1.1, 10000.0], ""Riboflavin"": [1.1, 10000.0], ""Niacin"": [14.0, 35.0], ""Pantothenic acid"": [5.0, 10000.0], ""Vitamin B-9 Folic acid"": [400.0, 1000.0], ""Vitamin B-7"": [30.0, 10000.0], ""Total lipid (fat)"": [40.0, 120.0]}"
NSGA-II,1,with_diversity,2,63.2,54.9,520.0,1.387586,1.387586,12,"[75, 29, 70, 5, 28, 61, 6, 14]","[295, 294, 126, 327, 369, 139, 353, 137, 251, 366, 285]","[75, 29, 70, 5, 28, 61, 6, 14, 295, 294, 126, 327, 369, 139, 353, 137, 251, 366, 285]","{""Calcium, Ca"": 1225.69065, ""Copper, Cu"": 0.7880878000000001, ""Iron, Fe"": 14.3795796, ""Magnesium, Mg"": 242.60362, ""Manganese, Mn"": 2.11669728, ""Phosphorus, P"": 438.57967999999994, ""Sodium, Na"": 2644.5655300000003, ""Potassium, K"": 2656.5422, ""Zinc, Zn"": 3.4416757000000002, ""Carbohydrate, by difference"": 330.028502, ""Fiber, total dietary"": 24.921313599999998, ""Protein"": 65.0845855, ""Energy"": 2403.6635, ""Vitamin A"": 1316.1325700000002, ""Vitamin B-6"": 1.3884563, ""Vitamin B-12"": 15.4083656, ""Vitamin C, total ascorbic acid"": 453.1223, ""Vitamin D"": 0.9346152, ""Vitamin E (alpha-tocopherol)"": 36.7149231, ""Thiamin"": 4.286176300000001, ""Riboflavin"": 3.4059143, ""Niacin"": 6.797135000000001, ""Pantothenic acid"": 27.585373999999998, ""Vitamin B-9 Folic acid"": 263.66643, ""Vitamin B-7"": 8.342986000000002, ""Total lipid (fat)"": 112.52043999999998}","{""Calcium, Ca"": [1000.0, 2500.0], ""Copper, Cu"": [0.9, 10.0], ""Iron, Fe"": [18.0, 45.0], ""Magnesium, Mg"": [310.0, 660.0], ""Manganese, Mn"": [1.8, 11.0], ""Phosphorus, P"": [700.0, 4000.0], ""Sodium, Na"": [1500.0, 2300.0], ""Potassium, K"": [4700.0, 10000.0], ""Zinc, Zn"": [8.0, 40.0], ""Carbohydrate, by difference"": [170.0, 300.0], ""Fiber, total dietary"": [20.0, 9999.0], ""Protein"": [40.0, 100.0], ""Energy"": [2000.0, 2400.0], ""Vitamin A"": [700.0, 3000.0], ""Vitamin B-6"": [1.3, 100.0], ""Vitamin B-12"": [2.4, 10000.0], ""Vitamin C, total ascorbic acid"": [75.0, 2000.0], ""Vitamin D"": [600.0, 4000.0], ""Vitamin E (alpha-tocopherol)"": [15.0, 1000.0], ""Thiamin"": [1.1, 10000.0], ""Riboflavin"": [1.1, 10000.0], ""Niacin"": [14.0, 35.0], ""Pantothenic acid"": [5.0, 10000.0], ""Vitamin B-9 Folic acid"": [400.0, 1000.0], ""Vitamin B-7"": [30.0, 10000.0], ""Total lipid (fat)"": [40.0, 120.0]}"
NSGA-II,1,with_diversity,3,3.2,23.95,285.0,0.885397,0.885397,6,"[72, 30]","[100, 334, 176, 252, 160, 375, 330, 336]","[72, 30, 100, 334, 176, 252, 160, 375, 330, 336]","{""Calcium, Ca"": 751.8439000000001, ""Copper, Cu"": 1.813692, ""Iron, Fe"": 18.154629999999997, ""Magnesium, Mg"": 307.21099999999996, ""Manganese, Mn"": 2.6108959999999994, ""Phosphorus, P"": 1154.6858000000002, ""Sodium, Na"": 1204.6041999999998, ""Potassium, K"": 4807.466, ""Zinc, Zn"": 18.03352, ""Carbohydrate, by difference"": 299.07714, ""Fiber, total dietary"": 25.75949, ""Protein"": 89.66504999999998, ""Energy"": 2717.1386, ""Vitamin A"": 1538.72811, ""Vitamin B-6"": 3.7208750000000004, ""Vitamin B-12"": 7.63713, ""Vitamin C, total ascorbic acid"": 415.9221, ""Vitamin D"": 0.2859047, ""Vitamin E (alpha-tocopherol)"": 32.15344, ""Thiamin"": 4.87732, ""Riboflavin"": 1.8924839999999998, ""Niacin"": 19.449170000000002, ""Pantothenic acid"": 133.335193, ""Vitamin B-9 Folic acid"": 335.44809999999995, ""Vitamin B-7"": 9.45774, ""Total lipid (fat)"": 137.99043999999998}","{""Calcium, Ca"": [1000.0, 2500.0], ""Copper, Cu"": [0.9, 10.0], ""Iron, Fe"": [18.0, 45.0], ""Magnesium, Mg"": [310.0, 660.0], ""Manganese, Mn"": [1.8, 11.0], ""Phosphorus, P"": [700.0, 4000.0], ""Sodium, Na"": [1500.0, 2300.0], ""Potassium, K"": [4700.0, 10000.0], ""Zinc, Zn"": [8.0, 40.0], ""Carbohydrate, by difference"": [170.0, 300.0], ""Fiber, total dietary"": [20.0, 9999.0], ""Protein"": [40.0, 100.0], ""Energy"": [2000.0, 2400.0], ""Vitamin A"": [700.0, 3000.0], ""Vitamin B-6"": [1.3, 100.0], ""Vitamin B-12"": [2.4, 10000.0], ""Vitamin C, total ascorbic acid"": [75.0, 2000.0], ""Vitamin D"": [600.0, 4000.0], ""Vitamin E (alpha-tocopherol)"": [15.0, 1000.0], ""Thiamin"": [1.1, 10000.0], ""Riboflavin"": [1.1, 10000.0], ""Niacin"": [14.0, 35.0], ""Pantothenic acid"": [5.0, 10000.0], ""Vitamin B-9 Folic acid"": [400.0, 1000.0], ""Vitamin B-7"": [30.0, 10000.0], ""Total lipid (fat)"": [40.0, 120.0]}"
NSGA-II,1,with_diversity,4,33.8,10.98,524.0,0.928547,0.928547,8,"[59, 77]","[178, 333, 384, 283, 275, 331, 276, 336]","[59, 77, 178, 333, 384, 283, 275, 331, 276, 336]","{""Calcium, Ca"": 899.6080999999999, ""Copper, Cu"": 1.2698598, ""Iron, Fe"": 12.080029000000001, ""Magnesium, Mg"": 285.3352, ""Manganese, Mn"": 4.7687311, ""Phosphorus, P"": 1234.0476, ""Sodium, Na"": 2584.3235999999997, ""Potassium, K"": 3605.0162, ""Zinc, Zn"": 9.942380000000002, ""Carbohydrate, by difference"": 316.1795, ""Fiber, total dietary"": 25.56267, ""Protein"": 59.10915, ""Energy"": 2571.783, ""Vitamin A"": 909.1863068000001, ""Vitamin B-6"": 2.6386687999999996, ""Vitamin B-12"": 8.509263900000002, ""Vitamin C, total ascorbic acid"": 352.73777099999995, ""Vitamin D"": 3.5905026, ""Vitamin E (alpha-tocopherol)"": 28.75803, ""Thiamin"": 4.326866000000001, ""Riboflavin"": 2.4343798, ""Niacin"": 11.874908999999999, ""Pantothenic acid"": 14.329865999999999, ""Vitamin B-9 Folic acid"": 483.8647, ""Vitamin B-7"": 19.385311, ""Total lipid (fat)"": 137.89315}","{""Calcium, Ca"": [1000.0, 2500.0], ""Copper, Cu"": [0.9, 10.0], ""Iron, Fe"": [18.0, 45.0], ""Magnesium, Mg"": [310.0, 660.0], ""Manganese, Mn"": [1.8, 11.0], ""Phosphorus, P"": [700.0, 4000.0], ""Sodium, Na"": [1500.0, 2300.0], ""Potassium, K"": [4700.0, 10000.0], ""Zinc, Zn"": [8.0, 40.0], ""Carbohydrate, by difference"": [170.0, 300.0], ""Fiber, total dietary"": [20.0, 9999.0], ""Protein"": [40.0, 100.0], ""Energy"": [2000.0, 2400.0], ""Vitamin A"": [700.0, 3000.0], ""Vitamin B-6"": [1.3, 100.0], ""Vitamin B-12"": [2.4, 10000.0], ""Vitamin C, total ascorbic acid"": [75.0, 2000.0], ""Vitamin D"": [600.0, 4000.0], ""Vitamin E (alpha-tocopherol)"": [15.0, 1000.0], ""Thiamin"": [1.1, 10000.0], ""Riboflavin"": [1.1, 10000.0], ""Niacin"": [14.0, 35.0], ""Pantothenic acid"": [5.0, 10000.0], ""Vitamin B-9 Folic acid"": [400.0, 1000.0], ""Vitamin B-7"": [30.0, 10000.0], ""Total lipid (fat)"": [40.0, 120.0]}"
NSGA-II,1,with_diversity,5,40.7,38.35,172.0,1.834207,1.834207,9,"[82, 75, 29, 70, 5, 28, 61, 6, 14]","[121, 339, 161]","[82, 75, 29, 70, 5, 28, 61, 6, 14, 121, 339, 161]","{""Calcium, Ca"": 1144.21995, ""Copper, Cu"": 0.9374350000000001, ""Iron, Fe"": 8.8146086, ""Magnesium, Mg"": 180.57954999999998, ""Manganese, Mn"": 6.77611018, ""Phosphorus, P"": 929.9290000000001, ""Sodium, Na"": 2581.79099, ""Potassium, K"": 2391.7263000000003, ""Zinc, Zn"": 3.7644516000000006, ""Carbohydrate, by difference"": 295.662382, ""Fiber, total dietary"": 12.702913499999998, ""Protein"": 110.7315015, ""Energy"": 2715.9084000000003, ""Vitamin A"": 767.28834, ""Vitamin B-6"": 1.3584555999999999, ""Vitamin B-12"": 5.606942, ""Vitamin C, total ascorbic acid"": 22.223927999999997, ""Vitamin D"": 3.8981060000000003, ""Vitamin E (alpha-tocopherol)"": 17.921263100000004, ""Thiamin"": 10.499736299999999, ""Riboflavin"": 1.1792891, ""Niacin"": 19.86114, ""Pantothenic acid"": 7.460979, ""Vitamin B-9 Folic acid"": 114.1063, ""Vitamin B-7"": 26.59461, ""Total lipid (fat)"": 137.92927}","{""Calcium, Ca"": [1000.0, 2500.0], ""Copper, Cu"": [0.9, 10.0], ""Iron, Fe"": [18.0, 45.0], ""Magnesium, Mg"": [310.0, 660.0], ""Manganese, Mn"": [1.8, 11.0], ""Phosphorus, P"": [700.0, 4000.0], ""Sodium, Na"": [1500.0, 2300.0], ""Potassium, K"": [4700.0, 10000.0], ""Zinc, Zn"": [8.0, 40.0], ""Carbohydrate, by difference"": [170.0, 300.0], ""Fiber, total dietary"": [20.0, 9999.0], ""Protein"": [40.0, 100.0], ""Energy"": [2000.0, 2400.0], ""Vitamin A"": [700.0, 3000.0], ""Vitamin B-6"": [1.3, 100.0], ""Vitamin B-12"": [2.4, 10000.0], ""Vitamin C, total ascorbic acid"": [75.0, 2000.0], ""Vitamin D"": [600.0, 4000.0], ""Vitamin E (alpha-tocopherol)"": [15.0, 1000.0], ""Thiamin"": [1.1, 10000.0], ""Riboflavin"": [1.1, 10000.0], ""Niacin"": [14.0, 35.0], ""Pantothenic acid"": [5.0, 10000.0], ""Vitamin B-9 Folic acid"": [400.0, 1000.0], ""Vitamin B-7"": [30.0, 10000.0], ""Total lipid (fat)"": [40.0, 120.0]}"
NSGA-II,1,with_diversity,6,98.2,39.03,1052.0,0.98517,0.98517,10,"[22, 15, 12, 2, 17, 56, 47]","[99, 331, 149, 98, 374, 294, 245, 327, 329, 362, 343, 108]","[22, 15, 12, 2, 17, 56, 47, 99, 331, 149, 98, 374, 294, 245, 327, 329, 362, 343, 108]","{""Calcium, Ca"": 436.42713000000003, ""Copper, Cu"": 2.0490173, ""Iron, Fe"": 19.117241, ""Magnesium, Mg"": 384.21597, ""Manganese, Mn"": 2.6117081, ""Phosphorus, P"": 1446.2309, ""Sodium, Na"": 2596.435, ""Potassium, K"": 5312.526499999999, ""Zinc, Zn"": 11.450523, ""Carbohydrate, by difference"": 311.70584, ""Fiber, total dietary"": 24.660413, ""Protein"": 107.367906, ""Energy"": 2753.2818999999995, ""Vitamin A"": 1917.90591, ""Vitamin B-6"": 3.8997777, ""Vitamin B-12"": 23.3781168, ""Vitamin C, total ascorbic acid"": 343.31358099999994, ""Vitamin D"": 0.2878856, ""Vitamin E (alpha-tocopherol)"": 53.44853, ""Thiamin"": 10.637968799999998, ""Riboflavin"": 13.404303899999999, ""Niacin"": 35.62055100000001, ""Pantothenic acid"": 80.3928692, ""Vitamin B-9 Folic acid"": 292.07844, ""Vitamin B-7"": 25.232530999999998, ""Total lipid (fat)"": 126.297}","{""Calcium, Ca"": [1000.0, 2500.0], ""Copper, Cu"": [0.9, 10.0], ""Iron, Fe"": [18.0, 45.0], ""Magnesium, Mg"": [310.0, 660.0], ""Manganese, Mn"": [1.8, 11.0], ""Phosphorus, P"": [700.0, 4000.0], ""Sodium, Na"": [1500.0, 2300.0], ""Potassium, K"": [4700.0, 10000.0], ""Zinc, Zn"": [8.0, 40.0], ""Carbohydrate, by difference"": [170.0, 300.0], ""Fiber, total dietary"": [20.0, 9999.0], ""Protein"": [40.0, 100.0], ""Energy"": [2000.0, 2400.0], ""Vitamin A"": [700.0, 3000.0], ""Vitamin B-6"": [1.3, 100.0], ""Vitamin B-12"": [2.4, 10000.0], ""Vitamin C, total ascorbic acid"": [75.0, 2000.0], ""Vitamin D"": [600.0, 4000.0], ""Vitamin E (alpha-tocopherol)"": [15.0, 1000.0], ""Thiamin"": [1.1, 10000.0], ""Riboflavin"": [1.1, 10000.0], ""Niacin"": [14.0, 35.0], ""Pantothenic acid"": [5.0, 10000.0], ""Vitamin B-9 Folic acid"": [400.0, 1000.0], ""Vitamin B-7"": [30.0, 10000.0], ""Total lipid (fat)"": [40.0, 120.0]}"
NSGA-II,1,with_diversity,7,81.0,34.06,973.0,1.128462,1.128462,11,"[9, 94, 55, 67, 18, 72]","[126, 99, 331, 149, 98, 374, 294, 245, 327, 329, 343, 139]","[9, 94, 55, 67, 18, 72, 126, 99, 331, 149, 98, 374, 294, 245, 327, 329, 343, 139]","{""Calcium, Ca"": 449.7835, ""Copper, Cu"": 1.6675290000000003, ""Iron, Fe"": 14.578076, ""Magnesium, Mg"": 309.79537, ""Manganese, Mn"": 2.6442106, ""Phosphorus, P"": 1217.1445999999999, ""Sodium, Na"": 2610.3109999999997, ""Potassium, K"": 4407.6563, ""Zinc, Zn"": 9.891029999999999, ""Carbohydrate, by difference"": 300.47170000000006, ""Fiber, total dietary"": 21.328712999999997, ""Protein"": 114.90748599999999, ""Energy"": 2748.778, ""Vitamin A"": 1078.41175, ""Vitamin B-6"": 2.9265096, ""Vitamin B-12"": 14.1270718, ""Vitamin C, total ascorbic acid"": 653.629093, ""Vitamin D"": 0.3822056, ""Vitamin E (alpha-tocopherol)"": 42.205180000000006, ""Thiamin"": 7.589855300000001, ""Riboflavin"": 2.6956335000000005, ""Niacin"": 33.121777, ""Pantothenic acid"": 19.3171489, ""Vitamin B-9 Folic acid"": 288.51432, ""Vitamin B-7"": 14.848401, ""Total lipid (fat)"": 129.54662}","{""Calcium, Ca"": [1000.0, 2500.0], ""Copper, Cu"": [0.9, 10.0], ""Iron, Fe"": [18.0, 45.0], ""Magnesium, Mg"": [310.0, 660.0], ""Manganese, Mn"": [1.8, 11.0], ""Phosphorus, P"": [700.0, 4000.0], ""Sodium, Na"": [1500.0, 2300.0], ""Potassium, K"": [4700.0, 10000.0], ""Zinc, Zn"": [8.0, 40.0], ""Carbohydrate, by difference"": [170.0, 300.0], ""Fiber, total dietary"": [20.0, 9999.0], ""Protein"": [40.0, 100.0], ""Energy"": [2000.0, 2400.0], ""Vitamin A"": [700.0, 3000.0], ""Vitamin B-6"": [1.3, 100.0], ""Vitamin B-12"": [2.4, 10000.0], ""Vitamin C, total ascorbic acid"": [75.0, 2000.0], ""Vitamin D"": [600.0, 4000.0], ""Vitamin E (alpha-tocopherol)"": [15.0, 1000.0], ""Thiamin"": [1.1, 10000.0], ""Riboflavin"": [1.1, 10000.0], ""Niacin"": [14.0, 35.0], ""Pantothenic acid"": [5.0, 10000.0], ""Vitamin B-9 Folic acid"": [400.0, 1000.0], ""Vitamin B-7"": [30.0, 10000.0], ""Total lipid (fat)"": [40.0, 120.0]}"
NSGA-II,1,with_diversity,8,72.7,48.71,310.0,0.696878,0.696878,13,"[75, 29, 70, 5, 28, 61, 6, 14]","[184, 348, 197, 139, 138, 286, 362, 216, 251, 248]","[75, 29, 70, 5, 28, 61, 6, 14, 184, 348, 197, 139, 138, 286, 362, 216, 251, 248]","{""Calcium, Ca"": 1283.96871, ""Copper, Cu"": 1.3169279999999999, ""Iron, Fe"": 14.033413599999998, ""Magnesium, Mg"": 287.98615, ""Manganese, Mn"": 2.24413718, ""Phosphorus, P"": 946.4673, ""Sodium, Na"": 2638.9091199999993, ""Potassium, K"": 4483.8973, ""Zinc, Zn"": 7.924339599999999, ""Carbohydrate, by difference"": 344.48960199999993, ""Fiber, total dietary"": 32.887522600000004, ""Protein"": 96.76251549999999, ""Energy"": 2573.9859, ""Vitamin A"": 1172.66508, ""Vitamin B-6"": 3.1146086000000004, ""Vitamin B-12"": 7.926521999999999, ""Vitamin C, total ascorbic acid"": 489.518214, ""Vitamin D"": 0.9673163, ""Vitamin E (alpha-tocopherol)"": 26.584113099999996, ""Thiamin"": 6.8088863, ""Riboflavin"": 2.6006541, ""Niacin"": 21.250581999999998, ""Pantothenic acid"": 22.864144999999997, ""Vitamin B-9 Folic acid"": 369.70590000000004, ""Vitamin B-7"": 17.273915, ""Total lipid (fat)"": 105.43475}","{""Calcium, Ca"": [1000.0, 2500.0], ""Copper, Cu"": [0.9, 10.0], ""Iron, Fe"": [18.0, 45.0], ""Magnesium, Mg"": [310.0, 660.0], ""Manganese, Mn"": [1.8, 11.0], ""Phosphorus, P"": [700.0, 4000.0], ""Sodium, Na"": [1500.0, 2300.0], ""Potassium, K"": [4700.0, 10000.0], ""Zinc, Zn"": [8.0, 40.0], ""Carbohydrate, by difference"": [170.0, 300.0], ""Fiber, total dietary"": [20.0, 9999.0], ""Protein"": [40.0, 100.0], ""Energy"": [2000.0, 2400.0], ""Vitamin A"": [700.0, 3000.0], ""Vitamin B-6"": [1.3, 100.0], ""Vitamin B-12"": [2.4, 10000.0], ""Vitamin C, total ascorbic acid"": [75.0, 2000.0], ""Vitamin D"": [600.0, 4000.0], ""Vitamin E (alpha-tocopherol)"": [15.0, 1000.0], ""Thiamin"": [1.1, 10000.0], ""Riboflavin"": [1.1, 10000.0], ""Niacin"": [14.0, 35.0], ""Pantothenic acid"": [5.0, 10000.0], ""Vitamin B-9 Folic acid"": [400.0, 1000.0], ""Vitamin B-7"": [30.0, 10000.0], ""Total lipid (fat)"": [40.0, 120.0]}"
NSGA-II,1,with_diversity,9,79.8,51.34,635.0,0.908685,0.908685,12,"[2, 12, 69, 18, 40, 87, 13, 7, 28]","[202, 401, 378, 154, 310, 361, 302, 329, 336, 266, 284]","[2, 12, 69, 18, 40, 87, 13, 7, 28, 202, 401, 378, 154, 310, 361, 302, 329, 336, 266, 284]","{""Calcium, Ca"": 605.5695079999999, ""Copper, Cu"": 2.3683164, ""Iron, Fe"": 21.136283300000002, ""Magnesium, Mg"": 507.7493399999999, ""Manganese, Mn"": 4.98723418, ""Phosphorus, P"": 1467.0623528, ""Sodium, Na"": 2438.7246, ""Potassium, K"": 6591.585188, ""Zinc, Zn"": 15.547427000000003, ""Carbohydrate, by difference"": 343.571392, ""Fiber, total dietary"": 60.739027, ""Protein"": 93.18457529999998, ""Energy"": 2759.3576300000004, ""Vitamin A"": 112.52271999999999, ""Vitamin B-6"": 3.5390014, ""Vitamin B-12"": 18.8768, ""Vitamin C, total ascorbic acid"": 467.52611299999995, ""Vitamin D"": 0.4201163, ""Vitamin E (alpha-tocopherol)"": 40.990665099999994, ""Thiamin"": 12.7219023, ""Riboflavin"": 5.0977737, ""Niacin"": 25.846882200000003, ""Pantothenic acid"": 38.98338199999999, ""Vitamin B-9 Folic acid"": 476.63496999999995, ""Vitamin B-7"": 25.904985000000003, ""Total lipid (fat)"": 119.4515202}","{""Calcium, Ca"": [1000.0, 2500.0], ""Copper, Cu"": [0.9, 10.0], ""Iron, Fe"": [18.0, 45.0], ""Magnesium, Mg"": [310.0, 660.0], ""Manganese, Mn"": [1.8, 11.0], ""Phosphorus, P"": [700.0, 4000.0], ""Sodium, Na"": [1500.0, 2300.0], ""Potassium, K"": [4700.0, 10000.0], ""Zinc, Zn"": [8.0, 40.0], ""Carbohydrate, by difference"": [170.0, 300.0], ""Fiber, total dietary"": [20.0, 9999.0], ""Protein"": [40.0, 100.0], ""Energy"": [2000.0, 2400.0], ""Vitamin A"": [700.0, 3000.0], ""Vitamin B-6"": [1.3, 100.0], ""Vitamin B-12"": [2.4, 10000.0], ""Vitamin C, total ascorbic acid"": [75.0, 2000.0], ""Vitamin D"": [600.0, 4000.0], ""Vitamin E (alpha-tocopherol)"": [15.0, 1000.0], ""Thiamin"": [1.1, 10000.0], ""Riboflavin"": [1.1, 10000.0], ""Niacin"": [14.0, 35.0], ""Pantothenic acid"": [5.0, 10000.0], ""Vitamin B-9 Folic acid"": [400.0, 1000.0], ""Vitamin B-7"": [30.0, 10000.0], ""Total lipid (fat)"": [40.0, 120.0]}"
NSGA-II,1,with_diversity,10,99.3,40.88,892.0,1.104735,1.104735,10,"[63, 29, 26, 21, 5, 80, 74]","[99, 331, 149, 98, 374, 294, 245, 327, 329, 362, 343, 147, 266, 336]","[63, 29, 26, 21, 5, 80, 74, 99, 331, 149, 98, 374, 294, 245, 327, 329, 362, 343, 147, 266, 336]","{""Calcium, Ca"": 505.55271000000005, ""Copper, Cu"": 1.5986157000000003, ""Iron, Fe"": 17.455843399999996, ""Magnesium, Mg"": 368.35261999999994, ""Manganese, Mn"": 2.149227, ""Phosphorus, P"": 1214.9923400000002, ""Sodium, Na"": 2529.2805700000004, ""Potassium, K"": 4158.628999999999, ""Zinc, Zn"": 9.7651676, ""Carbohydrate, by difference"": 314.92654, ""Fiber, total dietary"": 19.4893476, ""Protein"": 104.9454035, ""Energy"": 2759.33933, ""Vitamin A"": 1100.967286, ""Vitamin B-6"": 2.9219896000000003, ""Vitamin B-12"": 16.858321800000002, ""Vitamin C, total ascorbic acid"": 269.8265747, ""Vitamin D"": 0.3150856, ""Vitamin E (alpha-tocopherol)"": 48.910129999999995, ""Thiamin"": 7.4771453, ""Riboflavin"": 3.7358302, ""Niacin"": 32.6232072, ""Pantothenic acid"": 31.74544890000001, ""Vitamin B-9 Folic acid"": 234.84333, ""Vitamin B-7"": 18.281641, ""Total lipid (fat)"": 135.1251702}","{""Calcium, Ca"": [1000.0, 2500.0], ""Copper, Cu"": [0.9, 10.0], ""Iron, Fe"": [18.0, 45.0], ""Magnesium, Mg"": [310.0, 660.0], ""Manganese, Mn"": [1.8, 11.0], ""Phosphorus, P"": [700.0, 4000.0], ""Sodium, Na"": [1500.0, 2300.0], ""Potassium, K"": [4700.0, 10000.0], ""Zinc, Zn"": [8.0, 40.0], ""Carbohydrate, by difference"": [170.0, 300.0], ""Fiber, total dietary"": [20.0, 9999.0], ""Protein"": [40.0, 100.0], ""Energy"": [2000.0, 2400.0], ""Vitamin A"": [700.0, 3000.0], ""Vitamin B-6"": [1.3, 100.0], ""Vitamin B-12"": [2.4, 10000.0], ""Vitamin C, total ascorbic acid"": [75.0, 2000.0], ""Vitamin D"": [600.0, 4000.0], ""Vitamin E (alpha-tocopherol)"": [15.0, 1000.0], ""Thiamin"": [1.1, 10000.0], ""Riboflavin"": [1.1, 10000.0], ""Niacin"": [14.0, 35.0], ""Pantothenic acid"": [5.0, 10000.0], ""Vitamin B-9 Folic acid"": [400.0, 1000.0], ""Vitamin B-7"": [30.0, 10000.0], ""Total lipid (fat)"": [40.0, 120.0]}"
NSGA-II,1,with_diversity,11,104.3,39.3,652.0,0.633887,0.633887,14,"[48, 90, 15, 29, 85, 86, 78, 74]","[352, 260, 342, 127, 206, 343, 383, 318, 252, 264, 160, 139, 251, 336]","[48, 90, 15, 29, 85, 86, 78, 74, 352, 260, 342, 127, 206, 343, 383, 318, 252, 264, 160, 139, 251, 336]","{""Calcium, Ca"": 1007.8492399999999, ""Copper, Cu"": 2.0847443, ""Iron, Fe"": 23.738759999999992, ""Magnesium, Mg"": 502.3135999999999, ""Manganese, Mn"": 8.078366999999998, ""Phosphorus, P"": 1910.3224000000002, ""Sodium, Na"": 2603.807, ""Potassium, K"": 6170.704, ""Zinc, Zn"": 17.548138000000005, ""Carbohydrate, by difference"": 343.26373, ""Fiber, total dietary"": 33.825574, ""Protein"": 91.36881400000001, ""Energy"": 2708.2838000000006, ""Vitamin A"": 1040.63279, ""Vitamin B-6"": 3.9193754999999997, ""Vitamin B-12"": 16.6054886, ""Vitamin C, total ascorbic acid"": 552.6228590000001, ""Vitamin D"": 0.48552, ""Vitamin E (alpha-tocopherol)"": 43.83548999999999, ""Thiamin"": 9.357546999999999, ""Riboflavin"": 4.9015299, ""Niacin"": 22.840462000000002, ""Pantothenic acid"": 34.68047500000001, ""Vitamin B-9 Folic acid"": 536.56977, ""Vitamin B-7"": 33.390341, ""Total lipid (fat)"": 137.46078999999997}","{""Calcium, Ca"": [1000.0, 2500.0], ""Copper, Cu"": [0.9, 10.0], ""Iron, Fe"": [18.0, 45.0], ""Magnesium, Mg"": [310.0, 660.0], ""Manganese, Mn"": [1.8, 11.0], ""Phosphorus, P"": [700.0, 4000.0], ""Sodium, Na"": [1500.0, 2300.0], ""Potassium, K"": [4700.0, 10000.0], ""Zinc, Zn"": [8.0, 40.0], ""Carbohydrate, by difference"": [170.0, 300.0], ""Fiber, total dietary"": [20.0, 9999.0], ""Protein"": [40.0, 100.0], ""Energy"": [2000.0, 2400.0], ""Vitamin A"": [700.0, 3000.0], ""Vitamin B-6"": [1.3, 100.0], ""Vitamin B-12"": [2.4, 10000.0], ""Vitamin C, total ascorbic acid"": [75.0, 2000.0], ""Vitamin D"": [600.0, 4000.0], ""Vitamin E (alpha-tocopherol)"": [15.0, 1000.0], ""Thiamin"": [1.1, 10000.0], ""Riboflavin"": [1.1, 10000.0], ""Niacin"": [14.0, 35.0], ""Pantothenic acid"": [5.0, 10000.0], ""Vitamin B-9 Folic acid"": [400.0, 1000.0], ""Vitamin B-7"": [30.0, 10000.0], ""Total lipid (fat)"": [40.0, 120.0]}"
NSGA-II,1,with_diversity,12,16.1,22.67,230.0,0.596548,0.596548,7,"[26, 93, 62, 89]","[118, 154, 252, 160, 375, 330]","[26, 93, 62, 89, 118, 154, 252, 160, 375, 330]","{""Calcium, Ca"": 1252.5243, ""Copper, Cu"": 1.7510852, ""Iron, Fe"": 16.286831, ""Magnesium, Mg"": 315.14790000000005, ""Manganese, Mn"": 1.5885019000000002, ""Phosphorus, P"": 1773.5798, ""Sodium, Na"": 2025.1318, ""Potassium, K"": 5992.798000000001, ""Zinc, Zn"": 21.738519999999998, ""Carbohydrate, by difference"": 266.23997999999995, ""Fiber, total dietary"": 26.71309, ""Protein"": 108.99822999999998, ""Energy"": 2670.547, ""Vitamin A"": 1606.7722899999999, ""Vitamin B-6"": 4.502384, ""Vitamin B-12"": 28.342979999999997, ""Vitamin C, total ascorbic acid"": 456.26481, ""Vitamin D"": 8.716053800000001, ""Vitamin E (alpha-tocopherol)"": 35.96007, ""Thiamin"": 8.41084, ""Riboflavin"": 3.7647370000000007, ""Niacin"": 20.86587, ""Pantothenic acid"": 145.95618, ""Vitamin B-9 Folic acid"": 315.8499, ""Vitamin B-7"": 17.61436, ""Total lipid (fat)"": 137.96245}","{""Calcium, Ca"": [1000.0, 2500.0], ""Copper, Cu"": [0.9, 10.0], ""Iron, Fe"": [18.0, 45.0], ""Magnesium, Mg"": [310.0, 660.0], ""Manganese, Mn"": [1.8, 11.0], ""Phosphorus, P"": [700.0, 4000.0], ""Sodium, Na"": [1500.0, 2300.0], ""Potassium, K"": [4700.0, 10000.0], ""Zinc, Zn"": [8.0, 40.0], ""Carbohydrate, by difference"": [170.0, 300.0], ""Fiber, total dietary"": [20.0, 9999.0], ""Protein"": [40.0, 100.0], ""Energy"": [2000.0, 2400.0], ""Vitamin A"": [700.0, 3000.0], ""Vitamin B-6"": [1.3, 100.0], ""Vitamin B-12"": [2.4, 10000.0], ""Vitamin C, total ascorbic acid"": [75.0, 2000.0], ""Vitamin D"": [600.0, 4000.0], ""Vitamin E (alpha-tocopherol)"": [15.0, 1000.0], ""Thiamin"": [1.1, 10000.0], ""Riboflavin"": [1.1, 10000.0], ""Niacin"": [14.0, 35.0], ""Pantothenic acid"": [5.0, 10000.0], ""Vitamin B-9 Folic acid"": [400.0, 1000.0], ""Vitamin B-7"": [30.0, 10000.0], ""Total lipid (fat)"": [40.0, 120.0]}"
NSGA-II,1,with_diversity,13,88.6,33.99,1028.0,1.383585,1.383585,11,"[9, 94, 55, 67, 18, 72]","[99, 331, 149, 98, 374, 294, 245, 327, 329, 362, 343, 266, 284, 336]","[9, 94, 55, 67, 18, 72, 99, 331, 149, 98, 374, 294, 245, 327, 329, 362, 343, 266, 284, 336]","{""Calcium, Ca"": 396.721578, ""Copper, Cu"": 1.6372292000000002, ""Iron, Fe"": 13.5218403, ""Magnesium, Mg"": 304.44563999999997, ""Manganese, Mn"": 1.8030108000000002, ""Phosphorus, P"": 1149.6914528000002, ""Sodium, Na"": 2644.6011000000003, ""Potassium, K"": 4268.324688000001, ""Zinc, Zn"": 9.548751000000001, ""Carbohydrate, by difference"": 320.14059000000003, ""Fiber, total dietary"": 17.489094999999995, ""Protein"": 111.55985129999999, ""Energy"": 2757.10123, ""Vitamin A"": 1578.3816299999999, ""Vitamin B-6"": 2.6957296000000004, ""Vitamin B-12"": 6.717551800000001, ""Vitamin C, total ascorbic acid"": 440.6654949999999, ""Vitamin D"": 0.3822056, ""Vitamin E (alpha-tocopherol)"": 37.87073, ""Thiamin"": 7.6193753, ""Riboflavin"": 1.3006602, ""Niacin"": 31.872757200000002, ""Pantothenic acid"": 7.7773489, ""Vitamin B-9 Folic acid"": 162.57233000000002, ""Vitamin B-7"": 11.620401000000001, ""Total lipid (fat)"": 123.88986019999999}","{""Calcium, Ca"": [1000.0, 2500.0], ""Copper, Cu"": [0.9, 10.0], ""Iron, Fe"": [18.0, 45.0], ""Magnesium, Mg"": [310.0, 660.0], ""Manganese, Mn"": [1.8, 11.0], ""Phosphorus, P"": [700.0, 4000.0], ""Sodium, Na"": [1500.0, 2300.0], ""Potassium, K"": [4700.0, 10000.0], ""Zinc, Zn"": [8.0, 40.0], ""Carbohydrate, by difference"": [170.0, 300.0], ""Fiber, total dietary"": [20.0, 9999.0], ""Protein"": [40.0, 100.0], ""Energy"": [2000.0, 2400.0], ""Vitamin A"": [700.0, 3000.0], ""Vitamin B-6"": [1.3, 100.0], ""Vitamin B-12"": [2.4, 10000.0], ""Vitamin C, total ascorbic acid"": [75.0, 2000.0], ""Vitamin D"": [600.0, 4000.0], ""Vitamin E (alpha-tocopherol)"": [15.0, 1000.0], ""Thiamin"": [1.1, 10000.0], ""Riboflavin"": [1.1, 10000.0], ""Niacin"": [14.0, 35.0], ""Pantothenic acid"": [5.0, 10000.0], ""Vitamin B-9 Folic acid"": [400.0, 1000.0], ""Vitamin B-7"": [30.0, 10000.0], ""Total lipid (fat)"": [40.0, 120.0]}"
NSGA-II,1,with_diversity,14,24.8,14.99,345.0,1.464743,1.464743,6,"[59, 77]","[114, 290, 366, 304, 343]","[59, 77, 114, 290, 366, 304, 343]","{""Calcium, Ca"": 767.14754, ""Copper, Cu"": 1.3796529000000002, ""Iron, Fe"": 11.242155, ""Magnesium, Mg"": 251.70158, ""Manganese, Mn"": 3.607381, ""Phosphorus, P"": 1454.90886, ""Sodium, Na"": 1802.67952, ""Potassium, K"": 2703.7244, ""Zinc, Zn"": 12.224269, ""Carbohydrate, by difference"": 329.4331, ""Fiber, total dietary"": 17.1396, ""Protein"": 104.00078, ""Energy"": 2757.3221999999996, ""Vitamin A"": 349.80541000000005, ""Vitamin B-6"": 2.978484, ""Vitamin B-12"": 7.7452881, ""Vitamin C, total ascorbic acid"": 59.443740000000005, ""Vitamin D"": 3.1082805000000007, ""Vitamin E (alpha-tocopherol)"": 25.53306, ""Thiamin"": 4.4814734000000005, ""Riboflavin"": 2.0645787, ""Niacin"": 28.613932000000002, ""Pantothenic acid"": 10.875601999999999, ""Vitamin B-9 Folic acid"": 254.35989999999998, ""Vitamin B-7"": 24.872236, ""Total lipid (fat)"": 130.42664000000002}","{""Calcium, Ca"": [1000.0, 2500.0], ""Copper, Cu"": [0.9, 10.0], ""Iron, Fe"": [18.0, 45.0], ""Magnesium, Mg"": [310.0, 660.0], ""Manganese, Mn"": [1.8, 11.0], ""Phosphorus, P"": [700.0, 4000.0], ""Sodium, Na"": [1500.0, 2300.0], ""Potassium, K"": [4700.0, 10000.0], ""Zinc, Zn"": [8.0, 40.0], ""Carbohydrate, by difference"": [170.0, 300.0], ""Fiber, total dietary"": [20.0, 9999.0], ""Protein"": [40.0, 100.0], ""Energy"": [2000.0, 2400.0], ""Vitamin A"": [700.0, 3000.0], ""Vitamin B-6"": [1.3, 100.0], ""Vitamin B-12"": [2.4, 10000.0], ""Vitamin C, total ascorbic acid"": [75.0, 2000.0], ""Vitamin D"": [600.0, 4000.0], ""Vitamin E (alpha-tocopherol)"": [15.0, 1000.0], ""Thiamin"": [1.1, 10000.0], ""Riboflavin"": [1.1, 10000.0], ""Niacin"": [14.0, 35.0], ""Pantothenic acid"": [5.0, 10000.0], ""Vitamin B-9 Folic acid"": [400.0, 1000.0], ""Vitamin B-7"": [30.0, 10000.0], ""Total lipid (fat)"": [40.0, 120.0]}"
NSGA-II,1,with_diversity,15,30.7,18.58,555.0,1.811717,1.811717,4,"[71, 57]","[342, 226, 338, 211, 270, 328, 284]","[71, 57, 342, 226, 338, 211, 270, 328, 284]","{""Calcium, Ca"": 341.13913800000006, ""Copper, Cu"": 1.0092883, ""Iron, Fe"": 6.6940553, ""Magnesium, Mg"": 193.27229999999997, ""Manganese, Mn"": 1.1009350999999998, ""Phosphorus, P"": 1102.3340128, ""Sodium, Na"": 1644.5061000000003, ""Potassium, K"": 2550.072288, ""Zinc, Zn"": 8.66456, ""Carbohydrate, by difference"": 215.48543999999998, ""Fiber, total dietary"": 10.412711999999999, ""Protein"": 114.7614033, ""Energy"": 2322.4555, ""Vitamin A"": 52.53776, ""Vitamin B-6"": 3.1082110000000003, ""Vitamin B-12"": 11.335280699999998, ""Vitamin C, total ascorbic acid"": 64.987175, ""Vitamin D"": 0.2250848, ""Vitamin E (alpha-tocopherol)"": 31.534179999999996, ""Thiamin"": 13.3742337, ""Riboflavin"": 2.2475543, ""Niacin"": 33.083061, ""Pantothenic acid"": 17.4211241, ""Vitamin B-9 Folic acid"": 193.59398, ""Vitamin B-7"": 14.764879, ""Total lipid (fat)"": 118.06363}","{""Calcium, Ca"": [1000.0, 2500.0], ""Copper, Cu"": [0.9, 10.0], ""Iron, Fe"": [18.0, 45.0], ""Magnesium, Mg"": [310.0, 660.0], ""Manganese, Mn"": [1.8, 11.0], ""Phosphorus, P"": [700.0, 4000.0], ""Sodium, Na"": [1500.0, 2300.0], ""Potassium, K"": [4700.0, 10000.0], ""Zinc, Zn"": [8.0, 40.0], ""Carbohydrate, by difference"": [170.0, 300.0], ""Fiber, total dietary"": [20.0, 9999.0], ""Protein"": [40.0, 100.0], ""Energy"": [2000.0, 2400.0], ""Vitamin A"": [700.0, 3000.0], ""Vitamin B-6"": [1.3, 100.0], ""Vitamin B-12"": [2.4, 10000.0], ""Vitamin C, total ascorbic acid"": [75.0, 2000.0], ""Vitamin D"": [600.0, 4000.0], ""Vitamin E (alpha-tocopherol)"": [15.0, 1000.0], ""Thiamin"": [1.1, 10000.0], ""Riboflavin"": [1.1, 10000.0], ""Niacin"": [14.0, 35.0], ""Pantothenic acid"": [5.0, 10000.0], ""Vitamin B-9 Folic acid"": [400.0, 1000.0], ""Vitamin B-7"": [30.0, 10000.0], ""Total lipid (fat)"": [40.0, 120.0]}"
NSGA-II,1,with_diversity,16,77.3,33.66,930.0,0.950462,0.950462,9,"[64, 93]","[126, 99, 331, 149, 98, 374, 294, 245, 327, 329, 362, 375, 284, 336]","[64, 93, 126, 99, 331, 149, 98, 374, 294, 245, 327, 329, 362, 375, 284, 336]","{""Calcium, Ca"": 851.7858379999998, ""Copper, Cu"": 1.8704091, ""Iron, Fe"": 14.510414299999999, ""Magnesium, Mg"": 332.58792, ""Manganese, Mn"": 2.0995475999999997, ""Phosphorus, P"": 1534.5095128, ""Sodium, Na"": 2565.8460999999993, ""Potassium, K"": 4406.570488, ""Zinc, Zn"": 11.386534000000001, ""Carbohydrate, by difference"": 301.25926, ""Fiber, total dietary"": 13.691652999999999, ""Protein"": 114.71296929999998, ""Energy"": 2732.1169, ""Vitamin A"": 1102.7970500000001, ""Vitamin B-6"": 2.8573506, ""Vitamin B-12"": 14.535121799999999, ""Vitamin C, total ascorbic acid"": 235.347613, ""Vitamin D"": 0.4050856, ""Vitamin E (alpha-tocopherol)"": 41.02658, ""Thiamin"": 7.447818900000001, ""Riboflavin"": 3.1682769, ""Niacin"": 31.520075000000002, ""Pantothenic acid"": 18.9597699, ""Vitamin B-9 Folic acid"": 252.09832000000003, ""Vitamin B-7"": 18.747035, ""Total lipid (fat)"": 127.89032999999999}","{""Calcium, Ca"": [1000.0, 2500.0], ""Copper, Cu"": [0.9, 10.0], ""Iron, Fe"": [18.0, 45.0], ""Magnesium, Mg"": [310.0, 660.0], ""Manganese, Mn"": [1.8, 11.0], ""Phosphorus, P"": [700.0, 4000.0], ""Sodium, Na"": [1500.0, 2300.0], ""Potassium, K"": [4700.0, 10000.0], ""Zinc, Zn"": [8.0, 40.0], ""Carbohydrate, by difference"": [170.0, 300.0], ""Fiber, total dietary"": [20.0, 9999.0], ""Protein"": [40.0, 100.0], ""Energy"": [2000.0, 2400.0], ""Vitamin A"": [700.0, 3000.0], ""Vitamin B-6"": [1.3, 100.0], ""Vitamin B-12"": [2.4, 10000.0], ""Vitamin C, total ascorbic acid"": [75.0, 2000.0], ""Vitamin D"": [600.0, 4000.0], ""Vitamin E (alpha-tocopherol)"": [15.0, 1000.0], ""Thiamin"": [1.1, 10000.0], ""Riboflavin"": [1.1, 10000.0], ""Niacin"": [14.0, 35.0], ""Pantothenic acid"": [5.0, 10000.0], ""Vitamin B-9 Folic acid"": [400.0, 1000.0], ""Vitamin B-7"": [30.0, 10000.0], ""Total lipid (fat)"": [40.0, 120.0]}"
NSGA-II,1,with_diversity,17,35.0,15.56,570.0,1.308922,1.308922,8,"[32, 21, 7]","[366, 304, 382, 252, 180, 234, 336, 245]","[32, 21, 7, 366, 304, 382, 252, 180, 234, 336, 245]","{""Calcium, Ca"": 969.50143, ""Copper, Cu"": 1.1392662, ""Iron, Fe"": 10.9579908, ""Magnesium, Mg"": 285.76304, ""Manganese, Mn"": 4.4583024, ""Phosphorus, P"": 1143.22058, ""Sodium, Na"": 2034.48416, ""Potassium, K"": 3273.7926, ""Zinc, Zn"": 9.17341, ""Carbohydrate, by difference"": 344.68317, ""Fiber, total dietary"": 18.30101, ""Protein"": 51.131589999999996, ""Energy"": 2723.9666, ""Vitamin A"": 972.028536, ""Vitamin B-6"": 2.2839989999999997, ""Vitamin B-12"": 1.1565950999999999, ""Vitamin C, total ascorbic acid"": 75.60563370000001, ""Vitamin D"": 3.3360371000000004, ""Vitamin E (alpha-tocopherol)"": 34.36983600000001, ""Thiamin"": 11.643303, ""Riboflavin"": 1.2982189000000002, ""Niacin"": 6.820625999999999, ""Pantothenic acid"": 4.600655, ""Vitamin B-9 Folic acid"": 310.3631, ""Vitamin B-7"": 18.919287, ""Total lipid (fat)"": 136.38510999999997}","{""Calcium, Ca"": [1000.0, 2500.0], ""Copper, Cu"": [0.9, 10.0], ""Iron, Fe"": [18.0, 45.0], ""Magnesium, Mg"": [310.0, 660.0], ""Manganese, Mn"": [1.8, 11.0], ""Phosphorus, P"": [700.0, 4000.0], ""Sodium, Na"": [1500.0, 2300.0], ""Potassium, K"": [4700.0, 10000.0], ""Zinc, Zn"": [8.0, 40.0], ""Carbohydrate, by difference"": [170.0, 300.0], ""Fiber, total dietary"": [20.0, 9999.0], ""Protein"": [40.0, 100.0], ""Energy"": [2000.0, 2400.0], ""Vitamin A"": [700.0, 3000.0], ""Vitamin B-6"": [1.3, 100.0], ""Vitamin B-12"": [2.4, 10000.0], ""Vitamin C, total ascorbic acid"": [75.0, 2000.0], ""Vitamin D"": [600.0, 4000.0], ""Vitamin E (alpha-tocopherol)"": [15.0, 1000.0], ""Thiamin"": [1.1, 10000.0], ""Riboflavin"": [1.1, 10000.0], ""Niacin"": [14.0, 35.0], ""Pantothenic acid"": [5.0, 10000.0], ""Vitamin B-9 Folic acid"": [400.0, 1000.0], ""Vitamin B-7"": [30.0, 10000.0], ""Total lipid (fat)"": [40.0, 120.0]}"
NSGA-II,1,with_diversity,18,90.4,44.08,669.0,0.780074,0.780074,13,"[22, 15, 12, 2, 17, 56, 85]","[177, 297, 228, 396, 126, 98, 374, 294, 327, 362, 147, 113, 139]","[22, 15, 12, 2, 17, 56, 85, 177, 297, 228, 396, 126, 98, 374, 294, 327, 362, 147, 113, 139]","{""Calcium, Ca"": 622.624, ""Copper, Cu"": 1.9976984000000002, ""Iron, Fe"": 24.880434000000005, ""Magnesium, Mg"": 449.38846000000007, ""Manganese, Mn"": 4.966002, ""Phosphorus, P"": 1763.9239667000002, ""Sodium, Na"": 2615.1211399999997, ""Potassium, K"": 6803.734600000001, ""Zinc, Zn"": 13.343843499999998, ""Carbohydrate, by difference"": 298.631974, ""Fiber, total dietary"": 58.050197999999995, ""Protein"": 105.42904999999999, ""Energy"": 2755.497, ""Vitamin A"": 1567.4872131999998, ""Vitamin B-6"": 4.569692600000001, ""Vitamin B-12"": 50.82963279999999, ""Vitamin C, total ascorbic acid"": 546.8793880000001, ""Vitamin D"": 0.23858010000000002, ""Vitamin E (alpha-tocopherol)"": 60.04100999999999, ""Thiamin"": 5.1677317, ""Riboflavin"": 18.571729699999995, ""Niacin"": 36.700162, ""Pantothenic acid"": 121.331684, ""Vitamin B-9 Folic acid"": 592.5248199999999, ""Vitamin B-7"": 37.03936999999999, ""Total lipid (fat)"": 131.802218}","{""Calcium, Ca"": [1000.0, 2500.0], ""Copper, Cu"": [0.9, 10.0], ""Iron, Fe"": [18.0, 45.0], ""Magnesium, Mg"": [310.0, 660.0], ""Manganese, Mn"": [1.8, 11.0], ""Phosphorus, P"": [700.0, 4000.0], ""Sodium, Na"": [1500.0, 2300.0], ""Potassium, K"": [4700.0, 10000.0], ""Zinc, Zn"": [8.0, 40.0], ""Carbohydrate, by difference"": [170.0, 300.0], ""Fiber, total dietary"": [20.0, 9999.0], ""Protein"": [40.0, 100.0], ""Energy"": [2000.0, 2400.0], ""Vitamin A"": [700.0, 3000.0], ""Vitamin B-6"": [1.3, 100.0], ""Vitamin B-12"": [2.4, 10000.0], ""Vitamin C, total ascorbic acid"": [75.0, 2000.0], ""Vitamin D"": [600.0, 4000.0], ""Vitamin E (alpha-tocopherol)"": [15.0, 1000.0], ""Thiamin"": [1.1, 10000.0], ""Riboflavin"": [1.1, 10000.0], ""Niacin"": [14.0, 35.0], ""Pantothenic acid"": [5.0, 10000.0], ""Vitamin B-9 Folic acid"": [400.0, 1000.0], ""Vitamin B-7"": [30.0, 10000.0], ""Total lipid (fat)"": [40.0, 120.0]}"
NSGA-II,1,with_diversity,19,76.7,50.67,372.0,0.640593,0.640593,14,"[85, 29, 61, 5, 28, 40, 69, 51]","[263, 376, 265, 131, 98, 271, 353, 208, 285, 362, 147, 105]","[85, 29, 61, 5, 28, 40, 69, 51, 263, 376, 265, 131, 98, 271, 353, 208, 285, 362, 147, 105]","{""Calcium, Ca"": 1484.10741, ""Copper, Cu"": 2.3467918, ""Iron, Fe"": 30.039545600000004, ""Magnesium, Mg"": 552.94625, ""Manganese, Mn"": 2.7023792799999997, ""Phosphorus, P"": 1503.5643, ""Sodium, Na"": 2624.5921600000006, ""Potassium, K"": 5557.9074, ""Zinc, Zn"": 12.183374699999998, ""Carbohydrate, by difference"": 339.78608199999996, ""Fiber, total dietary"": 29.0682386, ""Protein"": 95.8016655, ""Energy"": 2642.8295, ""Vitamin A"": 2437.14046, ""Vitamin B-6"": 3.1180950000000003, ""Vitamin B-12"": 17.4367147, ""Vitamin C, total ascorbic acid"": 421.12337800000006, ""Vitamin D"": 0.3543253, ""Vitamin E (alpha-tocopherol)"": 35.1810651, ""Thiamin"": 6.562827199999999, ""Riboflavin"": 4.894257199999999, ""Niacin"": 18.628137, ""Pantothenic acid"": 33.2013266, ""Vitamin B-9 Folic acid"": 296.74324, ""Vitamin B-7"": 15.588921000000001, ""Total lipid (fat)"": 111.10678800000001}","{""Calcium, Ca"": [1000.0, 2500.0], ""Copper, Cu"": [0.9, 10.0], ""Iron, Fe"": [18.0, 45.0], ""Magnesium, Mg"": [310.0, 660.0], ""Manganese, Mn"": [1.8, 11.0], ""Phosphorus, P"": [700.0, 4000.0], ""Sodium, Na"": [1500.0, 2300.0], ""Potassium, K"": [4700.0, 10000.0], ""Zinc, Zn"": [8.0, 40.0], ""Carbohydrate, by difference"": [170.0, 300.0], ""Fiber, total dietary"": [20.0, 9999.0], ""Protein"": [40.0, 100.0], ""Energy"": [2000.0, 2400.0], ""Vitamin A"": [700.0, 3000.0], ""Vitamin B-6"": [1.3, 100.0], ""Vitamin B-12"": [2.4, 10000.0], ""Vitamin C, total ascorbic acid"": [75.0, 2000.0], ""Vitamin D"": [600.0, 4000.0], ""Vitamin E (alpha-tocopherol)"": [15.0, 1000.0], ""Thiamin"": [1.1, 10000.0], ""Riboflavin"": [1.1, 10000.0], ""Niacin"": [14.0, 35.0], ""Pantothenic acid"": [5.0, 10000.0], ""Vitamin B-9 Folic acid"": [400.0, 1000.0], ""Vitamin B-7"": [30.0, 10000.0], ""Total lipid (fat)"": [40.0, 120.0]}"
NSGA-II,1,with_diversity,20,21.4,28.22,245.0,0.898786,0.898786,10,"[5, 15, 74, 81, 68, 11]","[118, 216, 252, 284, 160, 375, 336, 245]","[5, 15, 74, 81, 68, 11, 118, 216, 252, 284, 160, 375, 336, 245]","{""Calcium, Ca"": 532.931718, ""Copper, Cu"": 1.8198755000000002, ""Iron, Fe"": 23.713391899999998, ""Magnesium, Mg"": 354.10497999999995, ""Manganese, Mn"": 2.0007692, ""Phosphorus, P"": 1326.6669127999999, ""Sodium, Na"": 1682.03892, ""Potassium, K"": 6040.449288, ""Zinc, Zn"": 18.996926600000002, ""Carbohydrate, by difference"": 307.13412000000005, ""Fiber, total dietary"": 35.702872600000006, ""Protein"": 100.10708879999999, ""Energy"": 2759.7182000000007, ""Vitamin A"": 1352.86421, ""Vitamin B-6"": 3.13652, ""Vitamin B-12"": 17.30784, ""Vitamin C, total ascorbic acid"": 305.71649199999996, ""Vitamin D"": 0.034363, ""Vitamin E (alpha-tocopherol)"": 37.83039, ""Thiamin"": 4.59129, ""Riboflavin"": 4.023082, ""Niacin"": 23.04276, ""Pantothenic acid"": 30.14483, ""Vitamin B-9 Folic acid"": 216.1446, ""Vitamin B-7"": 12.002679999999998, ""Total lipid (fat)"": 134.59991999999997}","{""Calcium, Ca"": [1000.0, 2500.0], ""Copper, Cu"": [0.9, 10.0], ""Iron, Fe"": [18.0, 45.0], ""Magnesium, Mg"": [310.0, 660.0], ""Manganese, Mn"": [1.8, 11.0], ""Phosphorus, P"": [700.0, 4000.0], ""Sodium, Na"": [1500.0, 2300.0], ""Potassium, K"": [4700.0, 10000.0], ""Zinc, Zn"": [8.0, 40.0], ""Carbohydrate, by difference"": [170.0, 300.0], ""Fiber, total dietary"": [20.0, 9999.0], ""Protein"": [40.0, 100.0], ""Energy"": [2000.0, 2400.0], ""Vitamin A"": [700.0, 3000.0], ""Vitamin B-6"": [1.3, 100.0], ""Vitamin B-12"": [2.4, 10000.0], ""Vitamin C, total ascorbic acid"": [75.0, 2000.0], ""Vitamin D"": [600.0, 4000.0], ""Vitamin E (alpha-tocopherol)"": [15.0, 1000.0], ""Thiamin"": [1.1, 10000.0], ""Riboflavin"": [1.1, 10000.0], ""Niacin"": [14.0, 35.0], ""Pantothenic acid"": [5.0, 10000.0], ""Vitamin B-9 Folic acid"": [400.0, 1000.0], ""Vitamin B-7"": [30.0, 10000.0], ""Total lipid (fat)"": [40.0, 120.0]}"
NSGA-II,1,with_diversity,21,79.7,46.39,329.0,0.551639,0.551639,13,"[86, 90, 82, 85, 29, 61, 5, 28, 40, 69]","[156, 179, 353, 336, 208, 362, 147, 105, 248, 266, 161]","[86, 90, 82, 85, 29, 61, 5, 28, 40, 69, 156, 179, 353, 336, 208, 362, 147, 105, 248, 266, 161]","{""Calcium, Ca"": 1260.11043, ""Copper, Cu"": 1.9685833000000004, ""Iron, Fe"": 25.4979376, ""Magnesium, Mg"": 452.68892, ""Manganese, Mn"": 3.6500026799999996, ""Phosphorus, P"": 1528.10454, ""Sodium, Na"": 2565.779130000001, ""Potassium, K"": 6561.599700000001, ""Zinc, Zn"": 19.1023197, ""Carbohydrate, by difference"": 303.17466199999996, ""Fiber, total dietary"": 40.9891365, ""Protein"": 114.9968175, ""Energy"": 2643.7335300000004, ""Vitamin A"": 1935.6809, ""Vitamin B-6"": 4.6448962, ""Vitamin B-12"": 15.314302, ""Vitamin C, total ascorbic acid"": 486.67553999999996, ""Vitamin D"": 0.5306533, ""Vitamin E (alpha-tocopherol)"": 31.7399251, ""Thiamin"": 8.425393199999998, ""Riboflavin"": 4.240152200000001, ""Niacin"": 26.579062199999996, ""Pantothenic acid"": 31.618941000000003, ""Vitamin B-9 Folic acid"": 583.0452899999999, ""Vitamin B-7"": 22.117451, ""Total lipid (fat)"": 136.77018819999998}","{""Calcium, Ca"": [1000.0, 2500.0], ""Copper, Cu"": [0.9, 10.0], ""Iron, Fe"": [18.0, 45.0], ""Magnesium, Mg"": [310.0, 660.0], ""Manganese, Mn"": [1.8, 11.0], ""Phosphorus, P"": [700.0, 4000.0], ""Sodium, Na"": [1500.0, 2300.0], ""Potassium, K"": [4700.0, 10000.0], ""Zinc, Zn"": [8.0, 40.0], ""Carbohydrate, by difference"": [170.0, 300.0], ""Fiber, total dietary"": [20.0, 9999.0], ""Protein"": [40.0, 100.0], ""Energy"": [2000.0, 2400.0], ""Vitamin A"": [700.0, 3000.0], ""Vitamin B-6"": [1.3, 100.0], ""Vitamin B-12"": [2.4, 10000.0], ""Vitamin C, total ascorbic acid"": [75.0, 2000.0], ""Vitamin D"": [600.0, 4000.0], ""Vitamin E (alpha-tocopherol)"": [15.0, 1000.0], ""Thiamin"": [1.1, 10000.0], ""Riboflavin"": [1.1, 10000.0], ""Niacin"": [14.0, 35.0], ""Pantothenic acid"": [5.0, 10000.0], ""Vitamin B-9 Folic acid"": [400.0, 1000.0], ""Vitamin B-7"": [30.0, 10000.0], ""Total lipid (fat)"": [40.0, 120.0]}"
NSGA-II,1,with_diversity,22,11.7,13.4,417.0,0.628089,0.628089,7,"[7, 59, 82]","[198, 172, 214, 110, 189, 139, 245]","[7, 59, 82, 198, 172, 214, 110, 189, 139, 245]","{""Calcium, Ca"": 789.89144, ""Copper, Cu"": 1.726435, ""Iron, Fe"": 15.997745, ""Magnesium, Mg"": 365.10709999999995, ""Manganese, Mn"": 4.319815999999999, ""Phosphorus, P"": 1272.4593, ""Sodium, Na"": 2225.9246700000003, ""Potassium, K"": 4539.709000000001, ""Zinc, Zn"": 8.442651000000001, ""Carbohydrate, by difference"": 241.57876000000002, ""Fiber, total dietary"": 55.8662509, ""Protein"": 65.70911600000001, ""Energy"": 2396.3125, ""Vitamin A"": 319.3303200000001, ""Vitamin B-6"": 2.2613354, ""Vitamin B-12"": 5.280796100000001, ""Vitamin C, total ascorbic acid"": 398.89288, ""Vitamin D"": 2.9784183000000004, ""Vitamin E (alpha-tocopherol)"": 37.982220000000005, ""Thiamin"": 3.359527, ""Riboflavin"": 1.9929931, ""Niacin"": 9.511963, ""Pantothenic acid"": 101.526623, ""Vitamin B-9 Folic acid"": 545.7725, ""Vitamin B-7"": 12.961825, ""Total lipid (fat)"": 137.96997}","{""Calcium, Ca"": [1000.0, 2500.0], ""Copper, Cu"": [0.9, 10.0], ""Iron, Fe"": [18.0, 45.0], ""Magnesium, Mg"": [310.0, 660.0], ""Manganese, Mn"": [1.8, 11.0], ""Phosphorus, P"": [700.0, 4000.0], ""Sodium, Na"": [1500.0, 2300.0], ""Potassium, K"": [4700.0, 10000.0], ""Zinc, Zn"": [8.0, 40.0], ""Carbohydrate, by difference"": [170.0, 300.0], ""Fiber, total dietary"": [20.0, 9999.0], ""Protein"": [40.0, 100.0], ""Energy"": [2000.0, 2400.0], ""Vitamin A"": [700.0, 3000.0], ""Vitamin B-6"": [1.3, 100.0], ""Vitamin B-12"": [2.4, 10000.0], ""Vitamin C, total ascorbic acid"": [75.0, 2000.0], ""Vitamin D"": [600.0, 4000.0], ""Vitamin E (alpha-tocopherol)"": [15.0, 1000.0], ""Thiamin"": [1.1, 10000.0], ""Riboflavin"": [1.1, 10000.0], ""Niacin"": [14.0, 35.0], ""Pantothenic acid"": [5.0, 10000.0], ""Vitamin B-9 Folic acid"": [400.0, 1000.0], ""Vitamin B-7"": [30.0, 10000.0], ""Total lipid (fat)"": [40.0, 120.0]}"
NSGA-II,1,with_diversity,23,8.8,11.22,225.0,2.025174,2.025174,6,"[62, 35, 64]","[185, 339, 139]","[62, 35, 64, 185, 339, 139]","{""Calcium, Ca"": 620.4647, ""Copper, Cu"": 0.8207280000000001, ""Iron, Fe"": 6.96312, ""Magnesium, Mg"": 146.7145, ""Manganese, Mn"": 7.4224879999999995, ""Phosphorus, P"": 491.9989, ""Sodium, Na"": 1745.247, ""Potassium, K"": 2064.299, ""Zinc, Zn"": 3.4712680000000002, ""Carbohydrate, by difference"": 279.32439999999997, ""Fiber, total dietary"": 14.40993, ""Protein"": 38.94034, ""Energy"": 2438.187, ""Vitamin A"": 904.9912099999999, ""Vitamin B-6"": 0.9392440000000001, ""Vitamin B-12"": 16.668248, ""Vitamin C, total ascorbic acid"": 227.90233999999998, ""Vitamin D"": 11.700176, ""Vitamin E (alpha-tocopherol)"": 14.86355, ""Thiamin"": 2.3703700000000003, ""Riboflavin"": 0.63422, ""Niacin"": 4.978584, ""Pantothenic acid"": 5.26547, ""Vitamin B-9 Folic acid"": 225.7152, ""Vitamin B-7"": 12.507336, ""Total lipid (fat)"": 137.992}","{""Calcium, Ca"": [1000.0, 2500.0], ""Copper, Cu"": [0.9, 10.0], ""Iron, Fe"": [18.0, 45.0], ""Magnesium, Mg"": [310.0, 660.0], ""Manganese, Mn"": [1.8, 11.0], ""Phosphorus, P"": [700.0, 4000.0], ""Sodium, Na"": [1500.0, 2300.0], ""Potassium, K"": [4700.0, 10000.0], ""Zinc, Zn"": [8.0, 40.0], ""Carbohydrate, by difference"": [170.0, 300.0], ""Fiber, total dietary"": [20.0, 9999.0], ""Protein"": [40.0, 100.0], ""Energy"": [2000.0, 2400.0], ""Vitamin A"": [700.0, 3000.0], ""Vitamin B-6"": [1.3, 100.0], ""Vitamin B-12"": [2.4, 10000.0], ""Vitamin C, total ascorbic acid"": [75.0, 2000.0], ""Vitamin D"": [600.0, 4000.0], ""Vitamin E (alpha-tocopherol)"": [15.0, 1000.0], ""Thiamin"": [1.1, 10000.0], ""Riboflavin"": [1.1, 10000.0], ""Niacin"": [14.0, 35.0], ""Pantothenic acid"": [5.0, 10000.0], ""Vitamin B-9 Folic acid"": [400.0, 1000.0], ""Vitamin B-7"": [30.0, 10000.0], ""Total lipid (fat)"": [40.0, 120.0]}"
NSGA-II,1,with_diversity,24,77.3,35.28,670.0,1.048406,1.048406,13,"[57, 13, 7, 28, 34]","[393, 155, 319, 270, 294, 272, 404, 348, 234, 264, 158, 139, 336]","[57, 13, 7, 28, 34, 393, 155, 319, 270, 294, 272, 404, 348, 234, 264, 158, 139, 336]","{""Calcium, Ca"": 700.6771299999999, ""Copper, Cu"": 1.4149624000000003, ""Iron, Fe"": 15.25035, ""Magnesium, Mg"": 425.51135, ""Manganese, Mn"": 2.8827481799999997, ""Phosphorus, P"": 1429.7441000000001, ""Sodium, Na"": 2530.9520000000007, ""Potassium, K"": 4733.6358, ""Zinc, Zn"": 9.0275079, ""Carbohydrate, by difference"": 282.597502, ""Fiber, total dietary"": 37.217184, ""Protein"": 114.98813000000001, ""Energy"": 2722.7287, ""Vitamin A"": 75.74815, ""Vitamin B-6"": 3.4328431999999998, ""Vitamin B-12"": 20.412818299999998, ""Vitamin C, total ascorbic acid"": 384.632038, ""Vitamin D"": 0.30706490000000003, ""Vitamin E (alpha-tocopherol)"": 53.1231931, ""Thiamin"": 7.5706354000000005, ""Riboflavin"": 4.3998388, ""Niacin"": 35.656313000000004, ""Pantothenic acid"": 34.4494551, ""Vitamin B-9 Folic acid"": 359.93699999999995, ""Vitamin B-7"": 27.27469, ""Total lipid (fat)"": 137.08734}","{""Calcium, Ca"": [1000.0, 2500.0], ""Copper, Cu"": [0.9, 10.0], ""Iron, Fe"": [18.0, 45.0], ""Magnesium, Mg"": [310.0, 660.0], ""Manganese, Mn"": [1.8, 11.0], ""Phosphorus, P"": [700.0, 4000.0], ""Sodium, Na"": [1500.0, 2300.0], ""Potassium, K"": [4700.0, 10000.0], ""Zinc, Zn"": [8.0, 40.0], ""Carbohydrate, by difference"": [170.0, 300.0], ""Fiber, total dietary"": [20.0, 9999.0], ""Protein"": [40.0, 100.0], ""Energy"": [2000.0, 2400.0], ""Vitamin A"": [700.0, 3000.0], ""Vitamin B-6"": [1.3, 100.0], ""Vitamin B-12"": [2.4, 10000.0], ""Vitamin C, total ascorbic acid"": [75.0, 2000.0], ""Vitamin D"": [600.0, 4000.0], ""Vitamin E (alpha-tocopherol)"": [15.0, 1000.0], ""Thiamin"": [1.1, 10000.0], ""Riboflavin"": [1.1, 10000.0], ""Niacin"": [14.0, 35.0], ""Pantothenic acid"": [5.0, 10000.0], ""Vitamin B-9 Folic acid"": [400.0, 1000.0], ""Vitamin B-7"": [30.0, 10000.0], ""Total lipid (fat)"": [40.0, 120.0]}"
NSGA-II,1,with_diversity,25,48.3,29.36,805.0,0.825503,0.825503,12,"[51, 52, 7, 75, 13]","[149, 151, 346, 215, 404, 159, 303, 158, 105, 212]","[51, 52, 7, 75, 13, 149, 151, 346, 215, 404, 159, 303, 158, 105, 212]","{""Calcium, Ca"": 950.3036999999999, ""Copper, Cu"": 1.8287160000000002, ""Iron, Fe"": 21.462345, ""Magnesium, Mg"": 551.6135, ""Manganese, Mn"": 7.305811899999999, ""Phosphorus, P"": 1558.3738999999998, ""Sodium, Na"": 2622.8919400000004, ""Potassium, K"": 4693.2074999999995, ""Zinc, Zn"": 16.2004489, ""Carbohydrate, by difference"": 280.01324, ""Fiber, total dietary"": 38.708560000000006, ""Protein"": 114.85445, ""Energy"": 2745.751, ""Vitamin A"": 269.66497000000004, ""Vitamin B-6"": 4.610930400000001, ""Vitamin B-12"": 26.963556599999997, ""Vitamin C, total ascorbic acid"": 191.33086200000002, ""Vitamin D"": 0.0648414, ""Vitamin E (alpha-tocopherol)"": 65.50814, ""Thiamin"": 4.8983293, ""Riboflavin"": 5.9175604, ""Niacin"": 33.29208, ""Pantothenic acid"": 48.46660899999999, ""Vitamin B-9 Folic acid"": 363.16515, ""Vitamin B-7"": 33.194812999999996, ""Total lipid (fat)"": 133.142118}","{""Calcium, Ca"": [1000.0, 2500.0], ""Copper, Cu"": [0.9, 10.0], ""Iron, Fe"": [18.0, 45.0], ""Magnesium, Mg"": [310.0, 660.0], ""Manganese, Mn"": [1.8, 11.0], ""Phosphorus, P"": [700.0, 4000.0], ""Sodium, Na"": [1500.0, 2300.0], ""Potassium, K"": [4700.0, 10000.0], ""Zinc, Zn"": [8.0, 40.0], ""Carbohydrate, by difference"": [170.0, 300.0], ""Fiber, total dietary"": [20.0, 9999.0], ""Protein"": [40.0, 100.0], ""Energy"": [2000.0, 2400.0], ""Vitamin A"": [700.0, 3000.0], ""Vitamin B-6"": [1.3, 100.0], ""Vitamin B-12"": [2.4, 10000.0], ""Vitamin C, total ascorbic acid"": [75.0, 2000.0], ""Vitamin D"": [600.0, 4000.0], ""Vitamin E (alpha-tocopherol)"": [15.0, 1000.0], ""Thiamin"": [1.1, 10000.0], ""Riboflavin"": [1.1, 10000.0], ""Niacin"": [14.0, 35.0], ""Pantothenic acid"": [5.0, 10000.0], ""Vitamin B-9 Folic acid"": [400.0, 1000.0], ""Vitamin B-7"": [30.0, 10000.0], ""Total lipid (fat)"": [40.0, 120.0]}"
NSGA-II,1,with_diversity,26,37.0,20.86,780.0,1.420343,1.420343,9,"[72, 30]","[269, 154, 252, 123, 284, 388, 234, 151, 276, 274, 336, 245]","[72, 30, 269, 154, 252, 123, 284, 388, 234, 151, 276, 274, 336, 245]","{""Calcium, Ca"": 852.4611379999999, ""Copper, Cu"": 1.2959372000000002, ""Iron, Fe"": 9.949685300000002, ""Magnesium, Mg"": 295.93374, ""Manganese, Mn"": 1.7296398, ""Phosphorus, P"": 1041.9847128, ""Sodium, Na"": 2256.8417999999997, ""Potassium, K"": 3312.7880880000007, ""Zinc, Zn"": 7.194774000000001, ""Carbohydrate, by difference"": 344.41206000000005, ""Fiber, total dietary"": 23.897016, ""Protein"": 62.2873933, ""Energy"": 2706.8774000000003, ""Vitamin A"": 792.1786100000002, ""Vitamin B-6"": 1.484238, ""Vitamin B-12"": 3.1616207, ""Vitamin C, total ascorbic acid"": 77.974637, ""Vitamin D"": 0.411458, ""Vitamin E (alpha-tocopherol)"": 31.153489999999998, ""Thiamin"": 17.0251717, ""Riboflavin"": 1.6729226000000004, ""Niacin"": 7.486187000000001, ""Pantothenic acid"": 67.1167, ""Vitamin B-9 Folic acid"": 223.76029999999997, ""Vitamin B-7"": 14.939521999999998, ""Total lipid (fat)"": 127.61948}","{""Calcium, Ca"": [1000.0, 2500.0], ""Copper, Cu"": [0.9, 10.0], ""Iron, Fe"": [18.0, 45.0], ""Magnesium, Mg"": [310.0, 660.0], ""Manganese, Mn"": [1.8, 11.0], ""Phosphorus, P"": [700.0, 4000.0], ""Sodium, Na"": [1500.0, 2300.0], ""Potassium, K"": [4700.0, 10000.0], ""Zinc, Zn"": [8.0, 40.0], ""Carbohydrate, by difference"": [170.0, 300.0], ""Fiber, total dietary"": [20.0, 9999.0], ""Protein"": [40.0, 100.0], ""Energy"": [2000.0, 2400.0], ""Vitamin A"": [700.0, 3000.0], ""Vitamin B-6"": [1.3, 100.0], ""Vitamin B-12"": [2.4, 10000.0], ""Vitamin C, total ascorbic acid"": [75.0, 2000.0], ""Vitamin D"": [600.0, 4000.0], ""Vitamin E (alpha-tocopherol)"": [15.0, 1000.0], ""Thiamin"": [1.1, 10000.0], ""Riboflavin"": [1.1, 10000.0], ""Niacin"": [14.0, 35.0], ""Pantothenic acid"": [5.0, 10000.0], ""Vitamin B-9 Folic acid"": [400.0, 1000.0], ""Vitamin B-7"": [30.0, 10000.0], ""Total lipid (fat)"": [40.0, 120.0]}"
NSGA-II,1,with_diversity,27,9.7,11.22,280.0,1.057211,1.057211,6,"[67, 66]","[339, 249, 171, 139]","[67, 66, 339, 249, 171, 139]","{""Calcium, Ca"": 907.8377, ""Copper, Cu"": 1.817072, ""Iron, Fe"": 16.08059, ""Magnesium, Mg"": 438.3058, ""Manganese, Mn"": 7.42234, ""Phosphorus, P"": 1075.587, ""Sodium, Na"": 1593.2479999999998, ""Potassium, K"": 2692.5541999999996, ""Zinc, Zn"": 7.326829999999999, ""Carbohydrate, by difference"": 344.20959999999997, ""Fiber, total dietary"": 36.394, ""Protein"": 54.62199, ""Energy"": 2744.942, ""Vitamin A"": 1007.3820199999999, ""Vitamin B-6"": 1.439866, ""Vitamin B-12"": 3.95739, ""Vitamin C, total ascorbic acid"": 343.58765, ""Vitamin D"": 3.882312, ""Vitamin E (alpha-tocopherol)"": 22.155019999999997, ""Thiamin"": 3.8424700000000005, ""Riboflavin"": 3.4928700000000004, ""Niacin"": 21.76661, ""Pantothenic acid"": 13.418410000000002, ""Vitamin B-9 Folic acid"": 283.5536, ""Vitamin B-7"": 25.21552, ""Total lipid (fat)"": 137.31495999999999}","{""Calcium, Ca"": [1000.0, 2500.0], ""Copper, Cu"": [0.9, 10.0], ""Iron, Fe"": [18.0, 45.0], ""Magnesium, Mg"": [310.0, 660.0], ""Manganese, Mn"": [1.8, 11.0], ""Phosphorus, P"": [700.0, 4000.0], ""Sodium, Na"": [1500.0, 2300.0], ""Potassium, K"": [4700.0, 10000.0], ""Zinc, Zn"": [8.0, 40.0], ""Carbohydrate, by difference"": [170.0, 300.0], ""Fiber, total dietary"": [20.0, 9999.0], ""Protein"": [40.0, 100.0], ""Energy"": [2000.0, 2400.0], ""Vitamin A"": [700.0, 3000.0], ""Vitamin B-6"": [1.3, 100.0], ""Vitamin B-12"": [2.4, 10000.0], ""Vitamin C, total ascorbic acid"": [75.0, 2000.0], ""Vitamin D"": [600.0, 4000.0], ""Vitamin E (alpha-tocopherol)"": [15.0, 1000.0], ""Thiamin"": [1.1, 10000.0], ""Riboflavin"": [1.1, 10000.0], ""Niacin"": [14.0, 35.0], ""Pantothenic acid"": [5.0, 10000.0], ""Vitamin B-9 Folic acid"": [400.0, 1000.0], ""Vitamin B-7"": [30.0, 10000.0], ""Total lipid (fat)"": [40.0, 120.0]}"
NSGA-II,1,with_diversity,28,56.6,30.04,734.0,0.836356,0.836356,9,"[26, 23, 71, 62]","[331, 149, 98, 374, 294, 245, 375, 147, 313, 113]","[26, 23, 71, 62, 331, 149, 98, 374, 294, 245, 375, 147, 313, 113]","{""Calcium, Ca"": 700.439, ""Copper, Cu"": 1.9846951000000002, ""Iron, Fe"": 16.4981, ""Magnesium, Mg"": 306.4697, ""Manganese, Mn"": 2.276256, ""Phosphorus, P"": 1413.7928667, ""Sodium, Na"": 2644.70214, ""Potassium, K"": 5348.559, ""Zinc, Zn"": 10.780167500000001, ""Carbohydrate, by difference"": 291.14781999999997, ""Fiber, total dietary"": 34.218242000000004, ""Protein"": 109.56035999999999, ""Energy"": 2747.9235, ""Vitamin A"": 748.88721, ""Vitamin B-6"": 3.7583316, ""Vitamin B-12"": 42.0993728, ""Vitamin C, total ascorbic acid"": 293.426048, ""Vitamin D"": 9.3380294, ""Vitamin E (alpha-tocopherol)"": 47.68974, ""Thiamin"": 3.7948456999999998, ""Riboflavin"": 14.463510699999999, ""Niacin"": 32.262317, ""Pantothenic acid"": 89.36039400000001, ""Vitamin B-9 Folic acid"": 373.56876, ""Vitamin B-7"": 28.75875, ""Total lipid (fat)"": 136.00637799999998}","{""Calcium, Ca"": [1000.0, 2500.0], ""Copper, Cu"": [0.9, 10.0], ""Iron, Fe"": [18.0, 45.0], ""Magnesium, Mg"": [310.0, 660.0], ""Manganese, Mn"": [1.8, 11.0], ""Phosphorus, P"": [700.0, 4000.0], ""Sodium, Na"": [1500.0, 2300.0], ""Potassium, K"": [4700.0, 10000.0], ""Zinc, Zn"": [8.0, 40.0], ""Carbohydrate, by difference"": [170.0, 300.0], ""Fiber, total dietary"": [20.0, 9999.0], ""Protein"": [40.0, 100.0], ""Energy"": [2000.0, 2400.0], ""Vitamin A"": [700.0, 3000.0], ""Vitamin B-6"": [1.3, 100.0], ""Vitamin B-12"": [2.4, 10000.0], ""Vitamin C, total ascorbic acid"": [75.0, 2000.0], ""Vitamin D"": [600.0, 4000.0], ""Vitamin E (alpha-tocopherol)"": [15.0, 1000.0], ""Thiamin"": [1.1, 10000.0], ""Riboflavin"": [1.1, 10000.0], ""Niacin"": [14.0, 35.0], ""Pantothenic acid"": [5.0, 10000.0], ""Vitamin B-9 Folic acid"": [400.0, 1000.0], ""Vitamin B-7"": [30.0, 10000.0], ""Total lipid (fat)"": [40.0, 120.0]}"
NSGA-II,1,with_diversity,29,45.2,31.6,208.0,0.576264,0.576264,7,"[51, 50, 20]","[330, 122, 168, 317, 264, 158, 353, 161]","[51, 50, 20, 330, 122, 168, 317, 264, 158, 353, 161]","{""Calcium, Ca"": 1038.217, ""Copper, Cu"": 1.9074491, ""Iron, Fe"": 19.823660000000004, ""Magnesium, Mg"": 467.1871, ""Manganese, Mn"": 3.2820301, ""Phosphorus, P"": 1247.2064, ""Sodium, Na"": 2629.9596, ""Potassium, K"": 4545.4412, ""Zinc, Zn"": 9.3413701, ""Carbohydrate, by difference"": 339.97920999999997, ""Fiber, total dietary"": 57.371121, ""Protein"": 90.80856000000001, ""Energy"": 2425.4446000000003, ""Vitamin A"": 1304.0884500000002, ""Vitamin B-6"": 3.6026179999999997, ""Vitamin B-12"": 36.039032, ""Vitamin C, total ascorbic acid"": 327.15743399999997, ""Vitamin D"": 8.590175400000001, ""Vitamin E (alpha-tocopherol)"": 27.467950000000002, ""Thiamin"": 4.611590099999999, ""Riboflavin"": 4.325625, ""Niacin"": 10.285325, ""Pantothenic acid"": 157.15979000000002, ""Vitamin B-9 Folic acid"": 336.49650999999994, ""Vitamin B-7"": 14.307349, ""Total lipid (fat)"": 109.05935}","{""Calcium, Ca"": [1000.0, 2500.0], ""Copper, Cu"": [0.9, 10.0], ""Iron, Fe"": [18.0, 45.0], ""Magnesium, Mg"": [310.0, 660.0], ""Manganese, Mn"": [1.8, 11.0], ""Phosphorus, P"": [700.0, 4000.0], ""Sodium, Na"": [1500.0, 2300.0], ""Potassium, K"": [4700.0, 10000.0], ""Zinc, Zn"": [8.0, 40.0], ""Carbohydrate, by difference"": [170.0, 300.0], ""Fiber, total dietary"": [20.0, 9999.0], ""Protein"": [40.0, 100.0], ""Energy"": [2000.0, 2400.0], ""Vitamin A"": [700.0, 3000.0], ""Vitamin B-6"": [1.3, 100.0], ""Vitamin B-12"": [2.4, 10000.0], ""Vitamin C, total ascorbic acid"": [75.0, 2000.0], ""Vitamin D"": [600.0, 4000.0], ""Vitamin E (alpha-tocopherol)"": [15.0, 1000.0], ""Thiamin"": [1.1, 10000.0], ""Riboflavin"": [1.1, 10000.0], ""Niacin"": [14.0, 35.0], ""Pantothenic acid"": [5.0, 10000.0], ""Vitamin B-9 Folic acid"": [400.0, 1000.0], ""Vitamin B-7"": [30.0, 10000.0], ""Total lipid (fat)"": [40.0, 120.0]}"
NSGA-II,1,with_diversity,30,3.2,23.95,285.0,0.885397,0.885397,6,"[72, 30]","[100, 334, 176, 252, 160, 375, 330, 336]","[72, 30, 100, 334, 176, 252, 160, 375, 330, 336]","{""Calcium, Ca"": 751.8439000000001, ""Copper, Cu"": 1.813692, ""Iron, Fe"": 18.154629999999997, ""Magnesium, Mg"": 307.21099999999996, ""Manganese, Mn"": 2.6108959999999994, ""Phosphorus, P"": 1154.6858000000002, ""Sodium, Na"": 1204.6041999999998, ""Potassium, K"": 4807.466, ""Zinc, Zn"": 18.03352, ""Carbohydrate, by difference"": 299.07714, ""Fiber, total dietary"": 25.75949, ""Protein"": 89.66504999999998, ""Energy"": 2717.1386, ""Vitamin A"": 1538.72811, ""Vitamin B-6"": 3.7208750000000004, ""Vitamin B-12"": 7.63713, ""Vitamin C, total ascorbic acid"": 415.9221, ""Vitamin D"": 0.2859047, ""Vitamin E (alpha-tocopherol)"": 32.15344, ""Thiamin"": 4.87732, ""Riboflavin"": 1.8924839999999998, ""Niacin"": 19.449170000000002, ""Pantothenic acid"": 133.335193, ""Vitamin B-9 Folic acid"": 335.44809999999995, ""Vitamin B-7"": 9.45774, ""Total lipid (fat)"": 137.99043999999998}","{""Calcium, Ca"": [1000.0, 2500.0], ""Copper, Cu"": [0.9, 10.0], ""Iron, Fe"": [18.0, 45.0], ""Magnesium, Mg"": [310.0, 660.0], ""Manganese, Mn"": [1.8, 11.0], ""Phosphorus, P"": [700.0, 4000.0], ""Sodium, Na"": [1500.0, 2300.0], ""Potassium, K"": [4700.0, 10000.0], ""Zinc, Zn"": [8.0, 40.0], ""Carbohydrate, by difference"": [170.0, 300.0], ""Fiber, total dietary"": [20.0, 9999.0], ""Protein"": [40.0, 100.0], ""Energy"": [2000.0, 2400.0], ""Vitamin A"": [700.0, 3000.0], ""Vitamin B-6"": [1.3, 100.0], ""Vitamin B-12"": [2.4, 10000.0], ""Vitamin C, total ascorbic acid"": [75.0, 2000.0], ""Vitamin D"": [600.0, 4000.0], ""Vitamin E (alpha-tocopherol)"": [15.0, 1000.0], ""Thiamin"": [1.1, 10000.0], ""Riboflavin"": [1.1, 10000.0], ""Niacin"": [14.0, 35.0], ""Pantothenic acid"": [5.0, 10000.0], ""Vitamin B-9 Folic acid"": [400.0, 1000.0], ""Vitamin B-7"": [30.0, 10000.0], ""Total lipid (fat)"": [40.0, 120.0]}"
NSGA-II,1,with_diversity,31,30.0,20.13,610.0,0.97231,0.97231,10,"[54, 64, 70]","[372, 252, 98, 377, 111, 160, 112, 191, 328, 254, 139]","[54, 64, 70, 372, 252, 98, 377, 111, 160, 112, 191, 328, 254, 139]","{""Calcium, Ca"": 493.90430000000003, ""Copper, Cu"": 1.7085178000000003, ""Iron, Fe"": 15.888962000000001, ""Magnesium, Mg"": 400.5307, ""Manganese, Mn"": 10.948494100000001, ""Phosphorus, P"": 1201.5994, ""Sodium, Na"": 1614.1415000000002, ""Potassium, K"": 4453.478999999999, ""Zinc, Zn"": 13.789117999999998, ""Carbohydrate, by difference"": 326.6117900000001, ""Fiber, total dietary"": 30.416789, ""Protein"": 69.06794, ""Energy"": 2742.0975999999996, ""Vitamin A"": 656.23228, ""Vitamin B-6"": 3.2778706999999994, ""Vitamin B-12"": 4.502221, ""Vitamin C, total ascorbic acid"": 376.34620400000006, ""Vitamin D"": 0.28131139999999993, ""Vitamin E (alpha-tocopherol)"": 51.494780000000006, ""Thiamin"": 10.063518, ""Riboflavin"": 5.8123656, ""Niacin"": 10.202753, ""Pantothenic acid"": 31.764967, ""Vitamin B-9 Folic acid"": 400.32345999999995, ""Vitamin B-7"": 29.381804000000002, ""Total lipid (fat)"": 137.98568}","{""Calcium, Ca"": [1000.0, 2500.0], ""Copper, Cu"": [0.9, 10.0], ""Iron, Fe"": [18.0, 45.0], ""Magnesium, Mg"": [310.0, 660.0], ""Manganese, Mn"": [1.8, 11.0], ""Phosphorus, P"": [700.0, 4000.0], ""Sodium, Na"": [1500.0, 2300.0], ""Potassium, K"": [4700.0, 10000.0], ""Zinc, Zn"": [8.0, 40.0], ""Carbohydrate, by difference"": [170.0, 300.0], ""Fiber, total dietary"": [20.0, 9999.0], ""Protein"": [40.0, 100.0], ""Energy"": [2000.0, 2400.0], ""Vitamin A"": [700.0, 3000.0], ""Vitamin B-6"": [1.3, 100.0], ""Vitamin B-12"": [2.4, 10000.0], ""Vitamin C, total ascorbic acid"": [75.0, 2000.0], ""Vitamin D"": [600.0, 4000.0], ""Vitamin E (alpha-tocopherol)"": [15.0, 1000.0], ""Thiamin"": [1.1, 10000.0], ""Riboflavin"": [1.1, 10000.0], ""Niacin"": [14.0, 35.0], ""Pantothenic acid"": [5.0, 10000.0], ""Vitamin B-9 Folic acid"": [400.0, 1000.0], ""Vitamin B-7"": [30.0, 10000.0], ""Total lipid (fat)"": [40.0, 120.0]}"
NSGA-II,1,with_diversity,32,96.2,45.12,859.0,0.786906,0.786906,11,"[26, 21, 1, 5, 80, 74, 23]","[99, 331, 149, 98, 374, 294, 245, 329, 375, 343, 108, 147, 266, 161]","[26, 21, 1, 5, 80, 74, 23, 99, 331, 149, 98, 374, 294, 245, 329, 375, 343, 108, 147, 266, 161]","{""Calcium, Ca"": 693.64894, ""Copper, Cu"": 2.140666, ""Iron, Fe"": 20.559738399999997, ""Magnesium, Mg"": 425.6028, ""Manganese, Mn"": 3.3482429999999996, ""Phosphorus, P"": 1507.87894, ""Sodium, Na"": 2619.7555700000003, ""Potassium, K"": 5511.1296, ""Zinc, Zn"": 11.334268600000001, ""Carbohydrate, by difference"": 308.09033999999997, ""Fiber, total dietary"": 29.942717599999995, ""Protein"": 106.7339035, ""Energy"": 2752.07733, ""Vitamin A"": 754.4867859999999, ""Vitamin B-6"": 3.5710646999999995, ""Vitamin B-12"": 37.3760418, ""Vitamin C, total ascorbic acid"": 302.3400347, ""Vitamin D"": 0.8725206000000001, ""Vitamin E (alpha-tocopherol)"": 60.04288, ""Thiamin"": 7.9150638, ""Riboflavin"": 7.0442735999999995, ""Niacin"": 35.9668372, ""Pantothenic acid"": 55.4597492, ""Vitamin B-9 Folic acid"": 393.82059, ""Vitamin B-7"": 22.475512, ""Total lipid (fat)"": 136.72982020000003}","{""Calcium, Ca"": [1000.0, 2500.0], ""Copper, Cu"": [0.9, 10.0], ""Iron, Fe"": [18.0, 45.0], ""Magnesium, Mg"": [310.0, 660.0], ""Manganese, Mn"": [1.8, 11.0], ""Phosphorus, P"": [700.0, 4000.0], ""Sodium, Na"": [1500.0, 2300.0], ""Potassium, K"": [4700.0, 10000.0], ""Zinc, Zn"": [8.0, 40.0], ""Carbohydrate, by difference"": [170.0, 300.0], ""Fiber, total dietary"": [20.0, 9999.0], ""Protein"": [40.0, 100.0], ""Energy"": [2000.0, 2400.0], ""Vitamin A"": [700.0, 3000.0], ""Vitamin B-6"": [1.3, 100.0], ""Vitamin B-12"": [2.4, 10000.0], ""Vitamin C, total ascorbic acid"": [75.0, 2000.0], ""Vitamin D"": [600.0, 4000.0], ""Vitamin E (alpha-tocopherol)"": [15.0, 1000.0], ""Thiamin"": [1.1, 10000.0], ""Riboflavin"": [1.1, 10000.0], ""Niacin"": [14.0, 35.0], ""Pantothenic acid"": [5.0, 10000.0], ""Vitamin B-9 Folic acid"": [400.0, 1000.0], ""Vitamin B-7"": [30.0, 10000.0], ""Total lipid (fat)"": [40.0, 120.0]}"
NSGA-II,1,with_diversity,33,58.4,37.77,690.0,0.792992,0.792992,11,"[16, 5, 26, 70, 39, 4]","[123, 95, 232, 133, 366, 334, 286, 161, 336, 284, 266, 245]","[16, 5, 26, 70, 39, 4, 123, 95, 232, 133, 366, 334, 286, 161, 336, 284, 266, 245]","{""Calcium, Ca"": 712.6229979999999, ""Copper, Cu"": 1.6980287, ""Iron, Fe"": 16.1239529, ""Magnesium, Mg"": 317.68727999999993, ""Manganese, Mn"": 2.4386034, ""Phosphorus, P"": 1192.1955328, ""Sodium, Na"": 2301.94643, ""Potassium, K"": 4625.000088000001, ""Zinc, Zn"": 8.577897600000002, ""Carbohydrate, by difference"": 344.47492, ""Fiber, total dietary"": 43.57377460000001, ""Protein"": 89.03222079999999, ""Energy"": 2692.5389300000006, ""Vitamin A"": 358.28044, ""Vitamin B-6"": 2.485847, ""Vitamin B-12"": 35.498828, ""Vitamin C, total ascorbic acid"": 262.78212399999995, ""Vitamin D"": 0.20227699999999998, ""Vitamin E (alpha-tocopherol)"": 40.765710000000006, ""Thiamin"": 5.0830910000000005, ""Riboflavin"": 6.860554699999999, ""Niacin"": 28.556440200000004, ""Pantothenic acid"": 111.90064, ""Vitamin B-9 Folic acid"": 450.28591, ""Vitamin B-7"": 11.604776, ""Total lipid (fat)"": 133.0106002}","{""Calcium, Ca"": [1000.0, 2500.0], ""Copper, Cu"": [0.9, 10.0], ""Iron, Fe"": [18.0, 45.0], ""Magnesium, Mg"": [310.0, 660.0], ""Manganese, Mn"": [1.8, 11.0], ""Phosphorus, P"": [700.0, 4000.0], ""Sodium, Na"": [1500.0, 2300.0], ""Potassium, K"": [4700.0, 10000.0], ""Zinc, Zn"": [8.0, 40.0], ""Carbohydrate, by difference"": [170.0, 300.0], ""Fiber, total dietary"": [20.0, 9999.0], ""Protein"": [40.0, 100.0], ""Energy"": [2000.0, 2400.0], ""Vitamin A"": [700.0, 3000.0], ""Vitamin B-6"": [1.3, 100.0], ""Vitamin B-12"": [2.4, 10000.0], ""Vitamin C, total ascorbic acid"": [75.0, 2000.0], ""Vitamin D"": [600.0, 4000.0], ""Vitamin E (alpha-tocopherol)"": [15.0, 1000.0], ""Thiamin"": [1.1, 10000.0], ""Riboflavin"": [1.1, 10000.0], ""Niacin"": [14.0, 35.0], ""Pantothenic acid"": [5.0, 10000.0], ""Vitamin B-9 Folic acid"": [400.0, 1000.0], ""Vitamin B-7"": [30.0, 10000.0], ""Total lipid (fat)"": [40.0, 120.0]}"
NSGA-II,1,with_diversity,34,64.9,45.53,277.0,0.884056,0.884056,10,"[26, 21, 1, 5, 80, 74, 62]","[245, 218, 329, 375, 343, 260, 108, 147, 113, 251]","[26, 21, 1, 5, 80, 74, 62, 245, 218, 329, 375, 343, 260, 108, 147, 113, 251]","{""Calcium, Ca"": 914.097, ""Copper, Cu"": 1.4904048, ""Iron, Fe"": 17.654246399999998, ""Magnesium, Mg"": 370.01093, ""Manganese, Mn"": 3.3616772000000004, ""Phosphorus, P"": 1137.1495667000002, ""Sodium, Na"": 2605.0029100000006, ""Potassium, K"": 5213.5217, ""Zinc, Zn"": 9.513026100000001, ""Carbohydrate, by difference"": 341.80738999999994, ""Fiber, total dietary"": 46.051172599999994, ""Protein"": 68.2254855, ""Energy"": 2720.7571000000003, ""Vitamin A"": 72.39513600000001, ""Vitamin B-6"": 2.6024119000000003, ""Vitamin B-12"": 48.448489, ""Vitamin C, total ascorbic acid"": 277.6665547, ""Vitamin D"": 8.6790911, ""Vitamin E (alpha-tocopherol)"": 40.999469999999995, ""Thiamin"": 4.948211700000001, ""Riboflavin"": 6.8026605, ""Niacin"": 13.487624000000002, ""Pantothenic acid"": 53.957906300000005, ""Vitamin B-9 Folic acid"": 567.6983299999999, ""Vitamin B-7"": 19.806295, ""Total lipid (fat)"": 134.142338}","{""Calcium, Ca"": [1000.0, 2500.0], ""Copper, Cu"": [0.9, 10.0], ""Iron, Fe"": [18.0, 45.0], ""Magnesium, Mg"": [310.0, 660.0], ""Manganese, Mn"": [1.8, 11.0], ""Phosphorus, P"": [700.0, 4000.0], ""Sodium, Na"": [1500.0, 2300.0], ""Potassium, K"": [4700.0, 10000.0], ""Zinc, Zn"": [8.0, 40.0], ""Carbohydrate, by difference"": [170.0, 300.0], ""Fiber, total dietary"": [20.0, 9999.0], ""Protein"": [40.0, 100.0], ""Energy"": [2000.0, 2400.0], ""Vitamin A"": [700.0, 3000.0], ""Vitamin B-6"": [1.3, 100.0], ""Vitamin B-12"": [2.4, 10000.0], ""Vitamin C, total ascorbic acid"": [75.0, 2000.0], ""Vitamin D"": [600.0, 4000.0], ""Vitamin E (alpha-tocopherol)"": [15.0, 1000.0], ""Thiamin"": [1.1, 10000.0], ""Riboflavin"": [1.1, 10000.0], ""Niacin"": [14.0, 35.0], ""Pantothenic acid"": [5.0, 10000.0], ""Vitamin B-9 Folic acid"": [400.0, 1000.0], ""Vitamin B-7"": [30.0, 10000.0], ""Total lipid (fat)"": [40.0, 120.0]}"
NSGA-II,1,with_diversity,35,73.6,42.43,822.0,0.805907,0.805907,10,"[1, 5, 80, 74, 13, 54]","[149, 98, 374, 294, 245, 327, 329, 362, 375, 343, 147, 266, 336]","[1, 5, 80, 74, 13, 54, 149, 98, 374, 294, 245, 327, 329, 362, 375, 343, 147, 266, 336]","{""Calcium, Ca"": 668.50072, ""Copper, Cu"": 2.0641616, ""Iron, Fe"": 21.586724599999997, ""Magnesium, Mg"": 448.58216999999996, ""Manganese, Mn"": 3.445224399999999, ""Phosphorus, P"": 1536.0051400000002, ""Sodium, Na"": 2559.1563200000005, ""Potassium, K"": 5934.6789, ""Zinc, Zn"": 11.427386600000002, ""Carbohydrate, by difference"": 313.37009, ""Fiber, total dietary"": 29.157886599999994, ""Protein"": 102.78878749999998, ""Energy"": 2747.1402299999995, ""Vitamin A"": 560.77512, ""Vitamin B-6"": 3.8381458, ""Vitamin B-12"": 35.8851618, ""Vitamin C, total ascorbic acid"": 230.47417699999997, ""Vitamin D"": 0.32439650000000003, ""Vitamin E (alpha-tocopherol)"": 59.11742, ""Thiamin"": 6.2061003, ""Riboflavin"": 6.4379655, ""Niacin"": 36.5765792, ""Pantothenic acid"": 51.245106, ""Vitamin B-9 Folic acid"": 413.13462, ""Vitamin B-7"": 26.578322, ""Total lipid (fat)"": 136.07255020000002}","{""Calcium, Ca"": [1000.0, 2500.0], ""Copper, Cu"": [0.9, 10.0], ""Iron, Fe"": [18.0, 45.0], ""Magnesium, Mg"": [310.0, 660.0], ""Manganese, Mn"": [1.8, 11.0], ""Phosphorus, P"": [700.0, 4000.0], ""Sodium, Na"": [1500.0, 2300.0], ""Potassium, K"": [4700.0, 10000.0], ""Zinc, Zn"": [8.0, 40.0], ""Carbohydrate, by difference"": [170.0, 300.0], ""Fiber, total dietary"": [20.0, 9999.0], ""Protein"": [40.0, 100.0], ""Energy"": [2000.0, 2400.0], ""Vitamin A"": [700.0, 3000.0], ""Vitamin B-6"": [1.3, 100.0], ""Vitamin B-12"": [2.4, 10000.0], ""Vitamin C, total ascorbic acid"": [75.0, 2000.0], ""Vitamin D"": [600.0, 4000.0], ""Vitamin E (alpha-tocopherol)"": [15.0, 1000.0], ""Thiamin"": [1.1, 10000.0], ""Riboflavin"": [1.1, 10000.0], ""Niacin"": [14.0, 35.0], ""Pantothenic acid"": [5.0, 10000.0], ""Vitamin B-9 Folic acid"": [400.0, 1000.0], ""Vitamin B-7"": [30.0, 10000.0], ""Total lipid (fat)"": [40.0, 120.0]}"
NSGA-II,1,with_diversity,36,23.2,22.83,255.0,0.424069,0.424069,9,"[5, 15, 74, 81, 68, 11]","[176, 118, 126, 160]","[5, 15, 74, 81, 68, 11, 176, 118, 126, 160]","{""Calcium, Ca"": 763.85738, ""Copper, Cu"": 1.3240655000000001, ""Iron, Fe"": 25.1995686, ""Magnesium, Mg"": 396.68692999999996, ""Manganese, Mn"": 3.0491392, ""Phosphorus, P"": 1437.7518, ""Sodium, Na"": 1697.43102, ""Potassium, K"": 5393.2891, ""Zinc, Zn"": 21.1206666, ""Carbohydrate, by difference"": 224.87315999999998, ""Fiber, total dietary"": 35.1451326, ""Protein"": 107.7336155, ""Energy"": 2510.691, ""Vitamin A"": 767.0438399999999, ""Vitamin B-6"": 3.165041, ""Vitamin B-12"": 21.198, ""Vitamin C, total ascorbic acid"": 329.603292, ""Vitamin D"": 0.0508977, ""Vitamin E (alpha-tocopherol)"": 44.833999999999996, ""Thiamin"": 5.69769, ""Riboflavin"": 4.186969, ""Niacin"": 24.428449999999998, ""Pantothenic acid"": 28.457383, ""Vitamin B-9 Folic acid"": 478.00519999999995, ""Vitamin B-7"": 12.77723, ""Total lipid (fat)"": 137.98778}","{""Calcium, Ca"": [1000.0, 2500.0], ""Copper, Cu"": [0.9, 10.0], ""Iron, Fe"": [18.0, 45.0], ""Magnesium, Mg"": [310.0, 660.0], ""Manganese, Mn"": [1.8, 11.0], ""Phosphorus, P"": [700.0, 4000.0], ""Sodium, Na"": [1500.0, 2300.0], ""Potassium, K"": [4700.0, 10000.0], ""Zinc, Zn"": [8.0, 40.0], ""Carbohydrate, by difference"": [170.0, 300.0], ""Fiber, total dietary"": [20.0, 9999.0], ""Protein"": [40.0, 100.0], ""Energy"": [2000.0, 2400.0], ""Vitamin A"": [700.0, 3000.0], ""Vitamin B-6"": [1.3, 100.0], ""Vitamin B-12"": [2.4, 10000.0], ""Vitamin C, total ascorbic acid"": [75.0, 2000.0], ""Vitamin D"": [600.0, 4000.0], ""Vitamin E (alpha-tocopherol)"": [15.0, 1000.0], ""Thiamin"": [1.1, 10000.0], ""Riboflavin"": [1.1, 10000.0], ""Niacin"": [14.0, 35.0], ""Pantothenic acid"": [5.0, 10000.0], ""Vitamin B-9 Folic acid"": [400.0, 1000.0], ""Vitamin B-7"": [30.0, 10000.0], ""Total lipid (fat)"": [40.0, 120.0]}"
NSGA-II,1,with_diversity,37,26.8,19.19,590.0,0.955203,0.955203,9,"[58, 54, 46]","[366, 200, 334, 198, 300, 350, 286, 252, 284]","[58, 54, 46, 366, 200, 334, 198, 300, 350, 286, 252, 284]","{""Calcium, Ca"": 968.4763780000001, ""Copper, Cu"": 1.4799724999999997, ""Iron, Fe"": 16.9038763, ""Magnesium, Mg"": 475.98538999999994, ""Manganese, Mn"": 9.394402000000001, ""Phosphorus, P"": 1620.6993928, ""Sodium, Na"": 1138.8553100000001, ""Potassium, K"": 4837.9891880000005, ""Zinc, Zn"": 16.214435, ""Carbohydrate, by difference"": 344.50374, ""Fiber, total dietary"": 33.89165, ""Protein"": 76.3134233, ""Energy"": 2683.9438, ""Vitamin A"": 1448.63698, ""Vitamin B-6"": 3.7311425, ""Vitamin B-12"": 2.69895, ""Vitamin C, total ascorbic acid"": 370.04717299999993, ""Vitamin D"": 0.7117671, ""Vitamin E (alpha-tocopherol)"": 55.601519999999994, ""Thiamin"": 4.349197299999999, ""Riboflavin"": 2.257882, ""Niacin"": 9.625405, ""Pantothenic acid"": 12.538673, ""Vitamin B-9 Folic acid"": 559.0974, ""Vitamin B-7"": 30.113652000000002, ""Total lipid (fat)"": 122.98968}","{""Calcium, Ca"": [1000.0, 2500.0], ""Copper, Cu"": [0.9, 10.0], ""Iron, Fe"": [18.0, 45.0], ""Magnesium, Mg"": [310.0, 660.0], ""Manganese, Mn"": [1.8, 11.0], ""Phosphorus, P"": [700.0, 4000.0], ""Sodium, Na"": [1500.0, 2300.0], ""Potassium, K"": [4700.0, 10000.0], ""Zinc, Zn"": [8.0, 40.0], ""Carbohydrate, by difference"": [170.0, 300.0], ""Fiber, total dietary"": [20.0, 9999.0], ""Protein"": [40.0, 100.0], ""Energy"": [2000.0, 2400.0], ""Vitamin A"": [700.0, 3000.0], ""Vitamin B-6"": [1.3, 100.0], ""Vitamin B-12"": [2.4, 10000.0], ""Vitamin C, total ascorbic acid"": [75.0, 2000.0], ""Vitamin D"": [600.0, 4000.0], ""Vitamin E (alpha-tocopherol)"": [15.0, 1000.0], ""Thiamin"": [1.1, 10000.0], ""Riboflavin"": [1.1, 10000.0], ""Niacin"": [14.0, 35.0], ""Pantothenic acid"": [5.0, 10000.0], ""Vitamin B-9 Folic acid"": [400.0, 1000.0], ""Vitamin B-7"": [30.0, 10000.0], ""Total lipid (fat)"": [40.0, 120.0]}"
NSGA-II,1,with_diversity,38,11.7,13.4,417.0,0.628089,0.628089,7,"[7, 59, 82]","[198, 172, 214, 110, 189, 139, 245]","[7, 59, 82, 198, 172, 214, 110, 189, 139, 245]","{""Calcium, Ca"": 789.89144, ""Copper, Cu"": 1.726435, ""Iron, Fe"": 15.997745, ""Magnesium, Mg"": 365.10709999999995, ""Manganese, Mn"": 4.319815999999999, ""Phosphorus, P"": 1272.4593, ""Sodium, Na"": 2225.9246700000003, ""Potassium, K"": 4539.709000000001, ""Zinc, Zn"": 8.442651000000001, ""Carbohydrate, by difference"": 241.57876000000002, ""Fiber, total dietary"": 55.8662509, ""Protein"": 65.70911600000001, ""Energy"": 2396.3125, ""Vitamin A"": 319.3303200000001, ""Vitamin B-6"": 2.2613354, ""Vitamin B-12"": 5.280796100000001, ""Vitamin C, total ascorbic acid"": 398.89288, ""Vitamin D"": 2.9784183000000004, ""Vitamin E (alpha-tocopherol)"": 37.982220000000005, ""Thiamin"": 3.359527, ""Riboflavin"": 1.9929931, ""Niacin"": 9.511963, ""Pantothenic acid"": 101.526623, ""Vitamin B-9 Folic acid"": 545.7725, ""Vitamin B-7"": 12.961825, ""Total lipid (fat)"": 137.96997}","{""Calcium, Ca"": [1000.0, 2500.0], ""Copper, Cu"": [0.9, 10.0], ""Iron, Fe"": [18.0, 45.0], ""Magnesium, Mg"": [310.0, 660.0], ""Manganese, Mn"": [1.8, 11.0], ""Phosphorus, P"": [700.0, 4000.0], ""Sodium, Na"": [1500.0, 2300.0], ""Potassium, K"": [4700.0, 10000.0], ""Zinc, Zn"": [8.0, 40.0], ""Carbohydrate, by difference"": [170.0, 300.0], ""Fiber, total dietary"": [20.0, 9999.0], ""Protein"": [40.0, 100.0], ""Energy"": [2000.0, 2400.0], ""Vitamin A"": [700.0, 3000.0], ""Vitamin B-6"": [1.3, 100.0], ""Vitamin B-12"": [2.4, 10000.0], ""Vitamin C, total ascorbic acid"": [75.0, 2000.0], ""Vitamin D"": [600.0, 4000.0], ""Vitamin E (alpha-tocopherol)"": [15.0, 1000.0], ""Thiamin"": [1.1, 10000.0], ""Riboflavin"": [1.1, 10000.0], ""Niacin"": [14.0, 35.0], ""Pantothenic acid"": [5.0, 10000.0], ""Vitamin B-9 Folic acid"": [400.0, 1000.0], ""Vitamin B-7"": [30.0, 10000.0], ""Total lipid (fat)"": [40.0, 120.0]}"
NSGA-II,1,with_diversity,39,87.9,38.07,757.0,1.488272,1.488272,10,"[22, 15, 12, 63]","[149, 98, 374, 294, 245, 218, 327, 329, 362, 266]","[22, 15, 12, 63, 149, 98, 374, 294, 245, 218, 327, 329, 362, 266]","{""Calcium, Ca"": 312.10314000000005, ""Copper, Cu"": 1.2837052, ""Iron, Fe"": 13.464921, ""Magnesium, Mg"": 253.01784000000006, ""Manganese, Mn"": 1.7062702, ""Phosphorus, P"": 1115.7020400000001, ""Sodium, Na"": 1943.329, ""Potassium, K"": 3188.1517999999996, ""Zinc, Zn"": 9.017233999999998, ""Carbohydrate, by difference"": 299.40445, ""Fiber, total dietary"": 12.789684000000003, ""Protein"": 105.317762, ""Energy"": 2755.8820299999998, ""Vitamin A"": 1414.5372, ""Vitamin B-6"": 2.3480318000000002, ""Vitamin B-12"": 6.675601800000001, ""Vitamin C, total ascorbic acid"": 151.423685, ""Vitamin D"": 0.29368150000000004, ""Vitamin E (alpha-tocopherol)"": 33.87362, ""Thiamin"": 5.4036688999999996, ""Riboflavin"": 1.1081689000000001, ""Niacin"": 31.145667200000002, ""Pantothenic acid"": 7.340027, ""Vitamin B-9 Folic acid"": 170.97482000000002, ""Vitamin B-7"": 15.487186, ""Total lipid (fat)"": 131.5235702}","{""Calcium, Ca"": [1000.0, 2500.0], ""Copper, Cu"": [0.9, 10.0], ""Iron, Fe"": [18.0, 45.0], ""Magnesium, Mg"": [310.0, 660.0], ""Manganese, Mn"": [1.8, 11.0], ""Phosphorus, P"": [700.0, 4000.0], ""Sodium, Na"": [1500.0, 2300.0], ""Potassium, K"": [4700.0, 10000.0], ""Zinc, Zn"": [8.0, 40.0], ""Carbohydrate, by difference"": [170.0, 300.0], ""Fiber, total dietary"": [20.0, 9999.0], ""Protein"": [40.0, 100.0], ""Energy"": [2000.0, 2400.0], ""Vitamin A"": [700.0, 3000.0], ""Vitamin B-6"": [1.3, 100.0], ""Vitamin B-12"": [2.4, 10000.0], ""Vitamin C, total ascorbic acid"": [75.0, 2000.0], ""Vitamin D"": [600.0, 4000.0], ""Vitamin E (alpha-tocopherol)"": [15.0, 1000.0], ""Thiamin"": [1.1, 10000.0], ""Riboflavin"": [1.1, 10000.0], ""Niacin"": [14.0, 35.0], ""Pantothenic acid"": [5.0, 10000.0], ""Vitamin B-9 Folic acid"": [400.0, 1000.0], ""Vitamin B-7"": [30.0, 10000.0], ""Total lipid (fat)"": [40.0, 120.0]}"
NSGA-II,1,with_diversity,40,64.1,21.89,535.0,0.656357,0.656357,11,"[57, 70, 39]","[302, 155, 330, 365, 319, 280, 381, 405, 336, 266, 284, 334]","[57, 70, 39, 302, 155, 330, 365, 319, 280, 381, 405, 336, 266, 284, 334]","{""Calcium, Ca"": 962.575978, ""Copper, Cu"": 1.5432762999999998, ""Iron, Fe"": 10.1843553, ""Magnesium, Mg"": 380.8816099999999, ""Manganese, Mn"": 2.8512448, ""Phosphorus, P"": 1298.3608528000002, ""Sodium, Na"": 1668.679, ""Potassium, K"": 4968.445088, ""Zinc, Zn"": 6.783508000000001, ""Carbohydrate, by difference"": 344.65182, ""Fiber, total dietary"": 39.90629200000001, ""Protein"": 83.7842853, ""Energy"": 2462.7234300000005, ""Vitamin A"": 1105.9648, ""Vitamin B-6"": 4.4970665, ""Vitamin B-12"": 2.6728476, ""Vitamin C, total ascorbic acid"": 328.14570199999997, ""Vitamin D"": 0.13119999999999998, ""Vitamin E (alpha-tocopherol)"": 27.69316, ""Thiamin"": 3.3178066, ""Riboflavin"": 2.112771, ""Niacin"": 26.6769182, ""Pantothenic acid"": 135.979013, ""Vitamin B-9 Folic acid"": 283.74046, ""Vitamin B-7"": 23.879511, ""Total lipid (fat)"": 104.3990202}","{""Calcium, Ca"": [1000.0, 2500.0], ""Copper, Cu"": [0.9, 10.0], ""Iron, Fe"": [18.0, 45.0], ""Magnesium, Mg"": [310.0, 660.0], ""Manganese, Mn"": [1.8, 11.0], ""Phosphorus, P"": [700.0, 4000.0], ""Sodium, Na"": [1500.0, 2300.0], ""Potassium, K"": [4700.0, 10000.0], ""Zinc, Zn"": [8.0, 40.0], ""Carbohydrate, by difference"": [170.0, 300.0], ""Fiber, total dietary"": [20.0, 9999.0], ""Protein"": [40.0, 100.0], ""Energy"": [2000.0, 2400.0], ""Vitamin A"": [700.0, 3000.0], ""Vitamin B-6"": [1.3, 100.0], ""Vitamin B-12"": [2.4, 10000.0], ""Vitamin C, total ascorbic acid"": [75.0, 2000.0], ""Vitamin D"": [600.0, 4000.0], ""Vitamin E (alpha-tocopherol)"": [15.0, 1000.0], ""Thiamin"": [1.1, 10000.0], ""Riboflavin"": [1.1, 10000.0], ""Niacin"": [14.0, 35.0], ""Pantothenic acid"": [5.0, 10000.0], ""Vitamin B-9 Folic acid"": [400.0, 1000.0], ""Vitamin B-7"": [30.0, 10000.0], ""Total lipid (fat)"": [40.0, 120.0]}"
NSGA-II,1,with_diversity,41,48.2,37.11,412.0,0.664038,0.664038,13,"[85, 29, 61, 5, 40, 69, 51]","[291, 362, 147, 108, 221, 183, 109, 141]","[85, 29, 61, 5, 40, 69, 51, 291, 362, 147, 108, 221, 183, 109, 141]","{""Calcium, Ca"": 1500.5284100000001, ""Copper, Cu"": 1.0270518, ""Iron, Fe"": 16.0236746, ""Magnesium, Mg"": 358.40902, ""Manganese, Mn"": 2.8615754, ""Phosphorus, P"": 1309.2387999999999, ""Sodium, Na"": 2603.9708199999995, ""Potassium, K"": 4850.8427, ""Zinc, Zn"": 7.5289256, ""Carbohydrate, by difference"": 330.02994, ""Fiber, total dietary"": 36.0926326, ""Protein"": 86.9257755, ""Energy"": 2759.6031, ""Vitamin A"": 1098.29301, ""Vitamin B-6"": 2.3785951, ""Vitamin B-12"": 11.018322, ""Vitamin C, total ascorbic acid"": 350.795785, ""Vitamin D"": 0.15399279999999999, ""Vitamin E (alpha-tocopherol)"": 35.962892, ""Thiamin"": 2.9046618, ""Riboflavin"": 3.877170800000001, ""Niacin"": 16.86916, ""Pantothenic acid"": 29.635483300000004, ""Vitamin B-9 Folic acid"": 556.1849799999999, ""Vitamin B-7"": 20.783517, ""Total lipid (fat)"": 126.76252999999998}","{""Calcium, Ca"": [1000.0, 2500.0], ""Copper, Cu"": [0.9, 10.0], ""Iron, Fe"": [18.0, 45.0], ""Magnesium, Mg"": [310.0, 660.0], ""Manganese, Mn"": [1.8, 11.0], ""Phosphorus, P"": [700.0, 4000.0], ""Sodium, Na"": [1500.0, 2300.0], ""Potassium, K"": [4700.0, 10000.0], ""Zinc, Zn"": [8.0, 40.0], ""Carbohydrate, by difference"": [170.0, 300.0], ""Fiber, total dietary"": [20.0, 9999.0], ""Protein"": [40.0, 100.0], ""Energy"": [2000.0, 2400.0], ""Vitamin A"": [700.0, 3000.0], ""Vitamin B-6"": [1.3, 100.0], ""Vitamin B-12"": [2.4, 10000.0], ""Vitamin C, total ascorbic acid"": [75.0, 2000.0], ""Vitamin D"": [600.0, 4000.0], ""Vitamin E (alpha-tocopherol)"": [15.0, 1000.0], ""Thiamin"": [1.1, 10000.0], ""Riboflavin"": [1.1, 10000.0], ""Niacin"": [14.0, 35.0], ""Pantothenic acid"": [5.0, 10000.0], ""Vitamin B-9 Folic acid"": [400.0, 1000.0], ""Vitamin B-7"": [30.0, 10000.0], ""Total lipid (fat)"": [40.0, 120.0]}"
NSGA-II,1,with_diversity,42,82.8,47.61,442.0,0.716509,0.716509,14,"[85, 29, 61, 5, 40, 69, 51]","[263, 376, 265, 131, 98, 134, 271, 353, 208, 285, 362, 147]","[85, 29, 61, 5, 40, 69, 51, 263, 376, 265, 131, 98, 134, 271, 353, 208, 285, 362, 147]","{""Calcium, Ca"": 1464.5074800000002, ""Copper, Cu"": 2.3768503, ""Iron, Fe"": 30.169002600000006, ""Magnesium, Mg"": 566.56257, ""Manganese, Mn"": 6.049909300000001, ""Phosphorus, P"": 1505.6465, ""Sodium, Na"": 2636.9398200000005, ""Potassium, K"": 5349.6216, ""Zinc, Zn"": 12.424071699999999, ""Carbohydrate, by difference"": 339.55865, ""Fiber, total dietary"": 24.732188599999997, ""Protein"": 98.32040549999999, ""Energy"": 2746.1737, ""Vitamin A"": 2428.73378, ""Vitamin B-6"": 3.0937549000000004, ""Vitamin B-12"": 17.3097827, ""Vitamin C, total ascorbic acid"": 403.12337800000006, ""Vitamin D"": 0.2636593, ""Vitamin E (alpha-tocopherol)"": 36.577502, ""Thiamin"": 6.5477341, ""Riboflavin"": 4.8075638, ""Niacin"": 18.780565999999997, ""Pantothenic acid"": 33.112459599999994, ""Vitamin B-9 Folic acid"": 305.64783, ""Vitamin B-7"": 17.05535, ""Total lipid (fat)"": 121.27343}","{""Calcium, Ca"": [1000.0, 2500.0], ""Copper, Cu"": [0.9, 10.0], ""Iron, Fe"": [18.0, 45.0], ""Magnesium, Mg"": [310.0, 660.0], ""Manganese, Mn"": [1.8, 11.0], ""Phosphorus, P"": [700.0, 4000.0], ""Sodium, Na"": [1500.0, 2300.0], ""Potassium, K"": [4700.0, 10000.0], ""Zinc, Zn"": [8.0, 40.0], ""Carbohydrate, by difference"": [170.0, 300.0], ""Fiber, total dietary"": [20.0, 9999.0], ""Protein"": [40.0, 100.0], ""Energy"": [2000.0, 2400.0], ""Vitamin A"": [700.0, 3000.0], ""Vitamin B-6"": [1.3, 100.0], ""Vitamin B-12"": [2.4, 10000.0], ""Vitamin C, total ascorbic acid"": [75.0, 2000.0], ""Vitamin D"": [600.0, 4000.0], ""Vitamin E (alpha-tocopherol)"": [15.0, 1000.0], ""Thiamin"": [1.1, 10000.0], ""Riboflavin"": [1.1, 10000.0], ""Niacin"": [14.0, 35.0], ""Pantothenic acid"": [5.0, 10000.0], ""Vitamin B-9 Folic acid"": [400.0, 1000.0], ""Vitamin B-7"": [30.0, 10000.0], ""Total lipid (fat)"": [40.0, 120.0]}"
NSGA-II,1,with_diversity,43,42.4,25.99,575.0,0.812935,0.812935,10,"[54, 64, 70]","[296, 136, 311, 159, 176, 286, 161, 245, 266]","[54, 64, 70, 296, 136, 311, 159, 176, 286, 161, 245, 266]","{""Calcium, Ca"": 622.3811400000001, ""Copper, Cu"": 1.4345122, ""Iron, Fe"": 14.617961, ""Magnesium, Mg"": 310.31085999999993, ""Manganese, Mn"": 2.5637547, ""Phosphorus, P"": 847.3338399999999, ""Sodium, Na"": 1653.607, ""Potassium, K"": 4748.7232, ""Zinc, Zn"": 10.402283, ""Carbohydrate, by difference"": 291.3633, ""Fiber, total dietary"": 31.722001999999996, ""Protein"": 63.819922, ""Energy"": 2599.92063, ""Vitamin A"": 192.73942, ""Vitamin B-6"": 3.268129, ""Vitamin B-12"": 2.2398949999999997, ""Vitamin C, total ascorbic acid"": 248.31967, ""Vitamin D"": 0.0879667, ""Vitamin E (alpha-tocopherol)"": 36.94691, ""Thiamin"": 5.4891820000000004, ""Riboflavin"": 0.8852047000000001, ""Niacin"": 12.4400342, ""Pantothenic acid"": 5.7778730000000005, ""Vitamin B-9 Folic acid"": 432.59481000000005, ""Vitamin B-7"": 5.738749, ""Total lipid (fat)"": 137.9911202}","{""Calcium, Ca"": [1000.0, 2500.0], ""Copper, Cu"": [0.9, 10.0], ""Iron, Fe"": [18.0, 45.0], ""Magnesium, Mg"": [310.0, 660.0], ""Manganese, Mn"": [1.8, 11.0], ""Phosphorus, P"": [700.0, 4000.0], ""Sodium, Na"": [1500.0, 2300.0], ""Potassium, K"": [4700.0, 10000.0], ""Zinc, Zn"": [8.0, 40.0], ""Carbohydrate, by difference"": [170.0, 300.0], ""Fiber, total dietary"": [20.0, 9999.0], ""Protein"": [40.0, 100.0], ""Energy"": [2000.0, 2400.0], ""Vitamin A"": [700.0, 3000.0], ""Vitamin B-6"": [1.3, 100.0], ""Vitamin B-12"": [2.4, 10000.0], ""Vitamin C, total ascorbic acid"": [75.0, 2000.0], ""Vitamin D"": [600.0, 4000.0], ""Vitamin E (alpha-tocopherol)"": [15.0, 1000.0], ""Thiamin"": [1.1, 10000.0], ""Riboflavin"": [1.1, 10000.0], ""Niacin"": [14.0, 35.0], ""Pantothenic acid"": [5.0, 10000.0], ""Vitamin B-9 Folic acid"": [400.0, 1000.0], ""Vitamin B-7"": [30.0, 10000.0], ""Total lipid (fat)"": [40.0, 120.0]}"
NSGA-II,1,with_diversity,44,31.9,31.23,257.0,1.429062,1.429062,7,"[5, 61, 6, 42, 36, 9]","[339, 111, 312, 139, 245, 251, 336, 266, 147]","[5, 61, 6, 42, 36, 9, 339, 111, 312, 139, 245, 251, 336, 266, 147]","{""Calcium, Ca"": 1033.05512, ""Copper, Cu"": 1.5291469000000002, ""Iron, Fe"": 11.9593266, ""Magnesium, Mg"": 252.42725, ""Manganese, Mn"": 11.142233300000001, ""Phosphorus, P"": 681.56024, ""Sodium, Na"": 1984.2698199999998, ""Potassium, K"": 3317.1257, ""Zinc, Zn"": 5.6743146, ""Carbohydrate, by difference"": 344.97521, ""Fiber, total dietary"": 30.273364599999997, ""Protein"": 58.52698749999999, ""Energy"": 2708.4171300000003, ""Vitamin A"": 857.1914999999999, ""Vitamin B-6"": 1.647434, ""Vitamin B-12"": 0.2820335, ""Vitamin C, total ascorbic acid"": 238.58523399999999, ""Vitamin D"": 3.8788536000000002, ""Vitamin E (alpha-tocopherol)"": 10.975773499999999, ""Thiamin"": 1.1845537, ""Riboflavin"": 0.6027468, ""Niacin"": 8.4473142, ""Pantothenic acid"": 3.965161, ""Vitamin B-9 Folic acid"": 227.46281, ""Vitamin B-7"": 21.482875000000003, ""Total lipid (fat)"": 137.9491802}","{""Calcium, Ca"": [1000.0, 2500.0], ""Copper, Cu"": [0.9, 10.0], ""Iron, Fe"": [18.0, 45.0], ""Magnesium, Mg"": [310.0, 660.0], ""Manganese, Mn"": [1.8, 11.0], ""Phosphorus, P"": [700.0, 4000.0], ""Sodium, Na"": [1500.0, 2300.0], ""Potassium, K"": [4700.0, 10000.0], ""Zinc, Zn"": [8.0, 40.0], ""Carbohydrate, by difference"": [170.0, 300.0], ""Fiber, total dietary"": [20.0, 9999.0], ""Protein"": [40.0, 100.0], ""Energy"": [2000.0, 2400.0], ""Vitamin A"": [700.0, 3000.0], ""Vitamin B-6"": [1.3, 100.0], ""Vitamin B-12"": [2.4, 10000.0], ""Vitamin C, total ascorbic acid"": [75.0, 2000.0], ""Vitamin D"": [600.0, 4000.0], ""Vitamin E (alpha-tocopherol)"": [15.0, 1000.0], ""Thiamin"": [1.1, 10000.0], ""Riboflavin"": [1.1, 10000.0], ""Niacin"": [14.0, 35.0], ""Pantothenic acid"": [5.0, 10000.0], ""Vitamin B-9 Folic acid"": [400.0, 1000.0], ""Vitamin B-7"": [30.0, 10000.0], ""Total lipid (fat)"": [40.0, 120.0]}"
NSGA-II,1,with_diversity,45,73.6,42.43,822.0,0.805907,0.805907,10,"[1, 5, 80, 74, 13, 54]","[149, 98, 374, 294, 245, 327, 329, 362, 375, 343, 147, 266, 336]","[1, 5, 80, 74, 13, 54, 149, 98, 374, 294, 245, 327, 329, 362, 375, 343, 147, 266, 336]","{""Calcium, Ca"": 668.50072, ""Copper, Cu"": 2.0641616, ""Iron, Fe"": 21.586724599999997, ""Magnesium, Mg"": 448.58216999999996, ""Manganese, Mn"": 3.445224399999999, ""Phosphorus, P"": 1536.0051400000002, ""Sodium, Na"": 2559.1563200000005, ""Potassium, K"": 5934.6789, ""Zinc, Zn"": 11.427386600000002, ""Carbohydrate, by difference"": 313.37009, ""Fiber, total dietary"": 29.157886599999994, ""Protein"": 102.78878749999998, ""Energy"": 2747.1402299999995, ""Vitamin A"": 560.77512, ""Vitamin B-6"": 3.8381458, ""Vitamin B-12"": 35.8851618, ""Vitamin C, total ascorbic acid"": 230.47417699999997, ""Vitamin D"": 0.32439650000000003, ""Vitamin E (alpha-tocopherol)"": 59.11742, ""Thiamin"": 6.2061003, ""Riboflavin"": 6.4379655, ""Niacin"": 36.5765792, ""Pantothenic acid"": 51.245106, ""Vitamin B-9 Folic acid"": 413.13462, ""Vitamin B-7"": 26.578322, ""Total lipid (fat)"": 136.07255020000002}","{""Calcium, Ca"": [1000.0, 2500.0], ""Copper, Cu"": [0.9, 10.0], ""Iron, Fe"": [18.0, 45.0], ""Magnesium, Mg"": [310.0, 660.0], ""Manganese, Mn"": [1.8, 11.0], ""Phosphorus, P"": [700.0, 4000.0], ""Sodium, Na"": [1500.0, 2300.0], ""Potassium, K"": [4700.0, 10000.0], ""Zinc, Zn"": [8.0, 40.0], ""Carbohydrate, by difference"": [170.0, 300.0], ""Fiber, total dietary"": [20.0, 9999.0], ""Protein"": [40.0, 100.0], ""Energy"": [2000.0, 2400.0], ""Vitamin A"": [700.0, 3000.0], ""Vitamin B-6"": [1.3, 100.0], ""Vitamin B-12"": [2.4, 10000.0], ""Vitamin C, total ascorbic acid"": [75.0, 2000.0], ""Vitamin D"": [600.0, 4000.0], ""Vitamin E (alpha-tocopherol)"": [15.0, 1000.0], ""Thiamin"": [1.1, 10000.0], ""Riboflavin"": [1.1, 10000.0], ""Niacin"": [14.0, 35.0], ""Pantothenic acid"": [5.0, 10000.0], ""Vitamin B-9 Folic acid"": [400.0, 1000.0], ""Vitamin B-7"": [30.0, 10000.0], ""Total lipid (fat)"": [40.0, 120.0]}"
NSGA-II,1,with_diversity,46,99.3,40.88,892.0,1.104735,1.104735,10,"[63, 29, 26, 21, 5, 80, 74]","[99, 331, 149, 98, 374, 294, 245, 327, 329, 362, 343, 147, 266, 336]","[63, 29, 26, 21, 5, 80, 74, 99, 331, 149, 98, 374, 294, 245, 327, 329, 362, 343, 147, 266, 336]","{""Calcium, Ca"": 505.55271000000005, ""Copper, Cu"": 1.5986157000000003, ""Iron, Fe"": 17.455843399999996, ""Magnesium, Mg"": 368.35261999999994, ""Manganese, Mn"": 2.149227, ""Phosphorus, P"": 1214.9923400000002, ""Sodium, Na"": 2529.2805700000004, ""Potassium, K"": 4158.628999999999, ""Zinc, Zn"": 9.7651676, ""Carbohydrate, by difference"": 314.92654, ""Fiber, total dietary"": 19.4893476, ""Protein"": 104.9454035, ""Energy"": 2759.33933, ""Vitamin A"": 1100.967286, ""Vitamin B-6"": 2.9219896000000003, ""Vitamin B-12"": 16.858321800000002, ""Vitamin C, total ascorbic acid"": 269.8265747, ""Vitamin D"": 0.3150856, ""Vitamin E (alpha-tocopherol)"": 48.910129999999995, ""Thiamin"": 7.4771453, ""Riboflavin"": 3.7358302, ""Niacin"": 32.6232072, ""Pantothenic acid"": 31.74544890000001, ""Vitamin B-9 Folic acid"": 234.84333, ""Vitamin B-7"": 18.281641, ""Total lipid (fat)"": 135.1251702}","{""Calcium, Ca"": [1000.0, 2500.0], ""Copper, Cu"": [0.9, 10.0], ""Iron, Fe"": [18.0, 45.0], ""Magnesium, Mg"": [310.0, 660.0], ""Manganese, Mn"": [1.8, 11.0], ""Phosphorus, P"": [700.0, 4000.0], ""Sodium, Na"": [1500.0, 2300.0], ""Potassium, K"": [4700.0, 10000.0], ""Zinc, Zn"": [8.0, 40.0], ""Carbohydrate, by difference"": [170.0, 300.0], ""Fiber, total dietary"": [20.0, 9999.0], ""Protein"": [40.0, 100.0], ""Energy"": [2000.0, 2400.0], ""Vitamin A"": [700.0, 3000.0], ""Vitamin B-6"": [1.3, 100.0], ""Vitamin B-12"": [2.4, 10000.0], ""Vitamin C, total ascorbic acid"": [75.0, 2000.0], ""Vitamin D"": [600.0, 4000.0], ""Vitamin E (alpha-tocopherol)"": [15.0, 1000.0], ""Thiamin"": [1.1, 10000.0], ""Riboflavin"": [1.1, 10000.0], ""Niacin"": [14.0, 35.0], ""Pantothenic acid"": [5.0, 10000.0], ""Vitamin B-9 Folic acid"": [400.0, 1000.0], ""Vitamin B-7"": [30.0, 10000.0], ""Total lipid (fat)"": [40.0, 120.0]}"
NSGA-II,1,with_diversity,47,96.2,45.12,859.0,0.786906,0.786906,11,"[26, 21, 1, 5, 80, 74, 23]","[99, 331, 149, 98, 374, 294, 245, 329, 375, 343, 108, 147, 266, 161]","[26, 21, 1, 5, 80, 74, 23, 99, 331, 149, 98, 374, 294, 245, 329, 375, 343, 108, 147, 266, 161]","{""Calcium, Ca"": 693.64894, ""Copper, Cu"": 2.140666, ""Iron, Fe"": 20.559738399999997, ""Magnesium, Mg"": 425.6028, ""Manganese, Mn"": 3.3482429999999996, ""Phosphorus, P"": 1507.87894, ""Sodium, Na"": 2619.7555700000003, ""Potassium, K"": 5511.1296, ""Zinc, Zn"": 11.334268600000001, ""Carbohydrate, by difference"": 308.09033999999997, ""Fiber, total dietary"": 29.942717599999995, ""Protein"": 106.7339035, ""Energy"": 2752.07733, ""Vitamin A"": 754.4867859999999, ""Vitamin B-6"": 3.5710646999999995, ""Vitamin B-12"": 37.3760418, ""Vitamin C, total ascorbic acid"": 302.3400347, ""Vitamin D"": 0.8725206000000001, ""Vitamin E (alpha-tocopherol)"": 60.04288, ""Thiamin"": 7.9150638, ""Riboflavin"": 7.0442735999999995, ""Niacin"": 35.9668372, ""Pantothenic acid"": 55.4597492, ""Vitamin B-9 Folic acid"": 393.82059, ""Vitamin B-7"": 22.475512, ""Total lipid (fat)"": 136.72982020000003}","{""Calcium, Ca"": [1000.0, 2500.0], ""Copper, Cu"": [0.9, 10.0], ""Iron, Fe"": [18.0, 45.0], ""Magnesium, Mg"": [310.0, 660.0], ""Manganese, Mn"": [1.8, 11.0], ""Phosphorus, P"": [700.0, 4000.0], ""Sodium, Na"": [1500.0, 2300.0], ""Potassium, K"": [4700.0, 10000.0], ""Zinc, Zn"": [8.0, 40.0], ""Carbohydrate, by difference"": [170.0, 300.0], ""Fiber, total dietary"": [20.0, 9999.0], ""Protein"": [40.0, 100.0], ""Energy"": [2000.0, 2400.0], ""Vitamin A"": [700.0, 3000.0], ""Vitamin B-6"": [1.3, 100.0], ""Vitamin B-12"": [2.4, 10000.0], ""Vitamin C, total ascorbic acid"": [75.0, 2000.0], ""Vitamin D"": [600.0, 4000.0], ""Vitamin E (alpha-tocopherol)"": [15.0, 1000.0], ""Thiamin"": [1.1, 10000.0], ""Riboflavin"": [1.1, 10000.0], ""Niacin"": [14.0, 35.0], ""Pantothenic acid"": [5.0, 10000.0], ""Vitamin B-9 Folic acid"": [400.0, 1000.0], ""Vitamin B-7"": [30.0, 10000.0], ""Total lipid (fat)"": [40.0, 120.0]}"
NSGA-II,1,with_diversity,48,66.8,40.3,542.0,0.807193,0.807193,12,"[34, 13, 35, 46, 2]","[99, 245, 177, 116, 218, 396, 228, 331, 374, 343, 147, 266]","[34, 13, 35, 46, 2, 99, 245, 177, 116, 218, 396, 228, 331, 374, 343, 147, 266]","{""Calcium, Ca"": 583.90444, ""Copper, Cu"": 1.4545222000000002, ""Iron, Fe"": 19.612237, ""Magnesium, Mg"": 404.78407, ""Manganese, Mn"": 4.0062068, ""Phosphorus, P"": 1481.3007400000001, ""Sodium, Na"": 2635.3543000000004, ""Potassium, K"": 5735.9479, ""Zinc, Zn"": 11.469455, ""Carbohydrate, by difference"": 280.93105399999996, ""Fiber, total dietary"": 39.64616899999999, ""Protein"": 110.65526799999999, ""Energy"": 2727.1316300000003, ""Vitamin A"": 1653.5114332, ""Vitamin B-6"": 3.6552653, ""Vitamin B-12"": 32.5738108, ""Vitamin C, total ascorbic acid"": 522.604792, ""Vitamin D"": 0.10734480000000002, ""Vitamin E (alpha-tocopherol)"": 63.20188, ""Thiamin"": 8.201346999999998, ""Riboflavin"": 6.0399980000000015, ""Niacin"": 32.8457712, ""Pantothenic acid"": 48.006009899999995, ""Vitamin B-9 Folic acid"": 507.45986999999997, ""Vitamin B-7"": 29.329258, ""Total lipid (fat)"": 137.35415020000002}","{""Calcium, Ca"": [1000.0, 2500.0], ""Copper, Cu"": [0.9, 10.0], ""Iron, Fe"": [18.0, 45.0], ""Magnesium, Mg"": [310.0, 660.0], ""Manganese, Mn"": [1.8, 11.0], ""Phosphorus, P"": [700.0, 4000.0], ""Sodium, Na"": [1500.0, 2300.0], ""Potassium, K"": [4700.0, 10000.0], ""Zinc, Zn"": [8.0, 40.0], ""Carbohydrate, by difference"": [170.0, 300.0], ""Fiber, total dietary"": [20.0, 9999.0], ""Protein"": [40.0, 100.0], ""Energy"": [2000.0, 2400.0], ""Vitamin A"": [700.0, 3000.0], ""Vitamin B-6"": [1.3, 100.0], ""Vitamin B-12"": [2.4, 10000.0], ""Vitamin C, total ascorbic acid"": [75.0, 2000.0], ""Vitamin D"": [600.0, 4000.0], ""Vitamin E (alpha-tocopherol)"": [15.0, 1000.0], ""Thiamin"": [1.1, 10000.0], ""Riboflavin"": [1.1, 10000.0], ""Niacin"": [14.0, 35.0], ""Pantothenic acid"": [5.0, 10000.0], ""Vitamin B-9 Folic acid"": [400.0, 1000.0], ""Vitamin B-7"": [30.0, 10000.0], ""Total lipid (fat)"": [40.0, 120.0]}"
NSGA-II,1,with_diversity,49,53.2,30.4,400.0,0.69812,0.69812,10,"[9, 7, 79, 75, 85]","[371, 401, 154, 258, 404, 361, 331]","[9, 7, 79, 75, 85, 371, 401, 154, 258, 404, 361, 331]","{""Calcium, Ca"": 835.5878, ""Copper, Cu"": 1.1862915, ""Iron, Fe"": 20.330031, ""Magnesium, Mg"": 341.565, ""Manganese, Mn"": 1.5102628, ""Phosphorus, P"": 1164.8472, ""Sodium, Na"": 2356.959, ""Potassium, K"": 3960.4117, ""Zinc, Zn"": 16.515959900000002, ""Carbohydrate, by difference"": 199.47733000000002, ""Fiber, total dietary"": 25.578622, ""Protein"": 101.72814000000001, ""Energy"": 2521.713, ""Vitamin A"": 941.24579, ""Vitamin B-6"": 1.972428, ""Vitamin B-12"": 32.53673, ""Vitamin C, total ascorbic acid"": 415.13541, ""Vitamin D"": 0.2822368, ""Vitamin E (alpha-tocopherol)"": 31.836230000000004, ""Thiamin"": 8.3598532, ""Riboflavin"": 5.6657150000000005, ""Niacin"": 19.554923, ""Pantothenic acid"": 39.381730000000005, ""Vitamin B-9 Folic acid"": 238.65448999999998, ""Vitamin B-7"": 12.322448000000001, ""Total lipid (fat)"": 137.98239999999998}","{""Calcium, Ca"": [1000.0, 2500.0], ""Copper, Cu"": [0.9, 10.0], ""Iron, Fe"": [18.0, 45.0], ""Magnesium, Mg"": [310.0, 660.0], ""Manganese, Mn"": [1.8, 11.0], ""Phosphorus, P"": [700.0, 4000.0], ""Sodium, Na"": [1500.0, 2300.0], ""Potassium, K"": [4700.0, 10000.0], ""Zinc, Zn"": [8.0, 40.0], ""Carbohydrate, by difference"": [170.0, 300.0], ""Fiber, total dietary"": [20.0, 9999.0], ""Protein"": [40.0, 100.0], ""Energy"": [2000.0, 2400.0], ""Vitamin A"": [700.0, 3000.0], ""Vitamin B-6"": [1.3, 100.0], ""Vitamin B-12"": [2.4, 10000.0], ""Vitamin C, total ascorbic acid"": [75.0, 2000.0], ""Vitamin D"": [600.0, 4000.0], ""Vitamin E (alpha-tocopherol)"": [15.0, 1000.0], ""Thiamin"": [1.1, 10000.0], ""Riboflavin"": [1.1, 10000.0], ""Niacin"": [14.0, 35.0], ""Pantothenic acid"": [5.0, 10000.0], ""Vitamin B-9 Folic acid"": [400.0, 1000.0], ""Vitamin B-7"": [30.0, 10000.0], ""Total lipid (fat)"": [40.0, 120.0]}"
NSGA-II,1,with_diversity,50,70.4,38.25,742.0,2.055052,2.055052,9,"[89, 14, 52, 7, 75, 82, 42, 36]","[392, 404, 310, 137, 350, 101, 329, 334, 336, 266, 284]","[89, 14, 52, 7, 75, 82, 42, 36, 392, 404, 310, 137, 350, 101, 329, 334, 336, 266, 284]","{""Calcium, Ca"": 1185.1412179999998, ""Copper, Cu"": 0.6470570000000001, ""Iron, Fe"": 9.8769233, ""Magnesium, Mg"": 257.00067, ""Manganese, Mn"": 1.5231909999999997, ""Phosphorus, P"": 580.9109527999999, ""Sodium, Na"": 2572.01797, ""Potassium, K"": 1648.969888, ""Zinc, Zn"": 3.8164248999999995, ""Carbohydrate, by difference"": 344.07423, ""Fiber, total dietary"": 16.2915699, ""Protein"": 60.252081300000015, ""Energy"": 2647.5923300000004, ""Vitamin A"": 546.38351, ""Vitamin B-6"": 0.8679545, ""Vitamin B-12"": 10.696808999999998, ""Vitamin C, total ascorbic acid"": 74.49464, ""Vitamin D"": 0.122761, ""Vitamin E (alpha-tocopherol)"": 22.639039999999998, ""Thiamin"": 5.041680500000001, ""Riboflavin"": 2.5866157999999997, ""Niacin"": 4.9793552000000005, ""Pantothenic acid"": 18.311546, ""Vitamin B-9 Folic acid"": 160.2202, ""Vitamin B-7"": 7.234063, ""Total lipid (fat)"": 128.7966502}","{""Calcium, Ca"": [1000.0, 2500.0], ""Copper, Cu"": [0.9, 10.0], ""Iron, Fe"": [18.0, 45.0], ""Magnesium, Mg"": [310.0, 660.0], ""Manganese, Mn"": [1.8, 11.0], ""Phosphorus, P"": [700.0, 4000.0], ""Sodium, Na"": [1500.0, 2300.0], ""Potassium, K"": [4700.0, 10000.0], ""Zinc, Zn"": [8.0, 40.0], ""Carbohydrate, by difference"": [170.0, 300.0], ""Fiber, total dietary"": [20.0, 9999.0], ""Protein"": [40.0, 100.0], ""Energy"": [2000.0, 2400.0], ""Vitamin A"": [700.0, 3000.0], ""Vitamin B-6"": [1.3, 100.0], ""Vitamin B-12"": [2.4, 10000.0], ""Vitamin C, total ascorbic acid"": [75.0, 2000.0], ""Vitamin D"": [600.0, 4000.0], ""Vitamin E (alpha-tocopherol)"": [15.0, 1000.0], ""Thiamin"": [1.1, 10000.0], ""Riboflavin"": [1.1, 10000.0], ""Niacin"": [14.0, 35.0], ""Pantothenic acid"": [5.0, 10000.0], ""Vitamin B-9 Folic acid"": [400.0, 1000.0], ""Vitamin B-7"": [30.0, 10000.0], ""Total lipid (fat)"": [40.0, 120.0]}"
SPEA2,1,without_diversity,1,83.8,25.95,467.0,0.646546,0.646546,14,"[24, 82, 29, 36, 6, 68, 53]","[298, 244, 310, 253, 385, 155, 330, 336, 160, 266, 286, 245]","[24, 82, 29, 36, 6, 68, 53, 298, 244, 310, 253, 385, 155, 330, 336, 160, 266, 286, 245]","{""Calcium, Ca"": 1123.41248, ""Copper, Cu"": 1.8166117, ""Iron, Fe"": 16.783756, ""Magnesium, Mg"": 361.55665999999997, ""Manganese, Mn"": 7.1611461, ""Phosphorus, P"": 1619.37872, ""Sodium, Na"": 2555.5089350000003, ""Potassium, K"": 4843.9891, ""Zinc, Zn"": 19.502041000000002, ""Carbohydrate, by difference"": 317.80135, ""Fiber, total dietary"": 33.555951900000004, ""Protein"": 90.20723799999999, ""Energy"": 2714.9461300000003, ""Vitamin A"": 1808.5637299999999, ""Vitamin B-6"": 4.929453199999999, ""Vitamin B-12"": 8.817483000000001, ""Vitamin C, total ascorbic acid"": 522.2438099999999, ""Vitamin D"": 0.9878058, ""Vitamin E (alpha-tocopherol)"": 42.953898, ""Thiamin"": 18.864854000000005, ""Riboflavin"": 5.1485367, ""Niacin"": 18.366675200000003, ""Pantothenic acid"": 153.38764099999997, ""Vitamin B-9 Folic acid"": 355.14848, ""Vitamin B-7"": 24.835320000000003, ""Total lipid (fat)"": 137.5713002}","{""Calcium, Ca"": [1000.0, 2500.0], ""Copper, Cu"": [0.9, 10.0], ""Iron, Fe"": [18.0, 45.0], ""Magnesium, Mg"": [310.0, 660.0], ""Manganese, Mn"": [1.8, 11.0], ""Phosphorus, P"": [700.0, 4000.0], ""Sodium, Na"": [1500.0, 2300.0], ""Potassium, K"": [4700.0, 10000.0], ""Zinc, Zn"": [8.0, 40.0], ""Carbohydrate, by difference"": [170.0, 300.0], ""Fiber, total dietary"": [20.0, 9999.0], ""Protein"": [40.0, 100.0], ""Energy"": [2000.0, 2400.0], ""Vitamin A"": [700.0, 3000.0], ""Vitamin B-6"": [1.3, 100.0], ""Vitamin B-12"": [2.4, 10000.0], ""Vitamin C, total ascorbic acid"": [75.0, 2000.0], ""Vitamin D"": [600.0, 4000.0], ""Vitamin E (alpha-tocopherol)"": [15.0, 1000.0], ""Thiamin"": [1.1, 10000.0], ""Riboflavin"": [1.1, 10000.0], ""Niacin"": [14.0, 35.0], ""Pantothenic acid"": [5.0, 10000.0], ""Vitamin B-9 Folic acid"": [400.0, 1000.0], ""Vitamin B-7"": [30.0, 10000.0], ""Total lipid (fat)"": [40.0, 120.0]}"
SPEA2,1,without_diversity,2,37.7,14.53,325.0,0.674086,0.674086,9,"[32, 91]","[190, 259, 253, 155, 330, 336, 160, 266, 286, 245]","[32, 91, 190, 259, 253, 155, 330, 336, 160, 266, 286, 245]","{""Calcium, Ca"": 864.95779, ""Copper, Cu"": 1.2234262000000002, ""Iron, Fe"": 13.184758800000001, ""Magnesium, Mg"": 254.70376, ""Manganese, Mn"": 2.3485402, ""Phosphorus, P"": 807.62292, ""Sodium, Na"": 2297.5919649999996, ""Potassium, K"": 5180.401100000001, ""Zinc, Zn"": 7.878537, ""Carbohydrate, by difference"": 306.23328000000004, ""Fiber, total dietary"": 43.577302, ""Protein"": 54.935731999999994, ""Energy"": 2489.5746300000005, ""Vitamin A"": 1382.20372, ""Vitamin B-6"": 4.270989, ""Vitamin B-12"": 1.8566341, ""Vitamin C, total ascorbic acid"": 743.033822, ""Vitamin D"": 2.906352, ""Vitamin E (alpha-tocopherol)"": 29.72858, ""Thiamin"": 2.5425590000000002, ""Riboflavin"": 0.7666855, ""Niacin"": 11.013240199999998, ""Pantothenic acid"": 127.80452999999999, ""Vitamin B-9 Folic acid"": 525.59454, ""Vitamin B-7"": 5.947800000000001, ""Total lipid (fat)"": 137.91261020000002}","{""Calcium, Ca"": [1000.0, 2500.0], ""Copper, Cu"": [0.9, 10.0], ""Iron, Fe"": [18.0, 45.0], ""Magnesium, Mg"": [310.0, 660.0], ""Manganese, Mn"": [1.8, 11.0], ""Phosphorus, P"": [700.0, 4000.0], ""Sodium, Na"": [1500.0, 2300.0], ""Potassium, K"": [4700.0, 10000.0], ""Zinc, Zn"": [8.0, 40.0], ""Carbohydrate, by difference"": [170.0, 300.0], ""Fiber, total dietary"": [20.0, 9999.0], ""Protein"": [40.0, 100.0], ""Energy"": [2000.0, 2400.0], ""Vitamin A"": [700.0, 3000.0], ""Vitamin B-6"": [1.3, 100.0], ""Vitamin B-12"": [2.4, 10000.0], ""Vitamin C, total ascorbic acid"": [75.0, 2000.0], ""Vitamin D"": [600.0, 4000.0], ""Vitamin E (alpha-tocopherol)"": [15.0, 1000.0], ""Thiamin"": [1.1, 10000.0], ""Riboflavin"": [1.1, 10000.0], ""Niacin"": [14.0, 35.0], ""Pantothenic acid"": [5.0, 10000.0], ""Vitamin B-9 Folic acid"": [400.0, 1000.0], ""Vitamin B-7"": [30.0, 10000.0], ""Total lipid (fat)"": [40.0, 120.0]}"
SPEA2,1,without_diversity,3,71.3,18.5,565.0,0.819196,0.819196,10,"[56, 47, 36, 6]","[154, 369, 150, 271, 117, 359, 194, 302, 336, 266, 245]","[56, 47, 36, 6, 154, 369, 150, 271, 117, 359, 194, 302, 336, 266, 245]","{""Calcium, Ca"": 723.8161399999999, ""Copper, Cu"": 1.9908691000000003, ""Iron, Fe"": 16.743878999999996, ""Magnesium, Mg"": 457.85598, ""Manganese, Mn"": 8.9209272, ""Phosphorus, P"": 1362.6916400000002, ""Sodium, Na"": 2188.3304, ""Potassium, K"": 4991.055, ""Zinc, Zn"": 14.368167000000003, ""Carbohydrate, by difference"": 331.00758, ""Fiber, total dietary"": 35.40052800000001, ""Protein"": 62.598532, ""Energy"": 2725.65103, ""Vitamin A"": 425.3189300000001, ""Vitamin B-6"": 5.1811548, ""Vitamin B-12"": 19.2478767, ""Vitamin C, total ascorbic acid"": 144.23227, ""Vitamin D"": 0.9699869, ""Vitamin E (alpha-tocopherol)"": 50.393789999999996, ""Thiamin"": 14.407876999999997, ""Riboflavin"": 13.899439499999996, ""Niacin"": 11.909080200000002, ""Pantothenic acid"": 80.64511560000001, ""Vitamin B-9 Folic acid"": 464.04428, ""Vitamin B-7"": 40.471903000000005, ""Total lipid (fat)"": 137.4197702}","{""Calcium, Ca"": [1000.0, 2500.0], ""Copper, Cu"": [0.9, 10.0], ""Iron, Fe"": [18.0, 45.0], ""Magnesium, Mg"": [310.0, 660.0], ""Manganese, Mn"": [1.8, 11.0], ""Phosphorus, P"": [700.0, 4000.0], ""Sodium, Na"": [1500.0, 2300.0], ""Potassium, K"": [4700.0, 10000.0], ""Zinc, Zn"": [8.0, 40.0], ""Carbohydrate, by difference"": [170.0, 300.0], ""Fiber, total dietary"": [20.0, 9999.0], ""Protein"": [40.0, 100.0], ""Energy"": [2000.0, 2400.0], ""Vitamin A"": [700.0, 3000.0], ""Vitamin B-6"": [1.3, 100.0], ""Vitamin B-12"": [2.4, 10000.0], ""Vitamin C, total ascorbic acid"": [75.0, 2000.0], ""Vitamin D"": [600.0, 4000.0], ""Vitamin E (alpha-tocopherol)"": [15.0, 1000.0], ""Thiamin"": [1.1, 10000.0], ""Riboflavin"": [1.1, 10000.0], ""Niacin"": [14.0, 35.0], ""Pantothenic acid"": [5.0, 10000.0], ""Vitamin B-9 Folic acid"": [400.0, 1000.0], ""Vitamin B-7"": [30.0, 10000.0], ""Total lipid (fat)"": [40.0, 120.0]}"
SPEA2,1,without_diversity,4,63.3,21.27,167.0,0.864573,0.864573,9,"[74, 23, 79, 44, 29, 77, 76, 51]","[119, 266, 286, 245, 336]","[74, 23, 79, 44, 29, 77, 76, 51, 119, 266, 286, 245, 336]","{""Calcium, Ca"": 808.25044, ""Copper, Cu"": 1.0168542, ""Iron, Fe"": 17.309851, ""Magnesium, Mg"": 340.59022, ""Manganese, Mn"": 1.1457182000000001, ""Phosphorus, P"": 932.4904399999999, ""Sodium, Na"": 2401.0416999999998, ""Potassium, K"": 3561.0838, ""Zinc, Zn"": 14.441321000000002, ""Carbohydrate, by difference"": 150.467521, ""Fiber, total dietary"": 25.055941999999998, ""Protein"": 86.103342, ""Energy"": 2270.4586300000005, ""Vitamin A"": 759.05262, ""Vitamin B-6"": 2.2193300000000002, ""Vitamin B-12"": 18.36629, ""Vitamin C, total ascorbic acid"": 219.385902, ""Vitamin D"": 1.087096, ""Vitamin E (alpha-tocopherol)"": 33.74556, ""Thiamin"": 3.63576, ""Riboflavin"": 3.6827706999999994, ""Niacin"": 15.750520199999999, ""Pantothenic acid"": 26.301199999999998, ""Vitamin B-9 Folic acid"": 210.06841000000003, ""Vitamin B-7"": 8.04927, ""Total lipid (fat)"": 137.9980902}","{""Calcium, Ca"": [1000.0, 2500.0], ""Copper, Cu"": [0.9, 10.0], ""Iron, Fe"": [18.0, 45.0], ""Magnesium, Mg"": [310.0, 660.0], ""Manganese, Mn"": [1.8, 11.0], ""Phosphorus, P"": [700.0, 4000.0], ""Sodium, Na"": [1500.0, 2300.0], ""Potassium, K"": [4700.0, 10000.0], ""Zinc, Zn"": [8.0, 40.0], ""Carbohydrate, by difference"": [170.0, 300.0], ""Fiber, total dietary"": [20.0, 9999.0], ""Protein"": [40.0, 100.0], ""Energy"": [2000.0, 2400.0], ""Vitamin A"": [700.0, 3000.0], ""Vitamin B-6"": [1.3, 100.0], ""Vitamin B-12"": [2.4, 10000.0], ""Vitamin C, total ascorbic acid"": [75.0, 2000.0], ""Vitamin D"": [600.0, 4000.0], ""Vitamin E (alpha-tocopherol)"": [15.0, 1000.0], ""Thiamin"": [1.1, 10000.0], ""Riboflavin"": [1.1, 10000.0], ""Niacin"": [14.0, 35.0], ""Pantothenic acid"": [5.0, 10000.0], ""Vitamin B-9 Folic acid"": [400.0, 1000.0], ""Vitamin B-7"": [30.0, 10000.0], ""Total lipid (fat)"": [40.0, 120.0]}"
SPEA2,1,without_diversity,5,70.7,21.34,444.0,0.505943,0.505943,12,"[23, 86, 15, 8, 2, 20, 17]","[400, 216, 200, 370, 271, 110, 381, 336, 266, 286]","[23, 86, 15, 8, 2, 20, 17, 400, 216, 200, 370, 271, 110, 381, 336, 266, 286]","{""Calcium, Ca"": 1027.7406799999999, ""Copper, Cu"": 1.5372114, ""Iron, Fe"": 16.707966999999996, ""Magnesium, Mg"": 399.64289999999994, ""Manganese, Mn"": 6.7478688, ""Phosphorus, P"": 1561.80024, ""Sodium, Na"": 1850.6358999999998, ""Potassium, K"": 5085.5566, ""Zinc, Zn"": 13.54299, ""Carbohydrate, by difference"": 294.78908, ""Fiber, total dietary"": 31.439247999999996, ""Protein"": 60.476986, ""Energy"": 2609.3070300000004, ""Vitamin A"": 519.79935, ""Vitamin B-6"": 3.2576094, ""Vitamin B-12"": 16.609982699999996, ""Vitamin C, total ascorbic acid"": 311.04784600000005, ""Vitamin D"": 1.3109914999999999, ""Vitamin E (alpha-tocopherol)"": 63.24261, ""Thiamin"": 11.031065, ""Riboflavin"": 5.1168684, ""Niacin"": 11.893580199999999, ""Pantothenic acid"": 39.8691176, ""Vitamin B-9 Folic acid"": 478.24489000000005, ""Vitamin B-7"": 31.810247999999994, ""Total lipid (fat)"": 137.90617020000002}","{""Calcium, Ca"": [1000.0, 2500.0], ""Copper, Cu"": [0.9, 10.0], ""Iron, Fe"": [18.0, 45.0], ""Magnesium, Mg"": [310.0, 660.0], ""Manganese, Mn"": [1.8, 11.0], ""Phosphorus, P"": [700.0, 4000.0], ""Sodium, Na"": [1500.0, 2300.0], ""Potassium, K"": [4700.0, 10000.0], ""Zinc, Zn"": [8.0, 40.0], ""Carbohydrate, by difference"": [170.0, 300.0], ""Fiber, total dietary"": [20.0, 9999.0], ""Protein"": [40.0, 100.0], ""Energy"": [2000.0, 2400.0], ""Vitamin A"": [700.0, 3000.0], ""Vitamin B-6"": [1.3, 100.0], ""Vitamin B-12"": [2.4, 10000.0], ""Vitamin C, total ascorbic acid"": [75.0, 2000.0], ""Vitamin D"": [600.0, 4000.0], ""Vitamin E (alpha-tocopherol)"": [15.0, 1000.0], ""Thiamin"": [1.1, 10000.0], ""Riboflavin"": [1.1, 10000.0], ""Niacin"": [14.0, 35.0], ""Pantothenic acid"": [5.0, 10000.0], ""Vitamin B-9 Folic acid"": [400.0, 1000.0], ""Vitamin B-7"": [30.0, 10000.0], ""Total lipid (fat)"": [40.0, 120.0]}"
SPEA2,1,without_diversity,6,78.7,25.3,338.0,1.750082,1.750082,11,"[86, 44, 29, 77, 31, 50]","[293, 235, 301, 362, 284, 266]","[86, 44, 29, 77, 31, 50, 293, 235, 301, 362, 284, 266]","{""Calcium, Ca"": 282.78051800000003, ""Copper, Cu"": 1.4115839, ""Iron, Fe"": 11.9099493, ""Magnesium, Mg"": 174.22167000000002, ""Manganese, Mn"": 0.6494182000000001, ""Phosphorus, P"": 1069.8352528, ""Sodium, Na"": 2054.3021, ""Potassium, K"": 2702.277188, ""Zinc, Zn"": 10.733316, ""Carbohydrate, by difference"": 249.41451999999998, ""Fiber, total dietary"": 19.358929, ""Protein"": 114.94741929999999, ""Energy"": 2349.06773, ""Vitamin A"": 925.15999, ""Vitamin B-6"": 1.9880565000000003, ""Vitamin B-12"": 4.047526599999999, ""Vitamin C, total ascorbic acid"": 34.945858, ""Vitamin D"": 0.382181, ""Vitamin E (alpha-tocopherol)"": 48.89834, ""Thiamin"": 31.5418543, ""Riboflavin"": 1.6216150000000003, ""Niacin"": 32.452885200000004, ""Pantothenic acid"": 11.35161, ""Vitamin B-9 Folic acid"": 96.31269999999999, ""Vitamin B-7"": 14.702164999999999, ""Total lipid (fat)"": 137.6971802}","{""Calcium, Ca"": [1000.0, 2500.0], ""Copper, Cu"": [0.9, 10.0], ""Iron, Fe"": [18.0, 45.0], ""Magnesium, Mg"": [310.0, 660.0], ""Manganese, Mn"": [1.8, 11.0], ""Phosphorus, P"": [700.0, 4000.0], ""Sodium, Na"": [1500.0, 2300.0], ""Potassium, K"": [4700.0, 10000.0], ""Zinc, Zn"": [8.0, 40.0], ""Carbohydrate, by difference"": [170.0, 300.0], ""Fiber, total dietary"": [20.0, 9999.0], ""Protein"": [40.0, 100.0], ""Energy"": [2000.0, 2400.0], ""Vitamin A"": [700.0, 3000.0], ""Vitamin B-6"": [1.3, 100.0], ""Vitamin B-12"": [2.4, 10000.0], ""Vitamin C, total ascorbic acid"": [75.0, 2000.0], ""Vitamin D"": [600.0, 4000.0], ""Vitamin E (alpha-tocopherol)"": [15.0, 1000.0], ""Thiamin"": [1.1, 10000.0], ""Riboflavin"": [1.1, 10000.0], ""Niacin"": [14.0, 35.0], ""Pantothenic acid"": [5.0, 10000.0], ""Vitamin B-9 Folic acid"": [400.0, 1000.0], ""Vitamin B-7"": [30.0, 10000.0], ""Total lipid (fat)"": [40.0, 120.0]}"
SPEA2,1,without_diversity,7,70.6,17.67,375.0,0.613594,0.613594,8,"[7, 65, 12, 86, 76]","[240, 113, 155, 259, 198, 362, 266]","[7, 65, 12, 86, 76, 240, 113, 155, 259, 198, 362, 266]","{""Calcium, Ca"": 672.8507800000001, ""Copper, Cu"": 1.1077343, ""Iron, Fe"": 14.925816, ""Magnesium, Mg"": 267.10732, ""Manganese, Mn"": 2.4127402, ""Phosphorus, P"": 890.4477067, ""Sodium, Na"": 2119.6793399999997, ""Potassium, K"": 4438.5182, ""Zinc, Zn"": 8.5952565, ""Carbohydrate, by difference"": 233.10069099999998, ""Fiber, total dietary"": 53.360172, ""Protein"": 56.236246, ""Energy"": 2331.3781299999996, ""Vitamin A"": 824.2299800000001, ""Vitamin B-6"": 1.9539328000000002, ""Vitamin B-12"": 2.604996, ""Vitamin C, total ascorbic acid"": 316.703722, ""Vitamin D"": 2.863546, ""Vitamin E (alpha-tocopherol)"": 34.736470000000004, ""Thiamin"": 2.1004248000000003, ""Riboflavin"": 0.9906142, ""Niacin"": 11.9332312, ""Pantothenic acid"": 6.712381, ""Vitamin B-9 Folic acid"": 501.20092000000005, ""Vitamin B-7"": 7.496065, ""Total lipid (fat)"": 137.9954782}","{""Calcium, Ca"": [1000.0, 2500.0], ""Copper, Cu"": [0.9, 10.0], ""Iron, Fe"": [18.0, 45.0], ""Magnesium, Mg"": [310.0, 660.0], ""Manganese, Mn"": [1.8, 11.0], ""Phosphorus, P"": [700.0, 4000.0], ""Sodium, Na"": [1500.0, 2300.0], ""Potassium, K"": [4700.0, 10000.0], ""Zinc, Zn"": [8.0, 40.0], ""Carbohydrate, by difference"": [170.0, 300.0], ""Fiber, total dietary"": [20.0, 9999.0], ""Protein"": [40.0, 100.0], ""Energy"": [2000.0, 2400.0], ""Vitamin A"": [700.0, 3000.0], ""Vitamin B-6"": [1.3, 100.0], ""Vitamin B-12"": [2.4, 10000.0], ""Vitamin C, total ascorbic acid"": [75.0, 2000.0], ""Vitamin D"": [600.0, 4000.0], ""Vitamin E (alpha-tocopherol)"": [15.0, 1000.0], ""Thiamin"": [1.1, 10000.0], ""Riboflavin"": [1.1, 10000.0], ""Niacin"": [14.0, 35.0], ""Pantothenic acid"": [5.0, 10000.0], ""Vitamin B-9 Folic acid"": [400.0, 1000.0], ""Vitamin B-7"": [30.0, 10000.0], ""Total lipid (fat)"": [40.0, 120.0]}"
SPEA2,1,without_diversity,8,50.0,16.84,578.0,1.025252,1.025252,6,"[31, 50]","[253, 393, 385, 372, 379, 388, 383, 390, 266]","[31, 50, 253, 393, 385, 372, 379, 388, 383, 390, 266]","{""Calcium, Ca"": 1210.2502399999998, ""Copper, Cu"": 1.0136812, ""Iron, Fe"": 13.288683, ""Magnesium, Mg"": 403.43676, ""Manganese, Mn"": 9.3841542, ""Phosphorus, P"": 1726.18392, ""Sodium, Na"": 2464.906765, ""Potassium, K"": 3724.0061, ""Zinc, Zn"": 16.967163, ""Carbohydrate, by difference"": 344.85760999999997, ""Fiber, total dietary"": 34.008388, ""Protein"": 78.185402, ""Energy"": 2598.51063, ""Vitamin A"": 522.91211, ""Vitamin B-6"": 3.506726, ""Vitamin B-12"": 1.8237960000000002, ""Vitamin C, total ascorbic acid"": 101.05651300000001, ""Vitamin D"": 0.7575718999999999, ""Vitamin E (alpha-tocopherol)"": 46.191900000000004, ""Thiamin"": 16.462756, ""Riboflavin"": 2.1171447, ""Niacin"": 7.505144200000001, ""Pantothenic acid"": 8.348137999999999, ""Vitamin B-9 Folic acid"": 513.14044, ""Vitamin B-7"": 37.14702, ""Total lipid (fat)"": 137.6416802}","{""Calcium, Ca"": [1000.0, 2500.0], ""Copper, Cu"": [0.9, 10.0], ""Iron, Fe"": [18.0, 45.0], ""Magnesium, Mg"": [310.0, 660.0], ""Manganese, Mn"": [1.8, 11.0], ""Phosphorus, P"": [700.0, 4000.0], ""Sodium, Na"": [1500.0, 2300.0], ""Potassium, K"": [4700.0, 10000.0], ""Zinc, Zn"": [8.0, 40.0], ""Carbohydrate, by difference"": [170.0, 300.0], ""Fiber, total dietary"": [20.0, 9999.0], ""Protein"": [40.0, 100.0], ""Energy"": [2000.0, 2400.0], ""Vitamin A"": [700.0, 3000.0], ""Vitamin B-6"": [1.3, 100.0], ""Vitamin B-12"": [2.4, 10000.0], ""Vitamin C, total ascorbic acid"": [75.0, 2000.0], ""Vitamin D"": [600.0, 4000.0], ""Vitamin E (alpha-tocopherol)"": [15.0, 1000.0], ""Thiamin"": [1.1, 10000.0], ""Riboflavin"": [1.1, 10000.0], ""Niacin"": [14.0, 35.0], ""Pantothenic acid"": [5.0, 10000.0], ""Vitamin B-9 Folic acid"": [400.0, 1000.0], ""Vitamin B-7"": [30.0, 10000.0], ""Total lipid (fat)"": [40.0, 120.0]}"
SPEA2,1,without_diversity,9,42.0,16.44,225.0,0.640843,0.640843,8,"[62, 33]","[113, 306, 155, 379, 362, 160, 266]","[62, 33, 113, 306, 155, 379, 362, 160, 266]","{""Calcium, Ca"": 750.49954, ""Copper, Cu"": 2.0183243, ""Iron, Fe"": 25.795081, ""Magnesium, Mg"": 467.42112, ""Manganese, Mn"": 5.1140342, ""Phosphorus, P"": 1877.6107066999998, ""Sodium, Na"": 2296.20814, ""Potassium, K"": 4495.345200000001, ""Zinc, Zn"": 24.4843545, ""Carbohydrate, by difference"": 324.87140999999997, ""Fiber, total dietary"": 41.067012, ""Protein"": 107.22250199999999, ""Energy"": 2751.0475300000003, ""Vitamin A"": 701.8646, ""Vitamin B-6"": 3.3991508, ""Vitamin B-12"": 22.15801, ""Vitamin C, total ascorbic acid"": 219.865712, ""Vitamin D"": 9.60954, ""Vitamin E (alpha-tocopherol)"": 37.11164, ""Thiamin"": 5.5082768, ""Riboflavin"": 3.6085682000000006, ""Niacin"": 32.8988012, ""Pantothenic acid"": 6.450677, ""Vitamin B-9 Folic acid"": 444.27562, ""Vitamin B-7"": 33.661611, ""Total lipid (fat)"": 125.0758682}","{""Calcium, Ca"": [1000.0, 2500.0], ""Copper, Cu"": [0.9, 10.0], ""Iron, Fe"": [18.0, 45.0], ""Magnesium, Mg"": [310.0, 660.0], ""Manganese, Mn"": [1.8, 11.0], ""Phosphorus, P"": [700.0, 4000.0], ""Sodium, Na"": [1500.0, 2300.0], ""Potassium, K"": [4700.0, 10000.0], ""Zinc, Zn"": [8.0, 40.0], ""Carbohydrate, by difference"": [170.0, 300.0], ""Fiber, total dietary"": [20.0, 9999.0], ""Protein"": [40.0, 100.0], ""Energy"": [2000.0, 2400.0], ""Vitamin A"": [700.0, 3000.0], ""Vitamin B-6"": [1.3, 100.0], ""Vitamin B-12"": [2.4, 10000.0], ""Vitamin C, total ascorbic acid"": [75.0, 2000.0], ""Vitamin D"": [600.0, 4000.0], ""Vitamin E (alpha-tocopherol)"": [15.0, 1000.0], ""Thiamin"": [1.1, 10000.0], ""Riboflavin"": [1.1, 10000.0], ""Niacin"": [14.0, 35.0], ""Pantothenic acid"": [5.0, 10000.0], ""Vitamin B-9 Folic acid"": [400.0, 1000.0], ""Vitamin B-7"": [30.0, 10000.0], ""Total lipid (fat)"": [40.0, 120.0]}"
SPEA2,1,without_diversity,10,49.5,14.26,345.0,1.024077,1.024077,9,"[32, 91]","[126, 190, 131, 310, 253, 155, 330, 336, 302, 266]","[32, 91, 126, 190, 131, 310, 253, 155, 330, 336, 302, 266]","{""Calcium, Ca"": 992.60539, ""Copper, Cu"": 1.3294050000000002, ""Iron, Fe"": 9.496508799999999, ""Magnesium, Mg"": 359.22826, ""Manganese, Mn"": 3.1950783, ""Phosphorus, P"": 964.4645199999999, ""Sodium, Na"": 2442.656965, ""Potassium, K"": 5125.9151, ""Zinc, Zn"": 5.563993, ""Carbohydrate, by difference"": 344.03249999999997, ""Fiber, total dietary"": 37.631272, ""Protein"": 54.02180199999999, ""Energy"": 2585.7656300000003, ""Vitamin A"": 1232.42374, ""Vitamin B-6"": 4.751838, ""Vitamin B-12"": 8.740169100000001, ""Vitamin C, total ascorbic acid"": 389.37026199999997, ""Vitamin D"": 2.9728833000000003, ""Vitamin E (alpha-tocopherol)"": 31.995449999999998, ""Thiamin"": 4.218403, ""Riboflavin"": 2.7250134999999998, ""Niacin"": 8.494617199999999, ""Pantothenic acid"": 140.98495, ""Vitamin B-9 Folic acid"": 325.19794, ""Vitamin B-7"": 22.560850000000002, ""Total lipid (fat)"": 135.5258702}","{""Calcium, Ca"": [1000.0, 2500.0], ""Copper, Cu"": [0.9, 10.0], ""Iron, Fe"": [18.0, 45.0], ""Magnesium, Mg"": [310.0, 660.0], ""Manganese, Mn"": [1.8, 11.0], ""Phosphorus, P"": [700.0, 4000.0], ""Sodium, Na"": [1500.0, 2300.0], ""Potassium, K"": [4700.0, 10000.0], ""Zinc, Zn"": [8.0, 40.0], ""Carbohydrate, by difference"": [170.0, 300.0], ""Fiber, total dietary"": [20.0, 9999.0], ""Protein"": [40.0, 100.0], ""Energy"": [2000.0, 2400.0], ""Vitamin A"": [700.0, 3000.0], ""Vitamin B-6"": [1.3, 100.0], ""Vitamin B-12"": [2.4, 10000.0], ""Vitamin C, total ascorbic acid"": [75.0, 2000.0], ""Vitamin D"": [600.0, 4000.0], ""Vitamin E (alpha-tocopherol)"": [15.0, 1000.0], ""Thiamin"": [1.1, 10000.0], ""Riboflavin"": [1.1, 10000.0], ""Niacin"": [14.0, 35.0], ""Pantothenic acid"": [5.0, 10000.0], ""Vitamin B-9 Folic acid"": [400.0, 1000.0], ""Vitamin B-7"": [30.0, 10000.0], ""Total lipid (fat)"": [40.0, 120.0]}"
SPEA2,1,without_diversity,11,83.3,29.08,370.0,1.282991,1.282991,11,"[86, 44, 29, 77, 31, 50]","[405, 270, 239, 158, 338, 161, 113, 105, 147]","[86, 44, 29, 77, 31, 50, 405, 270, 239, 158, 338, 161, 113, 105, 147]","{""Calcium, Ca"": 428.6559399999999, ""Copper, Cu"": 1.0378916, ""Iron, Fe"": 15.112263999999998, ""Magnesium, Mg"": 210.14527, ""Manganese, Mn"": 1.7447023000000002, ""Phosphorus, P"": 818.3823667, ""Sodium, Na"": 1883.3696799999998, ""Potassium, K"": 4071.7580999999996, ""Zinc, Zn"": 10.028343500000002, ""Carbohydrate, by difference"": 343.49172, ""Fiber, total dietary"": 60.35144600000001, ""Protein"": 72.51516400000001, ""Energy"": 2493.259, ""Vitamin A"": 461.2887, ""Vitamin B-6"": 1.6436191999999998, ""Vitamin B-12"": 3.5455257000000002, ""Vitamin C, total ascorbic acid"": 144.16261500000002, ""Vitamin D"": 0.4001626, ""Vitamin E (alpha-tocopherol)"": 32.66458, ""Thiamin"": 5.179347300000001, ""Riboflavin"": 1.1226973, ""Niacin"": 15.776132, ""Pantothenic acid"": 5.704388100000001, ""Vitamin B-9 Folic acid"": 211.61133000000004, ""Vitamin B-7"": 15.474855000000002, ""Total lipid (fat)"": 137.97045599999998}","{""Calcium, Ca"": [1000.0, 2500.0], ""Copper, Cu"": [0.9, 10.0], ""Iron, Fe"": [18.0, 45.0], ""Magnesium, Mg"": [310.0, 660.0], ""Manganese, Mn"": [1.8, 11.0], ""Phosphorus, P"": [700.0, 4000.0], ""Sodium, Na"": [1500.0, 2300.0], ""Potassium, K"": [4700.0, 10000.0], ""Zinc, Zn"": [8.0, 40.0], ""Carbohydrate, by difference"": [170.0, 300.0], ""Fiber, total dietary"": [20.0, 9999.0], ""Protein"": [40.0, 100.0], ""Energy"": [2000.0, 2400.0], ""Vitamin A"": [700.0, 3000.0], ""Vitamin B-6"": [1.3, 100.0], ""Vitamin B-12"": [2.4, 10000.0], ""Vitamin C, total ascorbic acid"": [75.0, 2000.0], ""Vitamin D"": [600.0, 4000.0], ""Vitamin E (alpha-tocopherol)"": [15.0, 1000.0], ""Thiamin"": [1.1, 10000.0], ""Riboflavin"": [1.1, 10000.0], ""Niacin"": [14.0, 35.0], ""Pantothenic acid"": [5.0, 10000.0], ""Vitamin B-9 Folic acid"": [400.0, 1000.0], ""Vitamin B-7"": [30.0, 10000.0], ""Total lipid (fat)"": [40.0, 120.0]}"
SPEA2,1,without_diversity,12,46.6,15.14,249.0,1.249201,1.249201,9,"[82, 45, 11]","[210, 272, 313, 338, 113, 155, 362, 266, 336]","[82, 45, 11, 210, 272, 313, 338, 113, 155, 362, 266, 336]","{""Calcium, Ca"": 510.53057999999993, ""Copper, Cu"": 1.4841883000000002, ""Iron, Fe"": 17.186071, ""Magnesium, Mg"": 251.10341999999997, ""Manganese, Mn"": 2.0708521999999996, ""Phosphorus, P"": 998.0575067, ""Sodium, Na"": 2520.3080099999997, ""Potassium, K"": 3915.3789, ""Zinc, Zn"": 13.382085500000002, ""Carbohydrate, by difference"": 332.02487, ""Fiber, total dietary"": 45.7375429, ""Protein"": 92.481988, ""Energy"": 2746.84403, ""Vitamin A"": 691.58383, ""Vitamin B-6"": 2.3790726, ""Vitamin B-12"": 27.376379999999997, ""Vitamin C, total ascorbic acid"": 107.13989699999999, ""Vitamin D"": 0.5233626, ""Vitamin E (alpha-tocopherol)"": 28.138200000000005, ""Thiamin"": 3.5133705, ""Riboflavin"": 14.151002099999998, ""Niacin"": 16.915731200000003, ""Pantothenic acid"": 83.198797, ""Vitamin B-9 Folic acid"": 207.23477000000003, ""Vitamin B-7"": 16.965303, ""Total lipid (fat)"": 122.6170982}","{""Calcium, Ca"": [1000.0, 2500.0], ""Copper, Cu"": [0.9, 10.0], ""Iron, Fe"": [18.0, 45.0], ""Magnesium, Mg"": [310.0, 660.0], ""Manganese, Mn"": [1.8, 11.0], ""Phosphorus, P"": [700.0, 4000.0], ""Sodium, Na"": [1500.0, 2300.0], ""Potassium, K"": [4700.0, 10000.0], ""Zinc, Zn"": [8.0, 40.0], ""Carbohydrate, by difference"": [170.0, 300.0], ""Fiber, total dietary"": [20.0, 9999.0], ""Protein"": [40.0, 100.0], ""Energy"": [2000.0, 2400.0], ""Vitamin A"": [700.0, 3000.0], ""Vitamin B-6"": [1.3, 100.0], ""Vitamin B-12"": [2.4, 10000.0], ""Vitamin C, total ascorbic acid"": [75.0, 2000.0], ""Vitamin D"": [600.0, 4000.0], ""Vitamin E (alpha-tocopherol)"": [15.0, 1000.0], ""Thiamin"": [1.1, 10000.0], ""Riboflavin"": [1.1, 10000.0], ""Niacin"": [14.0, 35.0], ""Pantothenic acid"": [5.0, 10000.0], ""Vitamin B-9 Folic acid"": [400.0, 1000.0], ""Vitamin B-7"": [30.0, 10000.0], ""Total lipid (fat)"": [40.0, 120.0]}"
SPEA2,1,without_diversity,13,53.2,18.41,260.0,1.062303,1.062303,10,"[93, 54, 14, 42, 53]","[214, 210, 272, 113, 155, 362, 160, 266]","[93, 54, 14, 42, 53, 214, 210, 272, 113, 155, 362, 160, 266]","{""Calcium, Ca"": 1416.1434399999998, ""Copper, Cu"": 1.3270443000000003, ""Iron, Fe"": 12.912488999999999, ""Magnesium, Mg"": 295.41952, ""Manganese, Mn"": 1.5861151999999998, ""Phosphorus, P"": 1675.1356067, ""Sodium, Na"": 2636.29534, ""Potassium, K"": 4876.106900000001, ""Zinc, Zn"": 15.448256500000001, ""Carbohydrate, by difference"": 316.99511, ""Fiber, total dietary"": 33.461642, ""Protein"": 107.44625199999999, ""Energy"": 2748.58453, ""Vitamin A"": 960.0398, ""Vitamin B-6"": 2.474489, ""Vitamin B-12"": 4.842376, ""Vitamin C, total ascorbic acid"": 204.92738, ""Vitamin D"": 0.6640237, ""Vitamin E (alpha-tocopherol)"": 26.126768000000002, ""Thiamin"": 5.242411799999999, ""Riboflavin"": 2.1907942, ""Niacin"": 21.413397200000002, ""Pantothenic acid"": 6.620761999999999, ""Vitamin B-9 Folic acid"": 195.2854, ""Vitamin B-7"": 17.978171, ""Total lipid (fat)"": 135.4397682}","{""Calcium, Ca"": [1000.0, 2500.0], ""Copper, Cu"": [0.9, 10.0], ""Iron, Fe"": [18.0, 45.0], ""Magnesium, Mg"": [310.0, 660.0], ""Manganese, Mn"": [1.8, 11.0], ""Phosphorus, P"": [700.0, 4000.0], ""Sodium, Na"": [1500.0, 2300.0], ""Potassium, K"": [4700.0, 10000.0], ""Zinc, Zn"": [8.0, 40.0], ""Carbohydrate, by difference"": [170.0, 300.0], ""Fiber, total dietary"": [20.0, 9999.0], ""Protein"": [40.0, 100.0], ""Energy"": [2000.0, 2400.0], ""Vitamin A"": [700.0, 3000.0], ""Vitamin B-6"": [1.3, 100.0], ""Vitamin B-12"": [2.4, 10000.0], ""Vitamin C, total ascorbic acid"": [75.0, 2000.0], ""Vitamin D"": [600.0, 4000.0], ""Vitamin E (alpha-tocopherol)"": [15.0, 1000.0], ""Thiamin"": [1.1, 10000.0], ""Riboflavin"": [1.1, 10000.0], ""Niacin"": [14.0, 35.0], ""Pantothenic acid"": [5.0, 10000.0], ""Vitamin B-9 Folic acid"": [400.0, 1000.0], ""Vitamin B-7"": [30.0, 10000.0], ""Total lipid (fat)"": [40.0, 120.0]}"
SPEA2,1,without_diversity,14,80.2,21.86,429.0,0.931997,0.931997,10,"[88, 77, 45, 6, 31]","[298, 129, 131, 240, 138, 336, 266]","[88, 77, 45, 6, 31, 298, 129, 131, 240, 138, 336, 266]","{""Calcium, Ca"": 805.1121400000001, ""Copper, Cu"": 1.4359755, ""Iron, Fe"": 13.74282, ""Magnesium, Mg"": 440.10262, ""Manganese, Mn"": 12.6325814, ""Phosphorus, P"": 1740.5422400000002, ""Sodium, Na"": 2232.4080000000004, ""Potassium, K"": 3000.3961999999997, ""Zinc, Zn"": 20.931993, ""Carbohydrate, by difference"": 252.00581, ""Fiber, total dietary"": 11.834235000000001, ""Protein"": 69.90697199999998, ""Energy"": 2342.7440300000003, ""Vitamin A"": 249.42135, ""Vitamin B-6"": 4.117068, ""Vitamin B-12"": 8.592509999999999, ""Vitamin C, total ascorbic acid"": 108.46688200000001, ""Vitamin D"": 1.0292272, ""Vitamin E (alpha-tocopherol)"": 51.71034, ""Thiamin"": 3.0482299999999998, ""Riboflavin"": 4.6166377, ""Niacin"": 10.261106200000002, ""Pantothenic acid"": 23.317268000000002, ""Vitamin B-9 Folic acid"": 476.40801, ""Vitamin B-7"": 36.55824, ""Total lipid (fat)"": 137.9500602}","{""Calcium, Ca"": [1000.0, 2500.0], ""Copper, Cu"": [0.9, 10.0], ""Iron, Fe"": [18.0, 45.0], ""Magnesium, Mg"": [310.0, 660.0], ""Manganese, Mn"": [1.8, 11.0], ""Phosphorus, P"": [700.0, 4000.0], ""Sodium, Na"": [1500.0, 2300.0], ""Potassium, K"": [4700.0, 10000.0], ""Zinc, Zn"": [8.0, 40.0], ""Carbohydrate, by difference"": [170.0, 300.0], ""Fiber, total dietary"": [20.0, 9999.0], ""Protein"": [40.0, 100.0], ""Energy"": [2000.0, 2400.0], ""Vitamin A"": [700.0, 3000.0], ""Vitamin B-6"": [1.3, 100.0], ""Vitamin B-12"": [2.4, 10000.0], ""Vitamin C, total ascorbic acid"": [75.0, 2000.0], ""Vitamin D"": [600.0, 4000.0], ""Vitamin E (alpha-tocopherol)"": [15.0, 1000.0], ""Thiamin"": [1.1, 10000.0], ""Riboflavin"": [1.1, 10000.0], ""Niacin"": [14.0, 35.0], ""Pantothenic acid"": [5.0, 10000.0], ""Vitamin B-9 Folic acid"": [400.0, 1000.0], ""Vitamin B-7"": [30.0, 10000.0], ""Total lipid (fat)"": [40.0, 120.0]}"
SPEA2,1,without_diversity,15,28.7,10.2,320.0,1.259322,1.259322,9,"[77, 59]","[329, 355, 109, 155, 330, 333, 336, 160]","[77, 59, 329, 355, 109, 155, 330, 333, 336, 160]","{""Calcium, Ca"": 1047.0520999999999, ""Copper, Cu"": 1.0556360000000002, ""Iron, Fe"": 9.53021, ""Magnesium, Mg"": 273.0688, ""Manganese, Mn"": 2.817363, ""Phosphorus, P"": 1111.9808, ""Sodium, Na"": 2205.5416, ""Potassium, K"": 3901.0182, ""Zinc, Zn"": 7.445258, ""Carbohydrate, by difference"": 337.4308, ""Fiber, total dietary"": 30.775000000000002, ""Protein"": 56.58348, ""Energy"": 2606.4510000000005, ""Vitamin A"": 1322.31239, ""Vitamin B-6"": 3.121903, ""Vitamin B-12"": 2.1842650999999997, ""Vitamin C, total ascorbic acid"": 390.658915, ""Vitamin D"": 3.5956996, ""Vitamin E (alpha-tocopherol)"": 28.939780000000003, ""Thiamin"": 7.3865110000000005, ""Riboflavin"": 1.4975801, ""Niacin"": 7.626631, ""Pantothenic acid"": 129.13867299999998, ""Vitamin B-9 Folic acid"": 225.55829999999997, ""Vitamin B-7"": 17.899447000000002, ""Total lipid (fat)"": 137.96793999999997}","{""Calcium, Ca"": [1000.0, 2500.0], ""Copper, Cu"": [0.9, 10.0], ""Iron, Fe"": [18.0, 45.0], ""Magnesium, Mg"": [310.0, 660.0], ""Manganese, Mn"": [1.8, 11.0], ""Phosphorus, P"": [700.0, 4000.0], ""Sodium, Na"": [1500.0, 2300.0], ""Potassium, K"": [4700.0, 10000.0], ""Zinc, Zn"": [8.0, 40.0], ""Carbohydrate, by difference"": [170.0, 300.0], ""Fiber, total dietary"": [20.0, 9999.0], ""Protein"": [40.0, 100.0], ""Energy"": [2000.0, 2400.0], ""Vitamin A"": [700.0, 3000.0], ""Vitamin B-6"": [1.3, 100.0], ""Vitamin B-12"": [2.4, 10000.0], ""Vitamin C, total ascorbic acid"": [75.0, 2000.0], ""Vitamin D"": [600.0, 4000.0], ""Vitamin E (alpha-tocopherol)"": [15.0, 1000.0], ""Thiamin"": [1.1, 10000.0], ""Riboflavin"": [1.1, 10000.0], ""Niacin"": [14.0, 35.0], ""Pantothenic acid"": [5.0, 10000.0], ""Vitamin B-9 Folic acid"": [400.0, 1000.0], ""Vitamin B-7"": [30.0, 10000.0], ""Total lipid (fat)"": [40.0, 120.0]}"
SPEA2,1,without_diversity,16,66.2,20.36,362.0,0.343409,0.343409,9,"[17, 43, 74, 23, 79]","[247, 405, 378, 139, 113, 285, 266]","[17, 43, 74, 23, 79, 247, 405, 378, 139, 113, 285, 266]","{""Calcium, Ca"": 700.45684, ""Copper, Cu"": 1.4721124, ""Iron, Fe"": 22.149931, ""Magnesium, Mg"": 454.18431999999996, ""Manganese, Mn"": 3.2261691999999997, ""Phosphorus, P"": 1167.1820067, ""Sodium, Na"": 1540.57304, ""Potassium, K"": 5891.6808, ""Zinc, Zn"": 14.833521499999998, ""Carbohydrate, by difference"": 187.65293, ""Fiber, total dietary"": 68.663612, ""Protein"": 86.279552, ""Energy"": 2413.45403, ""Vitamin A"": 812.5115000000001, ""Vitamin B-6"": 2.4818998, ""Vitamin B-12"": 11.333281, ""Vitamin C, total ascorbic acid"": 350.12630199999995, ""Vitamin D"": 0.644496, ""Vitamin E (alpha-tocopherol)"": 45.179170000000006, ""Thiamin"": 4.2855428, ""Riboflavin"": 2.6287692, ""Niacin"": 15.372305199999998, ""Pantothenic acid"": 17.690115, ""Vitamin B-9 Folic acid"": 398.87432, ""Vitamin B-7"": 8.621689000000002, ""Total lipid (fat)"": 137.95216819999996}","{""Calcium, Ca"": [1000.0, 2500.0], ""Copper, Cu"": [0.9, 10.0], ""Iron, Fe"": [18.0, 45.0], ""Magnesium, Mg"": [310.0, 660.0], ""Manganese, Mn"": [1.8, 11.0], ""Phosphorus, P"": [700.0, 4000.0], ""Sodium, Na"": [1500.0, 2300.0], ""Potassium, K"": [4700.0, 10000.0], ""Zinc, Zn"": [8.0, 40.0], ""Carbohydrate, by difference"": [170.0, 300.0], ""Fiber, total dietary"": [20.0, 9999.0], ""Protein"": [40.0, 100.0], ""Energy"": [2000.0, 2400.0], ""Vitamin A"": [700.0, 3000.0], ""Vitamin B-6"": [1.3, 100.0], ""Vitamin B-12"": [2.4, 10000.0], ""Vitamin C, total ascorbic acid"": [75.0, 2000.0], ""Vitamin D"": [600.0, 4000.0], ""Vitamin E (alpha-tocopherol)"": [15.0, 1000.0], ""Thiamin"": [1.1, 10000.0], ""Riboflavin"": [1.1, 10000.0], ""Niacin"": [14.0, 35.0], ""Pantothenic acid"": [5.0, 10000.0], ""Vitamin B-9 Folic acid"": [400.0, 1000.0], ""Vitamin B-7"": [30.0, 10000.0], ""Total lipid (fat)"": [40.0, 120.0]}"
SPEA2,1,without_diversity,17,51.5,30.38,132.0,1.012902,1.012902,9,"[82, 29, 36, 6, 68, 11]","[246, 267, 266, 223, 95, 376, 139, 208, 147]","[82, 29, 36, 6, 68, 11, 246, 267, 266, 223, 95, 376, 139, 208, 147]","{""Calcium, Ca"": 645.67078, ""Copper, Cu"": 1.0193902, ""Iron, Fe"": 14.881346, ""Magnesium, Mg"": 241.84611999999998, ""Manganese, Mn"": 2.1585202, ""Phosphorus, P"": 1097.84574, ""Sodium, Na"": 1602.16367, ""Potassium, K"": 4040.1082, ""Zinc, Zn"": 5.818261, ""Carbohydrate, by difference"": 253.54506999999998, ""Fiber, total dietary"": 30.7579729, ""Protein"": 105.88955799999998, ""Energy"": 2679.2262299999998, ""Vitamin A"": 1591.37536, ""Vitamin B-6"": 2.181185, ""Vitamin B-12"": 36.261250000000004, ""Vitamin C, total ascorbic acid"": 378.988932, ""Vitamin D"": 0.782115, ""Vitamin E (alpha-tocopherol)"": 50.799189999999996, ""Thiamin"": 26.575084999999998, ""Riboflavin"": 6.6263166999999985, ""Niacin"": 26.436570200000002, ""Pantothenic acid"": 50.325070000000004, ""Vitamin B-9 Folic acid"": 344.22141, ""Vitamin B-7"": 18.83653, ""Total lipid (fat)"": 137.97629019999997}","{""Calcium, Ca"": [1000.0, 2500.0], ""Copper, Cu"": [0.9, 10.0], ""Iron, Fe"": [18.0, 45.0], ""Magnesium, Mg"": [310.0, 660.0], ""Manganese, Mn"": [1.8, 11.0], ""Phosphorus, P"": [700.0, 4000.0], ""Sodium, Na"": [1500.0, 2300.0], ""Potassium, K"": [4700.0, 10000.0], ""Zinc, Zn"": [8.0, 40.0], ""Carbohydrate, by difference"": [170.0, 300.0], ""Fiber, total dietary"": [20.0, 9999.0], ""Protein"": [40.0, 100.0], ""Energy"": [2000.0, 2400.0], ""Vitamin A"": [700.0, 3000.0], ""Vitamin B-6"": [1.3, 100.0], ""Vitamin B-12"": [2.4, 10000.0], ""Vitamin C, total ascorbic acid"": [75.0, 2000.0], ""Vitamin D"": [600.0, 4000.0], ""Vitamin E (alpha-tocopherol)"": [15.0, 1000.0], ""Thiamin"": [1.1, 10000.0], ""Riboflavin"": [1.1, 10000.0], ""Niacin"": [14.0, 35.0], ""Pantothenic acid"": [5.0, 10000.0], ""Vitamin B-9 Folic acid"": [400.0, 1000.0], ""Vitamin B-7"": [30.0, 10000.0], ""Total lipid (fat)"": [40.0, 120.0]}"
SPEA2,1,without_diversity,18,37.2,15.55,210.0,2.170378,2.170378,5,"[79, 57]","[233, 282, 266, 336]","[79, 57, 233, 282, 266, 336]","{""Calcium, Ca"": 587.91724, ""Copper, Cu"": 0.8114692000000001, ""Iron, Fe"": 12.633441, ""Magnesium, Mg"": 164.85602, ""Manganese, Mn"": 0.7360837, ""Phosphorus, P"": 1079.3242400000001, ""Sodium, Na"": 1269.102, ""Potassium, K"": 2595.3222, ""Zinc, Zn"": 18.520845, ""Carbohydrate, by difference"": 106.82071, ""Fiber, total dietary"": 11.804502000000001, ""Protein"": 97.771692, ""Energy"": 2159.62303, ""Vitamin A"": 365.4678, ""Vitamin B-6"": 1.476421, ""Vitamin B-12"": 7.820633, ""Vitamin C, total ascorbic acid"": 29.98345, ""Vitamin D"": 0.142008, ""Vitamin E (alpha-tocopherol)"": 27.224410000000002, ""Thiamin"": 7.067690000000001, ""Riboflavin"": 1.3697037, ""Niacin"": 16.3484222, ""Pantothenic acid"": 4.4114, ""Vitamin B-9 Folic acid"": 117.63553, ""Vitamin B-7"": 4.995958000000001, ""Total lipid (fat)"": 137.9206202}","{""Calcium, Ca"": [1000.0, 2500.0], ""Copper, Cu"": [0.9, 10.0], ""Iron, Fe"": [18.0, 45.0], ""Magnesium, Mg"": [310.0, 660.0], ""Manganese, Mn"": [1.8, 11.0], ""Phosphorus, P"": [700.0, 4000.0], ""Sodium, Na"": [1500.0, 2300.0], ""Potassium, K"": [4700.0, 10000.0], ""Zinc, Zn"": [8.0, 40.0], ""Carbohydrate, by difference"": [170.0, 300.0], ""Fiber, total dietary"": [20.0, 9999.0], ""Protein"": [40.0, 100.0], ""Energy"": [2000.0, 2400.0], ""Vitamin A"": [700.0, 3000.0], ""Vitamin B-6"": [1.3, 100.0], ""Vitamin B-12"": [2.4, 10000.0], ""Vitamin C, total ascorbic acid"": [75.0, 2000.0], ""Vitamin D"": [600.0, 4000.0], ""Vitamin E (alpha-tocopherol)"": [15.0, 1000.0], ""Thiamin"": [1.1, 10000.0], ""Riboflavin"": [1.1, 10000.0], ""Niacin"": [14.0, 35.0], ""Pantothenic acid"": [5.0, 10000.0], ""Vitamin B-9 Folic acid"": [400.0, 1000.0], ""Vitamin B-7"": [30.0, 10000.0], ""Total lipid (fat)"": [40.0, 120.0]}"
SPEA2,1,without_diversity,19,69.9,23.67,350.0,0.365405,0.365405,9,"[6, 84, 88, 93, 53]","[353, 315, 217, 192, 383, 286, 245, 266, 161]","[6, 84, 88, 93, 53, 353, 315, 217, 192, 383, 286, 245, 266, 161]","{""Calcium, Ca"": 1732.44104, ""Copper, Cu"": 1.5266003, ""Iron, Fe"": 21.997870000000002, ""Magnesium, Mg"": 511.37152, ""Manganese, Mn"": 3.7992283000000002, ""Phosphorus, P"": 1881.05524, ""Sodium, Na"": 2525.3986000000004, ""Potassium, K"": 5793.875400000001, ""Zinc, Zn"": 20.8361731, ""Carbohydrate, by difference"": 209.53546999999995, ""Fiber, total dietary"": 37.139659, ""Protein"": 110.54670200000001, ""Energy"": 2404.76183, ""Vitamin A"": 591.45448, ""Vitamin B-6"": 2.9285742000000003, ""Vitamin B-12"": 13.140595999999999, ""Vitamin C, total ascorbic acid"": 252.41862, ""Vitamin D"": 1.0220297, ""Vitamin E (alpha-tocopherol)"": 43.313047999999995, ""Thiamin"": 8.615520100000001, ""Riboflavin"": 3.8684966999999997, ""Niacin"": 23.9669692, ""Pantothenic acid"": 20.016915, ""Vitamin B-9 Folic acid"": 554.80716, ""Vitamin B-7"": 18.42133, ""Total lipid (fat)"": 137.97539020000002}","{""Calcium, Ca"": [1000.0, 2500.0], ""Copper, Cu"": [0.9, 10.0], ""Iron, Fe"": [18.0, 45.0], ""Magnesium, Mg"": [310.0, 660.0], ""Manganese, Mn"": [1.8, 11.0], ""Phosphorus, P"": [700.0, 4000.0], ""Sodium, Na"": [1500.0, 2300.0], ""Potassium, K"": [4700.0, 10000.0], ""Zinc, Zn"": [8.0, 40.0], ""Carbohydrate, by difference"": [170.0, 300.0], ""Fiber, total dietary"": [20.0, 9999.0], ""Protein"": [40.0, 100.0], ""Energy"": [2000.0, 2400.0], ""Vitamin A"": [700.0, 3000.0], ""Vitamin B-6"": [1.3, 100.0], ""Vitamin B-12"": [2.4, 10000.0], ""Vitamin C, total ascorbic acid"": [75.0, 2000.0], ""Vitamin D"": [600.0, 4000.0], ""Vitamin E (alpha-tocopherol)"": [15.0, 1000.0], ""Thiamin"": [1.1, 10000.0], ""Riboflavin"": [1.1, 10000.0], ""Niacin"": [14.0, 35.0], ""Pantothenic acid"": [5.0, 10000.0], ""Vitamin B-9 Folic acid"": [400.0, 1000.0], ""Vitamin B-7"": [30.0, 10000.0], ""Total lipid (fat)"": [40.0, 120.0]}"
SPEA2,1,without_diversity,20,72.0,20.26,634.0,0.743487,0.743487,13,"[29, 43, 30, 88, 48, 77]","[283, 259, 131, 240, 310, 253, 385, 155, 330]","[29, 43, 30, 88, 48, 77, 283, 259, 131, 240, 310, 253, 385, 155, 330]","{""Calcium, Ca"": 1333.9663, ""Copper, Cu"": 1.1198018, ""Iron, Fe"": 13.145380000000001, ""Magnesium, Mg"": 317.62633999999997, ""Manganese, Mn"": 2.2805530999999997, ""Phosphorus, P"": 1384.72828, ""Sodium, Na"": 2627.729865, ""Potassium, K"": 5629.4599, ""Zinc, Zn"": 10.596519000000002, ""Carbohydrate, by difference"": 334.87721999999997, ""Fiber, total dietary"": 44.60244, ""Protein"": 76.85845, ""Energy"": 2653.6101999999996, ""Vitamin A"": 1146.5039368, ""Vitamin B-6"": 4.2888599, ""Vitamin B-12"": 12.039465, ""Vitamin C, total ascorbic acid"": 557.37868, ""Vitamin D"": 0.40316129999999994, ""Vitamin E (alpha-tocopherol)"": 38.55708, ""Thiamin"": 10.093455, ""Riboflavin"": 3.5051939999999995, ""Niacin"": 12.956710999999999, ""Pantothenic acid"": 147.0524, ""Vitamin B-9 Folic acid"": 573.6716299999998, ""Vitamin B-7"": 18.047810000000002, ""Total lipid (fat)"": 137.32595}","{""Calcium, Ca"": [1000.0, 2500.0], ""Copper, Cu"": [0.9, 10.0], ""Iron, Fe"": [18.0, 45.0], ""Magnesium, Mg"": [310.0, 660.0], ""Manganese, Mn"": [1.8, 11.0], ""Phosphorus, P"": [700.0, 4000.0], ""Sodium, Na"": [1500.0, 2300.0], ""Potassium, K"": [4700.0, 10000.0], ""Zinc, Zn"": [8.0, 40.0], ""Carbohydrate, by difference"": [170.0, 300.0], ""Fiber, total dietary"": [20.0, 9999.0], ""Protein"": [40.0, 100.0], ""Energy"": [2000.0, 2400.0], ""Vitamin A"": [700.0, 3000.0], ""Vitamin B-6"": [1.3, 100.0], ""Vitamin B-12"": [2.4, 10000.0], ""Vitamin C, total ascorbic acid"": [75.0, 2000.0], ""Vitamin D"": [600.0, 4000.0], ""Vitamin E (alpha-tocopherol)"": [15.0, 1000.0], ""Thiamin"": [1.1, 10000.0], ""Riboflavin"": [1.1, 10000.0], ""Niacin"": [14.0, 35.0], ""Pantothenic acid"": [5.0, 10000.0], ""Vitamin B-9 Folic acid"": [400.0, 1000.0], ""Vitamin B-7"": [30.0, 10000.0], ""Total lipid (fat)"": [40.0, 120.0]}"
SPEA2,1,without_diversity,21,91.8,27.14,500.0,0.780252,0.780252,13,"[74, 42, 9, 86, 68, 21, 76, 85, 70, 89]","[331, 211, 161, 298, 108, 342, 218, 378, 181, 266]","[74, 42, 9, 86, 68, 21, 76, 85, 70, 89, 331, 211, 161, 298, 108, 342, 218, 378, 181, 266]","{""Calcium, Ca"": 560.7593, ""Copper, Cu"": 2.5761573, ""Iron, Fe"": 28.804879799999995, ""Magnesium, Mg"": 552.31398, ""Manganese, Mn"": 8.977476099999999, ""Phosphorus, P"": 1670.8874400000002, ""Sodium, Na"": 2023.73245, ""Potassium, K"": 4647.7304, ""Zinc, Zn"": 17.009741, ""Carbohydrate, by difference"": 338.75460100000004, ""Fiber, total dietary"": 30.951483, ""Protein"": 96.877476, ""Energy"": 2758.18943, ""Vitamin A"": 866.362656, ""Vitamin B-6"": 3.8143572999999997, ""Vitamin B-12"": 9.662327, ""Vitamin C, total ascorbic acid"": 225.3540997, ""Vitamin D"": 0.11783539999999999, ""Vitamin E (alpha-tocopherol)"": 42.38959, ""Thiamin"": 7.7072354999999995, ""Riboflavin"": 5.0878701, ""Niacin"": 11.4812472, ""Pantothenic acid"": 28.881967399999997, ""Vitamin B-9 Folic acid"": 456.02558999999997, ""Vitamin B-7"": 17.852201, ""Total lipid (fat)"": 120.5273502}","{""Calcium, Ca"": [1000.0, 2500.0], ""Copper, Cu"": [0.9, 10.0], ""Iron, Fe"": [18.0, 45.0], ""Magnesium, Mg"": [310.0, 660.0], ""Manganese, Mn"": [1.8, 11.0], ""Phosphorus, P"": [700.0, 4000.0], ""Sodium, Na"": [1500.0, 2300.0], ""Potassium, K"": [4700.0, 10000.0], ""Zinc, Zn"": [8.0, 40.0], ""Carbohydrate, by difference"": [170.0, 300.0], ""Fiber, total dietary"": [20.0, 9999.0], ""Protein"": [40.0, 100.0], ""Energy"": [2000.0, 2400.0], ""Vitamin A"": [700.0, 3000.0], ""Vitamin B-6"": [1.3, 100.0], ""Vitamin B-12"": [2.4, 10000.0], ""Vitamin C, total ascorbic acid"": [75.0, 2000.0], ""Vitamin D"": [600.0, 4000.0], ""Vitamin E (alpha-tocopherol)"": [15.0, 1000.0], ""Thiamin"": [1.1, 10000.0], ""Riboflavin"": [1.1, 10000.0], ""Niacin"": [14.0, 35.0], ""Pantothenic acid"": [5.0, 10000.0], ""Vitamin B-9 Folic acid"": [400.0, 1000.0], ""Vitamin B-7"": [30.0, 10000.0], ""Total lipid (fat)"": [40.0, 120.0]}"
SPEA2,1,without_diversity,22,79.6,24.08,382.0,0.569716,0.569716,10,"[43, 74, 23, 76, 51, 42, 6]","[255, 240, 297, 131, 393, 330, 302, 161]","[43, 74, 23, 76, 51, 42, 6, 255, 240, 297, 131, 393, 330, 302, 161]","{""Calcium, Ca"": 1483.4012, ""Copper, Cu"": 1.4331741, ""Iron, Fe"": 18.009175, ""Magnesium, Mg"": 620.23424, ""Manganese, Mn"": 3.6180292, ""Phosphorus, P"": 1530.8714, ""Sodium, Na"": 2642.6015, ""Potassium, K"": 7063.2796, ""Zinc, Zn"": 11.403438, ""Carbohydrate, by difference"": 307.07764099999997, ""Fiber, total dietary"": 67.82301500000001, ""Protein"": 81.67370000000001, ""Energy"": 2726.7431, ""Vitamin A"": 1306.66595, ""Vitamin B-6"": 5.137262, ""Vitamin B-12"": 17.810726, ""Vitamin C, total ascorbic acid"": 442.9532, ""Vitamin D"": 1.5023486, ""Vitamin E (alpha-tocopherol)"": 48.707060000000006, ""Thiamin"": 4.532065, ""Riboflavin"": 5.193274000000001, ""Niacin"": 16.096795, ""Pantothenic acid"": 158.911181, ""Vitamin B-9 Folic acid"": 458.1309, ""Vitamin B-7"": 29.14535, ""Total lipid (fat)"": 135.0854}","{""Calcium, Ca"": [1000.0, 2500.0], ""Copper, Cu"": [0.9, 10.0], ""Iron, Fe"": [18.0, 45.0], ""Magnesium, Mg"": [310.0, 660.0], ""Manganese, Mn"": [1.8, 11.0], ""Phosphorus, P"": [700.0, 4000.0], ""Sodium, Na"": [1500.0, 2300.0], ""Potassium, K"": [4700.0, 10000.0], ""Zinc, Zn"": [8.0, 40.0], ""Carbohydrate, by difference"": [170.0, 300.0], ""Fiber, total dietary"": [20.0, 9999.0], ""Protein"": [40.0, 100.0], ""Energy"": [2000.0, 2400.0], ""Vitamin A"": [700.0, 3000.0], ""Vitamin B-6"": [1.3, 100.0], ""Vitamin B-12"": [2.4, 10000.0], ""Vitamin C, total ascorbic acid"": [75.0, 2000.0], ""Vitamin D"": [600.0, 4000.0], ""Vitamin E (alpha-tocopherol)"": [15.0, 1000.0], ""Thiamin"": [1.1, 10000.0], ""Riboflavin"": [1.1, 10000.0], ""Niacin"": [14.0, 35.0], ""Pantothenic acid"": [5.0, 10000.0], ""Vitamin B-9 Folic acid"": [400.0, 1000.0], ""Vitamin B-7"": [30.0, 10000.0], ""Total lipid (fat)"": [40.0, 120.0]}"
SPEA2,1,without_diversity,23,108.4,41.48,420.0,0.480771,0.480771,12,"[22, 29, 36, 6, 68, 53]","[405, 270, 239, 257, 158, 338, 161, 113, 105, 331, 139, 336, 264, 266]","[22, 29, 36, 6, 68, 53, 405, 270, 239, 257, 158, 338, 161, 113, 105, 331, 139, 336, 264, 266]","{""Calcium, Ca"": 1019.74334, ""Copper, Cu"": 2.1697808000000003, ""Iron, Fe"": 20.775578999999993, ""Magnesium, Mg"": 393.13579, ""Manganese, Mn"": 3.0737885000000005, ""Phosphorus, P"": 1294.9204067000003, ""Sodium, Na"": 2276.6006799999996, ""Potassium, K"": 5774.576300000001, ""Zinc, Zn"": 15.1258765, ""Carbohydrate, by difference"": 314.24555, ""Fiber, total dietary"": 61.50085800000001, ""Protein"": 90.89149200000001, ""Energy"": 2741.4605300000003, ""Vitamin A"": 2085.69373, ""Vitamin B-6"": 2.1477133999999998, ""Vitamin B-12"": 4.5976607000000005, ""Vitamin C, total ascorbic acid"": 520.0324449999999, ""Vitamin D"": 0.966364, ""Vitamin E (alpha-tocopherol)"": 39.162488, ""Thiamin"": 8.479197299999997, ""Riboflavin"": 1.9267819999999998, ""Niacin"": 25.8942622, ""Pantothenic acid"": 8.561315100000002, ""Vitamin B-9 Folic acid"": 435.96487999999994, ""Vitamin B-7"": 15.464582000000002, ""Total lipid (fat)"": 137.98678619999995}","{""Calcium, Ca"": [1000.0, 2500.0], ""Copper, Cu"": [0.9, 10.0], ""Iron, Fe"": [18.0, 45.0], ""Magnesium, Mg"": [310.0, 660.0], ""Manganese, Mn"": [1.8, 11.0], ""Phosphorus, P"": [700.0, 4000.0], ""Sodium, Na"": [1500.0, 2300.0], ""Potassium, K"": [4700.0, 10000.0], ""Zinc, Zn"": [8.0, 40.0], ""Carbohydrate, by difference"": [170.0, 300.0], ""Fiber, total dietary"": [20.0, 9999.0], ""Protein"": [40.0, 100.0], ""Energy"": [2000.0, 2400.0], ""Vitamin A"": [700.0, 3000.0], ""Vitamin B-6"": [1.3, 100.0], ""Vitamin B-12"": [2.4, 10000.0], ""Vitamin C, total ascorbic acid"": [75.0, 2000.0], ""Vitamin D"": [600.0, 4000.0], ""Vitamin E (alpha-tocopherol)"": [15.0, 1000.0], ""Thiamin"": [1.1, 10000.0], ""Riboflavin"": [1.1, 10000.0], ""Niacin"": [14.0, 35.0], ""Pantothenic acid"": [5.0, 10000.0], ""Vitamin B-9 Folic acid"": [400.0, 1000.0], ""Vitamin B-7"": [30.0, 10000.0], ""Total lipid (fat)"": [40.0, 120.0]}"
SPEA2,1,without_diversity,24,87.5,27.06,457.0,1.76694,1.76694,9,"[65, 29, 82]","[352, 284, 96, 224, 273, 375, 342, 249, 161, 113, 266, 331]","[65, 29, 82, 352, 284, 96, 224, 273, 375, 342, 249, 161, 113, 266, 331]","{""Calcium, Ca"": 576.026618, ""Copper, Cu"": 1.4772707999999999, ""Iron, Fe"": 11.070166299999999, ""Magnesium, Mg"": 216.65167, ""Manganese, Mn"": 3.2579437999999996, ""Phosphorus, P"": 694.4719194999999, ""Sodium, Na"": 1674.32911, ""Potassium, K"": 3262.2510879999995, ""Zinc, Zn"": 5.5318715, ""Carbohydrate, by difference"": 334.83322, ""Fiber, total dietary"": 32.6150179, ""Protein"": 47.56554130000001, ""Energy"": 2695.87623, ""Vitamin A"": 916.41949, ""Vitamin B-6"": 1.4645294, ""Vitamin B-12"": 0.9500773, ""Vitamin C, total ascorbic acid"": 181.529089, ""Vitamin D"": 2.8343133999999996, ""Vitamin E (alpha-tocopherol)"": 29.400580000000005, ""Thiamin"": 8.0120134, ""Riboflavin"": 0.7656613000000001, ""Niacin"": 8.9426892, ""Pantothenic acid"": 3.9382652, ""Vitamin B-9 Folic acid"": 147.17719000000002, ""Vitamin B-7"": 9.196177, ""Total lipid (fat)"": 137.93014820000002}","{""Calcium, Ca"": [1000.0, 2500.0], ""Copper, Cu"": [0.9, 10.0], ""Iron, Fe"": [18.0, 45.0], ""Magnesium, Mg"": [310.0, 660.0], ""Manganese, Mn"": [1.8, 11.0], ""Phosphorus, P"": [700.0, 4000.0], ""Sodium, Na"": [1500.0, 2300.0], ""Potassium, K"": [4700.0, 10000.0], ""Zinc, Zn"": [8.0, 40.0], ""Carbohydrate, by difference"": [170.0, 300.0], ""Fiber, total dietary"": [20.0, 9999.0], ""Protein"": [40.0, 100.0], ""Energy"": [2000.0, 2400.0], ""Vitamin A"": [700.0, 3000.0], ""Vitamin B-6"": [1.3, 100.0], ""Vitamin B-12"": [2.4, 10000.0], ""Vitamin C, total ascorbic acid"": [75.0, 2000.0], ""Vitamin D"": [600.0, 4000.0], ""Vitamin E (alpha-tocopherol)"": [15.0, 1000.0], ""Thiamin"": [1.1, 10000.0], ""Riboflavin"": [1.1, 10000.0], ""Niacin"": [14.0, 35.0], ""Pantothenic acid"": [5.0, 10000.0], ""Vitamin B-9 Folic acid"": [400.0, 1000.0], ""Vitamin B-7"": [30.0, 10000.0], ""Total lipid (fat)"": [40.0, 120.0]}"
SPEA2,1,without_diversity,25,75.7,26.06,217.0,1.336887,1.336887,9,"[65, 82, 29]","[209, 272, 116, 113, 155, 362, 158, 160, 139, 161, 266, 336, 245]","[65, 82, 29, 209, 272, 116, 113, 155, 362, 158, 160, 139, 161, 266, 336, 245]","{""Calcium, Ca"": 524.8292799999999, ""Copper, Cu"": 1.6061973, ""Iron, Fe"": 15.201365999999998, ""Magnesium, Mg"": 254.53071999999997, ""Manganese, Mn"": 2.7610342, ""Phosphorus, P"": 918.0877066999999, ""Sodium, Na"": 2168.5580099999997, ""Potassium, K"": 3959.0009000000005, ""Zinc, Zn"": 10.930029500000002, ""Carbohydrate, by difference"": 337.58737, ""Fiber, total dietary"": 43.76755290000001, ""Protein"": 67.620648, ""Energy"": 2741.807030000001, ""Vitamin A"": 927.50658, ""Vitamin B-6"": 1.4136613000000002, ""Vitamin B-12"": 2.9909665999999997, ""Vitamin C, total ascorbic acid"": 374.018492, ""Vitamin D"": 2.958798, ""Vitamin E (alpha-tocopherol)"": 25.812980000000007, ""Thiamin"": 2.8148834000000003, ""Riboflavin"": 1.0501773999999997, ""Niacin"": 17.045835200000003, ""Pantothenic acid"": 3.9374070000000003, ""Vitamin B-9 Folic acid"": 137.77491, ""Vitamin B-7"": 17.168001, ""Total lipid (fat)"": 136.22767819999999}","{""Calcium, Ca"": [1000.0, 2500.0], ""Copper, Cu"": [0.9, 10.0], ""Iron, Fe"": [18.0, 45.0], ""Magnesium, Mg"": [310.0, 660.0], ""Manganese, Mn"": [1.8, 11.0], ""Phosphorus, P"": [700.0, 4000.0], ""Sodium, Na"": [1500.0, 2300.0], ""Potassium, K"": [4700.0, 10000.0], ""Zinc, Zn"": [8.0, 40.0], ""Carbohydrate, by difference"": [170.0, 300.0], ""Fiber, total dietary"": [20.0, 9999.0], ""Protein"": [40.0, 100.0], ""Energy"": [2000.0, 2400.0], ""Vitamin A"": [700.0, 3000.0], ""Vitamin B-6"": [1.3, 100.0], ""Vitamin B-12"": [2.4, 10000.0], ""Vitamin C, total ascorbic acid"": [75.0, 2000.0], ""Vitamin D"": [600.0, 4000.0], ""Vitamin E (alpha-tocopherol)"": [15.0, 1000.0], ""Thiamin"": [1.1, 10000.0], ""Riboflavin"": [1.1, 10000.0], ""Niacin"": [14.0, 35.0], ""Pantothenic acid"": [5.0, 10000.0], ""Vitamin B-9 Folic acid"": [400.0, 1000.0], ""Vitamin B-7"": [30.0, 10000.0], ""Total lipid (fat)"": [40.0, 120.0]}"
SPEA2,1,without_diversity,26,57.0,16.5,590.0,1.201639,1.201639,11,"[77, 6, 7, 92, 31, 53]","[203, 310, 253, 385, 372, 379, 388, 155]","[77, 6, 7, 92, 31, 53, 203, 310, 253, 385, 372, 379, 388, 155]","{""Calcium, Ca"": 1157.6270000000002, ""Copper, Cu"": 1.2745724999999999, ""Iron, Fe"": 10.1708, ""Magnesium, Mg"": 326.35324, ""Manganese, Mn"": 7.3127689, ""Phosphorus, P"": 1586.93988, ""Sodium, Na"": 2545.1237650000003, ""Potassium, K"": 2617.5099, ""Zinc, Zn"": 14.37008, ""Carbohydrate, by difference"": 335.93297099999995, ""Fiber, total dietary"": 17.252995, ""Protein"": 81.14402, ""Energy"": 2628.96072, ""Vitamin A"": 420.53961999999996, ""Vitamin B-6"": 2.7759192, ""Vitamin B-12"": 2.3869789999999997, ""Vitamin C, total ascorbic acid"": 51.749769, ""Vitamin D"": 1.8078067, ""Vitamin E (alpha-tocopherol)"": 37.774828, ""Thiamin"": 22.48927, ""Riboflavin"": 1.87636, ""Niacin"": 13.272473000000002, ""Pantothenic acid"": 7.839087, ""Vitamin B-9 Folic acid"": 335.46877, ""Vitamin B-7"": 30.944670000000002, ""Total lipid (fat)"": 136.17437}","{""Calcium, Ca"": [1000.0, 2500.0], ""Copper, Cu"": [0.9, 10.0], ""Iron, Fe"": [18.0, 45.0], ""Magnesium, Mg"": [310.0, 660.0], ""Manganese, Mn"": [1.8, 11.0], ""Phosphorus, P"": [700.0, 4000.0], ""Sodium, Na"": [1500.0, 2300.0], ""Potassium, K"": [4700.0, 10000.0], ""Zinc, Zn"": [8.0, 40.0], ""Carbohydrate, by difference"": [170.0, 300.0], ""Fiber, total dietary"": [20.0, 9999.0], ""Protein"": [40.0, 100.0], ""Energy"": [2000.0, 2400.0], ""Vitamin A"": [700.0, 3000.0], ""Vitamin B-6"": [1.3, 100.0], ""Vitamin B-12"": [2.4, 10000.0], ""Vitamin C, total ascorbic acid"": [75.0, 2000.0], ""Vitamin D"": [600.0, 4000.0], ""Vitamin E (alpha-tocopherol)"": [15.0, 1000.0], ""Thiamin"": [1.1, 10000.0], ""Riboflavin"": [1.1, 10000.0], ""Niacin"": [14.0, 35.0], ""Pantothenic acid"": [5.0, 10000.0], ""Vitamin B-9 Folic acid"": [400.0, 1000.0], ""Vitamin B-7"": [30.0, 10000.0], ""Total lipid (fat)"": [40.0, 120.0]}"
SPEA2,1,without_diversity,27,32.0,14.53,300.0,1.355036,1.355036,7,"[77, 59]","[214, 338, 227, 139, 332, 113]","[77, 59, 214, 338, 227, 139, 332, 113]","{""Calcium, Ca"": 642.9346, ""Copper, Cu"": 1.0815981000000001, ""Iron, Fe"": 9.692034, ""Magnesium, Mg"": 225.55769999999998, ""Manganese, Mn"": 2.6947950000000005, ""Phosphorus, P"": 1206.9085667000002, ""Sodium, Na"": 1753.81914, ""Potassium, K"": 3008.4912999999997, ""Zinc, Zn"": 9.314337499999999, ""Carbohydrate, by difference"": 262.45541, ""Fiber, total dietary"": 31.339888, ""Protein"": 92.20407, ""Energy"": 2496.6945, ""Vitamin A"": 380.64022, ""Vitamin B-6"": 2.4868936, ""Vitamin B-12"": 6.1058901, ""Vitamin C, total ascorbic acid"": 225.591255, ""Vitamin D"": 3.5676156000000003, ""Vitamin E (alpha-tocopherol)"": 30.304470000000002, ""Thiamin"": 6.275800500000001, ""Riboflavin"": 1.2913744999999999, ""Niacin"": 27.029566999999997, ""Pantothenic acid"": 6.506189999999999, ""Vitamin B-9 Folic acid"": 211.22352, ""Vitamin B-7"": 22.074043, ""Total lipid (fat)"": 137.977108}","{""Calcium, Ca"": [1000.0, 2500.0], ""Copper, Cu"": [0.9, 10.0], ""Iron, Fe"": [18.0, 45.0], ""Magnesium, Mg"": [310.0, 660.0], ""Manganese, Mn"": [1.8, 11.0], ""Phosphorus, P"": [700.0, 4000.0], ""Sodium, Na"": [1500.0, 2300.0], ""Potassium, K"": [4700.0, 10000.0], ""Zinc, Zn"": [8.0, 40.0], ""Carbohydrate, by difference"": [170.0, 300.0], ""Fiber, total dietary"": [20.0, 9999.0], ""Protein"": [40.0, 100.0], ""Energy"": [2000.0, 2400.0], ""Vitamin A"": [700.0, 3000.0], ""Vitamin B-6"": [1.3, 100.0], ""Vitamin B-12"": [2.4, 10000.0], ""Vitamin C, total ascorbic acid"": [75.0, 2000.0], ""Vitamin D"": [600.0, 4000.0], ""Vitamin E (alpha-tocopherol)"": [15.0, 1000.0], ""Thiamin"": [1.1, 10000.0], ""Riboflavin"": [1.1, 10000.0], ""Niacin"": [14.0, 35.0], ""Pantothenic acid"": [5.0, 10000.0], ""Vitamin B-9 Folic acid"": [400.0, 1000.0], ""Vitamin B-7"": [30.0, 10000.0], ""Total lipid (fat)"": [40.0, 120.0]}"
SPEA2,1,without_diversity,28,76.2,20.49,507.0,0.951565,0.951565,10,"[50, 42, 69, 31]","[298, 129, 283, 131, 240, 253, 155, 266, 217]","[50, 42, 69, 31, 298, 129, 283, 131, 240, 253, 155, 266, 217]","{""Calcium, Ca"": 956.09924, ""Copper, Cu"": 1.2708765, ""Iron, Fe"": 16.472499999999997, ""Magnesium, Mg"": 441.80575999999996, ""Manganese, Mn"": 12.647896399999999, ""Phosphorus, P"": 1808.35882, ""Sodium, Na"": 2558.810165, ""Potassium, K"": 3374.6040999999996, ""Zinc, Zn"": 20.850941999999996, ""Carbohydrate, by difference"": 333.69764000000004, ""Fiber, total dietary"": 30.282885000000007, ""Protein"": 78.67852199999999, ""Energy"": 2505.4244299999996, ""Vitamin A"": 443.6296968000001, ""Vitamin B-6"": 4.157284899999999, ""Vitamin B-12"": 9.940199999999999, ""Vitamin C, total ascorbic acid"": 122.817112, ""Vitamin D"": 0.2737872, ""Vitamin E (alpha-tocopherol)"": 55.53266, ""Thiamin"": 2.8473070000000003, ""Riboflavin"": 5.189527699999999, ""Niacin"": 9.603966199999999, ""Pantothenic acid"": 27.752798000000002, ""Vitamin B-9 Folic acid"": 551.2448399999998, ""Vitamin B-7"": 38.77683, ""Total lipid (fat)"": 136.2050302}","{""Calcium, Ca"": [1000.0, 2500.0], ""Copper, Cu"": [0.9, 10.0], ""Iron, Fe"": [18.0, 45.0], ""Magnesium, Mg"": [310.0, 660.0], ""Manganese, Mn"": [1.8, 11.0], ""Phosphorus, P"": [700.0, 4000.0], ""Sodium, Na"": [1500.0, 2300.0], ""Potassium, K"": [4700.0, 10000.0], ""Zinc, Zn"": [8.0, 40.0], ""Carbohydrate, by difference"": [170.0, 300.0], ""Fiber, total dietary"": [20.0, 9999.0], ""Protein"": [40.0, 100.0], ""Energy"": [2000.0, 2400.0], ""Vitamin A"": [700.0, 3000.0], ""Vitamin B-6"": [1.3, 100.0], ""Vitamin B-12"": [2.4, 10000.0], ""Vitamin C, total ascorbic acid"": [75.0, 2000.0], ""Vitamin D"": [600.0, 4000.0], ""Vitamin E (alpha-tocopherol)"": [15.0, 1000.0], ""Thiamin"": [1.1, 10000.0], ""Riboflavin"": [1.1, 10000.0], ""Niacin"": [14.0, 35.0], ""Pantothenic acid"": [5.0, 10000.0], ""Vitamin B-9 Folic acid"": [400.0, 1000.0], ""Vitamin B-7"": [30.0, 10000.0], ""Total lipid (fat)"": [40.0, 120.0]}"
SPEA2,1,without_diversity,29,33.1,13.05,315.0,0.736461,0.736461,7,"[7, 60]","[313, 266, 379, 243, 246, 191, 155, 110, 336]","[7, 60, 313, 266, 379, 243, 246, 191, 155, 110, 336]","{""Calcium, Ca"": 728.93924, ""Copper, Cu"": 1.8371940999999998, ""Iron, Fe"": 19.539506, ""Magnesium, Mg"": 475.57702, ""Manganese, Mn"": 5.800038000000001, ""Phosphorus, P"": 1530.8047399999998, ""Sodium, Na"": 2230.1177999999995, ""Potassium, K"": 4039.0442, ""Zinc, Zn"": 13.564492000000001, ""Carbohydrate, by difference"": 306.50363, ""Fiber, total dietary"": 39.248602000000005, ""Protein"": 63.619002, ""Energy"": 2616.1907300000003, ""Vitamin A"": 191.15245999999996, ""Vitamin B-6"": 3.4183153999999996, ""Vitamin B-12"": 27.33395, ""Vitamin C, total ascorbic acid"": 148.055762, ""Vitamin D"": 1.1500686000000002, ""Vitamin E (alpha-tocopherol)"": 62.036919999999995, ""Thiamin"": 5.059725, ""Riboflavin"": 16.6472333, ""Niacin"": 21.931269200000003, ""Pantothenic acid"": 88.40071499999999, ""Vitamin B-9 Folic acid"": 495.15401, ""Vitamin B-7"": 44.521915, ""Total lipid (fat)"": 137.9624202}","{""Calcium, Ca"": [1000.0, 2500.0], ""Copper, Cu"": [0.9, 10.0], ""Iron, Fe"": [18.0, 45.0], ""Magnesium, Mg"": [310.0, 660.0], ""Manganese, Mn"": [1.8, 11.0], ""Phosphorus, P"": [700.0, 4000.0], ""Sodium, Na"": [1500.0, 2300.0], ""Potassium, K"": [4700.0, 10000.0], ""Zinc, Zn"": [8.0, 40.0], ""Carbohydrate, by difference"": [170.0, 300.0], ""Fiber, total dietary"": [20.0, 9999.0], ""Protein"": [40.0, 100.0], ""Energy"": [2000.0, 2400.0], ""Vitamin A"": [700.0, 3000.0], ""Vitamin B-6"": [1.3, 100.0], ""Vitamin B-12"": [2.4, 10000.0], ""Vitamin C, total ascorbic acid"": [75.0, 2000.0], ""Vitamin D"": [600.0, 4000.0], ""Vitamin E (alpha-tocopherol)"": [15.0, 1000.0], ""Thiamin"": [1.1, 10000.0], ""Riboflavin"": [1.1, 10000.0], ""Niacin"": [14.0, 35.0], ""Pantothenic acid"": [5.0, 10000.0], ""Vitamin B-9 Folic acid"": [400.0, 1000.0], ""Vitamin B-7"": [30.0, 10000.0], ""Total lipid (fat)"": [40.0, 120.0]}"
SPEA2,1,without_diversity,30,35.0,13.75,375.0,1.023523,1.023523,8,"[55, 26, 54, 77, 76, 47, 13]","[345, 159, 286]","[55, 26, 54, 77, 76, 47, 13, 345, 159, 286]","{""Calcium, Ca"": 411.0038, ""Copper, Cu"": 1.672767, ""Iron, Fe"": 12.59779, ""Magnesium, Mg"": 310.3947, ""Manganese, Mn"": 1.3892974999999999, ""Phosphorus, P"": 1415.1493999999998, ""Sodium, Na"": 1528.4371, ""Potassium, K"": 5335.046000000001, ""Zinc, Zn"": 8.669902, ""Carbohydrate, by difference"": 169.72159100000002, ""Fiber, total dietary"": 28.803350000000002, ""Protein"": 112.24450999999999, ""Energy"": 2238.1602000000003, ""Vitamin A"": 199.77989, ""Vitamin B-6"": 4.343768, ""Vitamin B-12"": 6.360725, ""Vitamin C, total ascorbic acid"": 289.472148, ""Vitamin D"": 0.256083, ""Vitamin E (alpha-tocopherol)"": 87.71880999999999, ""Thiamin"": 47.2515, ""Riboflavin"": 3.2137320000000003, ""Niacin"": 39.92428400000001, ""Pantothenic acid"": 30.905990000000003, ""Vitamin B-9 Folic acid"": 314.01570000000004, ""Vitamin B-7"": 17.177419, ""Total lipid (fat)"": 137.96018}","{""Calcium, Ca"": [1000.0, 2500.0], ""Copper, Cu"": [0.9, 10.0], ""Iron, Fe"": [18.0, 45.0], ""Magnesium, Mg"": [310.0, 660.0], ""Manganese, Mn"": [1.8, 11.0], ""Phosphorus, P"": [700.0, 4000.0], ""Sodium, Na"": [1500.0, 2300.0], ""Potassium, K"": [4700.0, 10000.0], ""Zinc, Zn"": [8.0, 40.0], ""Carbohydrate, by difference"": [170.0, 300.0], ""Fiber, total dietary"": [20.0, 9999.0], ""Protein"": [40.0, 100.0], ""Energy"": [2000.0, 2400.0], ""Vitamin A"": [700.0, 3000.0], ""Vitamin B-6"": [1.3, 100.0], ""Vitamin B-12"": [2.4, 10000.0], ""Vitamin C, total ascorbic acid"": [75.0, 2000.0], ""Vitamin D"": [600.0, 4000.0], ""Vitamin E (alpha-tocopherol)"": [15.0, 1000.0], ""Thiamin"": [1.1, 10000.0], ""Riboflavin"": [1.1, 10000.0], ""Niacin"": [14.0, 35.0], ""Pantothenic acid"": [5.0, 10000.0], ""Vitamin B-9 Folic acid"": [400.0, 1000.0], ""Vitamin B-7"": [30.0, 10000.0], ""Total lipid (fat)"": [40.0, 120.0]}"
SPEA2,1,without_diversity,31,92.6,31.27,363.0,1.499276,1.499276,11,"[86, 44, 29, 77, 31, 50]","[405, 270, 239, 158, 338, 161, 113, 105, 336, 266, 245]","[86, 44, 29, 77, 31, 50, 405, 270, 239, 158, 338, 161, 113, 105, 336, 266, 245]","{""Calcium, Ca"": 420.6559799999999, ""Copper, Cu"": 1.2078918, ""Iron, Fe"": 14.982264999999998, ""Magnesium, Mg"": 203.24529, ""Manganese, Mn"": 1.5547025, ""Phosphorus, P"": 718.5824067, ""Sodium, Na"": 2494.37068, ""Potassium, K"": 3522.7582999999995, ""Zinc, Zn"": 10.258344500000003, ""Carbohydrate, by difference"": 339.61173, ""Fiber, total dietary"": 58.871448000000015, ""Protein"": 71.60516600000001, ""Energy"": 2468.6590300000003, ""Vitamin A"": 461.2887, ""Vitamin B-6"": 1.2836192, ""Vitamin B-12"": 3.5455257000000002, ""Vitamin C, total ascorbic acid"": 108.262617, ""Vitamin D"": 0.4001626, ""Vitamin E (alpha-tocopherol)"": 30.084580000000003, ""Thiamin"": 4.9393473000000006, ""Riboflavin"": 1.123364, ""Niacin"": 13.5861322, ""Pantothenic acid"": 4.6043881, ""Vitamin B-9 Folic acid"": 168.01134000000005, ""Vitamin B-7"": 10.674855000000003, ""Total lipid (fat)"": 137.38045619999997}","{""Calcium, Ca"": [1000.0, 2500.0], ""Copper, Cu"": [0.9, 10.0], ""Iron, Fe"": [18.0, 45.0], ""Magnesium, Mg"": [310.0, 660.0], ""Manganese, Mn"": [1.8, 11.0], ""Phosphorus, P"": [700.0, 4000.0], ""Sodium, Na"": [1500.0, 2300.0], ""Potassium, K"": [4700.0, 10000.0], ""Zinc, Zn"": [8.0, 40.0], ""Carbohydrate, by difference"": [170.0, 300.0], ""Fiber, total dietary"": [20.0, 9999.0], ""Protein"": [40.0, 100.0], ""Energy"": [2000.0, 2400.0], ""Vitamin A"": [700.0, 3000.0], ""Vitamin B-6"": [1.3, 100.0], ""Vitamin B-12"": [2.4, 10000.0], ""Vitamin C, total ascorbic acid"": [75.0, 2000.0], ""Vitamin D"": [600.0, 4000.0], ""Vitamin E (alpha-tocopherol)"": [15.0, 1000.0], ""Thiamin"": [1.1, 10000.0], ""Riboflavin"": [1.1, 10000.0], ""Niacin"": [14.0, 35.0], ""Pantothenic acid"": [5.0, 10000.0], ""Vitamin B-9 Folic acid"": [400.0, 1000.0], ""Vitamin B-7"": [30.0, 10000.0], ""Total lipid (fat)"": [40.0, 120.0]}"
SPEA2,1,without_diversity,32,92.7,35.46,390.0,0.502084,0.502084,10,"[14, 22, 36, 6, 68, 53]","[405, 270, 239, 257, 158, 161, 113, 105, 331, 139, 362, 252, 336, 266]","[14, 22, 36, 6, 68, 53, 405, 270, 239, 257, 158, 161, 113, 105, 331, 139, 362, 252, 336, 266]","{""Calcium, Ca"": 1171.9024399999998, ""Copper, Cu"": 2.0634108, ""Iron, Fe"": 21.46570399999999, ""Magnesium, Mg"": 396.30388999999997, ""Manganese, Mn"": 2.5296775, ""Phosphorus, P"": 1250.8975067000001, ""Sodium, Na"": 2425.7066800000007, ""Potassium, K"": 6005.962300000001, ""Zinc, Zn"": 14.5190255, ""Carbohydrate, by difference"": 303.49175, ""Fiber, total dietary"": 56.453898, ""Protein"": 93.62035200000001, ""Energy"": 2708.4035300000005, ""Vitamin A"": 3193.64052, ""Vitamin B-6"": 2.1556976, ""Vitamin B-12"": 4.5976607000000005, ""Vitamin C, total ascorbic acid"": 521.02761, ""Vitamin D"": 0.9490254, ""Vitamin E (alpha-tocopherol)"": 36.381018000000005, ""Thiamin"": 8.731173599999998, ""Riboflavin"": 1.9607740999999999, ""Niacin"": 26.0218922, ""Pantothenic acid"": 8.701275100000002, ""Vitamin B-9 Folic acid"": 415.11796999999996, ""Vitamin B-7"": 14.08777, ""Total lipid (fat)"": 137.56654619999998}","{""Calcium, Ca"": [1000.0, 2500.0], ""Copper, Cu"": [0.9, 10.0], ""Iron, Fe"": [18.0, 45.0], ""Magnesium, Mg"": [310.0, 660.0], ""Manganese, Mn"": [1.8, 11.0], ""Phosphorus, P"": [700.0, 4000.0], ""Sodium, Na"": [1500.0, 2300.0], ""Potassium, K"": [4700.0, 10000.0], ""Zinc, Zn"": [8.0, 40.0], ""Carbohydrate, by difference"": [170.0, 300.0], ""Fiber, total dietary"": [20.0, 9999.0], ""Protein"": [40.0, 100.0], ""Energy"": [2000.0, 2400.0], ""Vitamin A"": [700.0, 3000.0], ""Vitamin B-6"": [1.3, 100.0], ""Vitamin B-12"": [2.4, 10000.0], ""Vitamin C, total ascorbic acid"": [75.0, 2000.0], ""Vitamin D"": [600.0, 4000.0], ""Vitamin E (alpha-tocopherol)"": [15.0, 1000.0], ""Thiamin"": [1.1, 10000.0], ""Riboflavin"": [1.1, 10000.0], ""Niacin"": [14.0, 35.0], ""Pantothenic acid"": [5.0, 10000.0], ""Vitamin B-9 Folic acid"": [400.0, 1000.0], ""Vitamin B-7"": [30.0, 10000.0], ""Total lipid (fat)"": [40.0, 120.0]}"
SPEA2,1,without_diversity,33,84.1,26.47,545.0,0.468334,0.468334,13,"[86, 44, 29, 77, 31, 50]","[261, 294, 192, 383, 194, 275, 113, 208, 147, 336, 286]","[86, 44, 29, 77, 31, 50, 261, 294, 192, 383, 194, 275, 113, 208, 147, 336, 286]","{""Calcium, Ca"": 956.7923399999999, ""Copper, Cu"": 1.2240702, ""Iron, Fe"": 23.762648, ""Magnesium, Mg"": 329.87399999999997, ""Manganese, Mn"": 4.576998, ""Phosphorus, P"": 1149.2394666999999, ""Sodium, Na"": 2493.10734, ""Potassium, K"": 5676.1205, ""Zinc, Zn"": 11.749479500000003, ""Carbohydrate, by difference"": 344.55848999999995, ""Fiber, total dietary"": 64.10805599999999, ""Protein"": 72.71790399999999, ""Energy"": 2519.097, ""Vitamin A"": 1515.6264899999999, ""Vitamin B-6"": 4.0060145, ""Vitamin B-12"": 2.217216, ""Vitamin C, total ascorbic acid"": 359.114099, ""Vitamin D"": 0.2821134, ""Vitamin E (alpha-tocopherol)"": 43.83557, ""Thiamin"": 5.3771957, ""Riboflavin"": 1.2999032000000001, ""Niacin"": 16.021675000000002, ""Pantothenic acid"": 6.557982000000001, ""Vitamin B-9 Folic acid"": 660.9987799999999, ""Vitamin B-7"": 20.484475, ""Total lipid (fat)"": 135.854158}","{""Calcium, Ca"": [1000.0, 2500.0], ""Copper, Cu"": [0.9, 10.0], ""Iron, Fe"": [18.0, 45.0], ""Magnesium, Mg"": [310.0, 660.0], ""Manganese, Mn"": [1.8, 11.0], ""Phosphorus, P"": [700.0, 4000.0], ""Sodium, Na"": [1500.0, 2300.0], ""Potassium, K"": [4700.0, 10000.0], ""Zinc, Zn"": [8.0, 40.0], ""Carbohydrate, by difference"": [170.0, 300.0], ""Fiber, total dietary"": [20.0, 9999.0], ""Protein"": [40.0, 100.0], ""Energy"": [2000.0, 2400.0], ""Vitamin A"": [700.0, 3000.0], ""Vitamin B-6"": [1.3, 100.0], ""Vitamin B-12"": [2.4, 10000.0], ""Vitamin C, total ascorbic acid"": [75.0, 2000.0], ""Vitamin D"": [600.0, 4000.0], ""Vitamin E (alpha-tocopherol)"": [15.0, 1000.0], ""Thiamin"": [1.1, 10000.0], ""Riboflavin"": [1.1, 10000.0], ""Niacin"": [14.0, 35.0], ""Pantothenic acid"": [5.0, 10000.0], ""Vitamin B-9 Folic acid"": [400.0, 1000.0], ""Vitamin B-7"": [30.0, 10000.0], ""Total lipid (fat)"": [40.0, 120.0]}"
SPEA2,1,without_diversity,34,14.2,18.94,115.0,1.794782,1.794782,4,"[93, 62, 12, 36, 14]",[118],"[93, 62, 12, 36, 14, 118]","{""Calcium, Ca"": 1021.7017999999999, ""Copper, Cu"": 0.697349, ""Iron, Fe"": 11.49405, ""Magnesium, Mg"": 193.101, ""Manganese, Mn"": 0.775623, ""Phosphorus, P"": 1430.533, ""Sodium, Na"": 2076.125, ""Potassium, K"": 3011.36, ""Zinc, Zn"": 19.4691, ""Carbohydrate, by difference"": 77.377, ""Fiber, total dietary"": 9.9958, ""Protein"": 101.1954, ""Energy"": 1930.1999999999998, ""Vitamin A"": 365.93719, ""Vitamin B-6"": 2.03178, ""Vitamin B-12"": 23.11212, ""Vitamin C, total ascorbic acid"": 74.0601, ""Vitamin D"": 8.668363000000001, ""Vitamin E (alpha-tocopherol)"": 25.1327, ""Thiamin"": 3.5118300000000002, ""Riboflavin"": 1.729342, ""Niacin"": 16.701999999999998, ""Pantothenic acid"": 4.5130300000000005, ""Vitamin B-9 Folic acid"": 266.582, ""Vitamin B-7"": 12.35228, ""Total lipid (fat)"": 137.9999}","{""Calcium, Ca"": [1000.0, 2500.0], ""Copper, Cu"": [0.9, 10.0], ""Iron, Fe"": [18.0, 45.0], ""Magnesium, Mg"": [310.0, 660.0], ""Manganese, Mn"": [1.8, 11.0], ""Phosphorus, P"": [700.0, 4000.0], ""Sodium, Na"": [1500.0, 2300.0], ""Potassium, K"": [4700.0, 10000.0], ""Zinc, Zn"": [8.0, 40.0], ""Carbohydrate, by difference"": [170.0, 300.0], ""Fiber, total dietary"": [20.0, 9999.0], ""Protein"": [40.0, 100.0], ""Energy"": [2000.0, 2400.0], ""Vitamin A"": [700.0, 3000.0], ""Vitamin B-6"": [1.3, 100.0], ""Vitamin B-12"": [2.4, 10000.0], ""Vitamin C, total ascorbic acid"": [75.0, 2000.0], ""Vitamin D"": [600.0, 4000.0], ""Vitamin E (alpha-tocopherol)"": [15.0, 1000.0], ""Thiamin"": [1.1, 10000.0], ""Riboflavin"": [1.1, 10000.0], ""Niacin"": [14.0, 35.0], ""Pantothenic acid"": [5.0, 10000.0], ""Vitamin B-9 Folic acid"": [400.0, 1000.0], ""Vitamin B-7"": [30.0, 10000.0], ""Total lipid (fat)"": [40.0, 120.0]}"
SPEA2,1,without_diversity,35,98.9,24.03,585.0,0.619987,0.619987,14,"[29, 43, 30, 88, 48, 77]","[298, 129, 131, 240, 253, 155, 330, 319, 266, 286, 217]","[29, 43, 30, 88, 48, 77, 298, 129, 131, 240, 253, 155, 330, 319, 266, 286, 217]","{""Calcium, Ca"": 1234.29654, ""Copper, Cu"": 1.7895654999999997, ""Iron, Fe"": 16.774751000000002, ""Magnesium, Mg"": 564.71216, ""Manganese, Mn"": 12.647775999999999, ""Phosphorus, P"": 2287.9362199999996, ""Sodium, Na"": 2224.371565, ""Potassium, K"": 5856.861100000001, ""Zinc, Zn"": 22.831834999999998, ""Carbohydrate, by difference"": 329.94722, ""Fiber, total dietary"": 30.745695, ""Protein"": 104.83548199999998, ""Energy"": 2746.1524300000005, ""Vitamin A"": 1334.29239, ""Vitamin B-6"": 7.021580999999999, ""Vitamin B-12"": 3.9011099999999996, ""Vitamin C, total ascorbic acid"": 476.290912, ""Vitamin D"": 0.43378719999999993, ""Vitamin E (alpha-tocopherol)"": 56.423930000000006, ""Thiamin"": 3.9476, ""Riboflavin"": 4.616067699999999, ""Niacin"": 24.1899262, ""Pantothenic acid"": 146.91597800000002, ""Vitamin B-9 Folic acid"": 609.4103399999999, ""Vitamin B-7"": 42.87286999999999, ""Total lipid (fat)"": 135.50639020000003}","{""Calcium, Ca"": [1000.0, 2500.0], ""Copper, Cu"": [0.9, 10.0], ""Iron, Fe"": [18.0, 45.0], ""Magnesium, Mg"": [310.0, 660.0], ""Manganese, Mn"": [1.8, 11.0], ""Phosphorus, P"": [700.0, 4000.0], ""Sodium, Na"": [1500.0, 2300.0], ""Potassium, K"": [4700.0, 10000.0], ""Zinc, Zn"": [8.0, 40.0], ""Carbohydrate, by difference"": [170.0, 300.0], ""Fiber, total dietary"": [20.0, 9999.0], ""Protein"": [40.0, 100.0], ""Energy"": [2000.0, 2400.0], ""Vitamin A"": [700.0, 3000.0], ""Vitamin B-6"": [1.3, 100.0], ""Vitamin B-12"": [2.4, 10000.0], ""Vitamin C, total ascorbic acid"": [75.0, 2000.0], ""Vitamin D"": [600.0, 4000.0], ""Vitamin E (alpha-tocopherol)"": [15.0, 1000.0], ""Thiamin"": [1.1, 10000.0], ""Riboflavin"": [1.1, 10000.0], ""Niacin"": [14.0, 35.0], ""Pantothenic acid"": [5.0, 10000.0], ""Vitamin B-9 Folic acid"": [400.0, 1000.0], ""Vitamin B-7"": [30.0, 10000.0], ""Total lipid (fat)"": [40.0, 120.0]}"
SPEA2,1,without_diversity,36,89.7,32.57,282.0,1.197453,1.197453,12,"[23, 79, 44, 29, 77, 76, 51, 61]","[153, 130, 367, 349, 158, 161, 113, 139, 266]","[23, 79, 44, 29, 77, 76, 51, 61, 153, 130, 367, 349, 158, 161, 113, 139, 266]","{""Calcium, Ca"": 1170.0249399999998, ""Copper, Cu"": 1.280292, ""Iron, Fe"": 15.989521, ""Magnesium, Mg"": 257.63782, ""Manganese, Mn"": 5.830252199999999, ""Phosphorus, P"": 816.6680066999999, ""Sodium, Na"": 2575.6023400000004, ""Potassium, K"": 3478.4576, ""Zinc, Zn"": 11.1535995, ""Carbohydrate, by difference"": 276.545481, ""Fiber, total dietary"": 43.324099000000004, ""Protein"": 87.02224199999999, ""Energy"": 2758.8736300000005, ""Vitamin A"": 1022.926, ""Vitamin B-6"": 1.5764806, ""Vitamin B-12"": 10.3992966, ""Vitamin C, total ascorbic acid"": 232.810242, ""Vitamin D"": 2.569116, ""Vitamin E (alpha-tocopherol)"": 20.18531, ""Thiamin"": 0.8950653999999999, ""Riboflavin"": 2.3688675, ""Niacin"": 14.5926292, ""Pantothenic acid"": 14.97694, ""Vitamin B-9 Folic acid"": 129.05674, ""Vitamin B-7"": 16.554505000000002, ""Total lipid (fat)"": 137.7877182}","{""Calcium, Ca"": [1000.0, 2500.0], ""Copper, Cu"": [0.9, 10.0], ""Iron, Fe"": [18.0, 45.0], ""Magnesium, Mg"": [310.0, 660.0], ""Manganese, Mn"": [1.8, 11.0], ""Phosphorus, P"": [700.0, 4000.0], ""Sodium, Na"": [1500.0, 2300.0], ""Potassium, K"": [4700.0, 10000.0], ""Zinc, Zn"": [8.0, 40.0], ""Carbohydrate, by difference"": [170.0, 300.0], ""Fiber, total dietary"": [20.0, 9999.0], ""Protein"": [40.0, 100.0], ""Energy"": [2000.0, 2400.0], ""Vitamin A"": [700.0, 3000.0], ""Vitamin B-6"": [1.3, 100.0], ""Vitamin B-12"": [2.4, 10000.0], ""Vitamin C, total ascorbic acid"": [75.0, 2000.0], ""Vitamin D"": [600.0, 4000.0], ""Vitamin E (alpha-tocopherol)"": [15.0, 1000.0], ""Thiamin"": [1.1, 10000.0], ""Riboflavin"": [1.1, 10000.0], ""Niacin"": [14.0, 35.0], ""Pantothenic acid"": [5.0, 10000.0], ""Vitamin B-9 Folic acid"": [400.0, 1000.0], ""Vitamin B-7"": [30.0, 10000.0], ""Total lipid (fat)"": [40.0, 120.0]}"
SPEA2,1,without_diversity,37,59.2,18.84,325.0,0.668354,0.668354,7,"[59, 91]","[240, 113, 155, 259, 362, 158, 160, 139, 331, 161, 343, 266, 336]","[59, 91, 240, 113, 155, 259, 362, 158, 160, 139, 331, 161, 343, 266, 336]","{""Calcium, Ca"": 690.67119, ""Copper, Cu"": 1.4431521999999999, ""Iron, Fe"": 15.1765438, ""Magnesium, Mg"": 296.1317199999999, ""Manganese, Mn"": 3.0439231999999996, ""Phosphorus, P"": 875.3860066999999, ""Sodium, Na"": 2217.69234, ""Potassium, K"": 6003.2262, ""Zinc, Zn"": 8.240265500000001, ""Carbohydrate, by difference"": 335.75858000000005, ""Fiber, total dietary"": 59.47655200000001, ""Protein"": 55.012132, ""Energy"": 2598.8407300000003, ""Vitamin A"": 1312.20682, ""Vitamin B-6"": 2.5909848, ""Vitamin B-12"": 1.4565741, ""Vitamin C, total ascorbic acid"": 776.807722, ""Vitamin D"": 2.887902, ""Vitamin E (alpha-tocopherol)"": 33.47775000000001, ""Thiamin"": 2.5322602000000005, ""Riboflavin"": 0.8983428999999998, ""Niacin"": 16.464043200000003, ""Pantothenic acid"": 5.052723, ""Vitamin B-9 Folic acid"": 508.15312, ""Vitamin B-7"": 13.229156999999999, ""Total lipid (fat)"": 137.92552820000003}","{""Calcium, Ca"": [1000.0, 2500.0], ""Copper, Cu"": [0.9, 10.0], ""Iron, Fe"": [18.0, 45.0], ""Magnesium, Mg"": [310.0, 660.0], ""Manganese, Mn"": [1.8, 11.0], ""Phosphorus, P"": [700.0, 4000.0], ""Sodium, Na"": [1500.0, 2300.0], ""Potassium, K"": [4700.0, 10000.0], ""Zinc, Zn"": [8.0, 40.0], ""Carbohydrate, by difference"": [170.0, 300.0], ""Fiber, total dietary"": [20.0, 9999.0], ""Protein"": [40.0, 100.0], ""Energy"": [2000.0, 2400.0], ""Vitamin A"": [700.0, 3000.0], ""Vitamin B-6"": [1.3, 100.0], ""Vitamin B-12"": [2.4, 10000.0], ""Vitamin C, total ascorbic acid"": [75.0, 2000.0], ""Vitamin D"": [600.0, 4000.0], ""Vitamin E (alpha-tocopherol)"": [15.0, 1000.0], ""Thiamin"": [1.1, 10000.0], ""Riboflavin"": [1.1, 10000.0], ""Niacin"": [14.0, 35.0], ""Pantothenic acid"": [5.0, 10000.0], ""Vitamin B-9 Folic acid"": [400.0, 1000.0], ""Vitamin B-7"": [30.0, 10000.0], ""Total lipid (fat)"": [40.0, 120.0]}"
SPEA2,1,without_diversity,38,46.5,17.21,117.0,1.561656,1.561656,5,"[65, 82, 29]","[210, 266, 161, 139, 336]","[65, 82, 29, 210, 266, 161, 139, 336]","{""Calcium, Ca"": 562.44148, ""Copper, Cu"": 1.1425282, ""Iron, Fe"": 11.015356, ""Magnesium, Mg"": 167.43302, ""Manganese, Mn"": 2.0381612, ""Phosphorus, P"": 912.4620399999999, ""Sodium, Na"": 1864.8896699999998, ""Potassium, K"": 2467.6582, ""Zinc, Zn"": 12.165001, ""Carbohydrate, by difference"": 161.28607, ""Fiber, total dietary"": 17.1789829, ""Protein"": 70.94817799999998, ""Energy"": 2119.16453, ""Vitamin A"": 472.04968, ""Vitamin B-6"": 1.5750300000000002, ""Vitamin B-12"": 4.34628, ""Vitamin C, total ascorbic acid"": 207.803282, ""Vitamin D"": 3.252974, ""Vitamin E (alpha-tocopherol)"": 15.68305, ""Thiamin"": 2.9509000000000003, ""Riboflavin"": 0.9565707, ""Niacin"": 15.3194202, ""Pantothenic acid"": 3.5035600000000002, ""Vitamin B-9 Folic acid"": 153.08781, ""Vitamin B-7"": 10.40123, ""Total lipid (fat)"": 137.9991202}","{""Calcium, Ca"": [1000.0, 2500.0], ""Copper, Cu"": [0.9, 10.0], ""Iron, Fe"": [18.0, 45.0], ""Magnesium, Mg"": [310.0, 660.0], ""Manganese, Mn"": [1.8, 11.0], ""Phosphorus, P"": [700.0, 4000.0], ""Sodium, Na"": [1500.0, 2300.0], ""Potassium, K"": [4700.0, 10000.0], ""Zinc, Zn"": [8.0, 40.0], ""Carbohydrate, by difference"": [170.0, 300.0], ""Fiber, total dietary"": [20.0, 9999.0], ""Protein"": [40.0, 100.0], ""Energy"": [2000.0, 2400.0], ""Vitamin A"": [700.0, 3000.0], ""Vitamin B-6"": [1.3, 100.0], ""Vitamin B-12"": [2.4, 10000.0], ""Vitamin C, total ascorbic acid"": [75.0, 2000.0], ""Vitamin D"": [600.0, 4000.0], ""Vitamin E (alpha-tocopherol)"": [15.0, 1000.0], ""Thiamin"": [1.1, 10000.0], ""Riboflavin"": [1.1, 10000.0], ""Niacin"": [14.0, 35.0], ""Pantothenic acid"": [5.0, 10000.0], ""Vitamin B-9 Folic acid"": [400.0, 1000.0], ""Vitamin B-7"": [30.0, 10000.0], ""Total lipid (fat)"": [40.0, 120.0]}"
SPEA2,1,without_diversity,39,104.5,32.01,474.0,0.527795,0.527795,12,"[45, 86, 44, 29, 77, 31]","[405, 270, 239, 257, 158, 338, 161, 113, 105, 331, 336, 266]","[45, 86, 44, 29, 77, 31, 405, 270, 239, 257, 158, 338, 161, 113, 105, 331, 336, 266]","{""Calcium, Ca"": 716.20568, ""Copper, Cu"": 1.6392967999999999, ""Iron, Fe"": 18.119414999999996, ""Magnesium, Mg"": 328.91188999999997, ""Manganese, Mn"": 2.3402944999999997, ""Phosphorus, P"": 1028.1416067, ""Sodium, Na"": 2296.74968, ""Potassium, K"": 4814.9993, ""Zinc, Zn"": 14.281404500000002, ""Carbohydrate, by difference"": 301.30265999999995, ""Fiber, total dietary"": 54.59697800000001, ""Protein"": 82.42452600000001, ""Energy"": 2613.6950300000003, ""Vitamin A"": 618.73417, ""Vitamin B-6"": 1.8172432, ""Vitamin B-12"": 11.412540700000001, ""Vitamin C, total ascorbic acid"": 252.38682699999998, ""Vitamin D"": 0.4186973, ""Vitamin E (alpha-tocopherol)"": 41.19456, ""Thiamin"": 6.689857300000001, ""Riboflavin"": 2.623975, ""Niacin"": 19.872862199999997, ""Pantothenic acid"": 15.549620099999999, ""Vitamin B-9 Folic acid"": 386.91023999999993, ""Vitamin B-7"": 12.416352000000002, ""Total lipid (fat)"": 137.97273619999999}","{""Calcium, Ca"": [1000.0, 2500.0], ""Copper, Cu"": [0.9, 10.0], ""Iron, Fe"": [18.0, 45.0], ""Magnesium, Mg"": [310.0, 660.0], ""Manganese, Mn"": [1.8, 11.0], ""Phosphorus, P"": [700.0, 4000.0], ""Sodium, Na"": [1500.0, 2300.0], ""Potassium, K"": [4700.0, 10000.0], ""Zinc, Zn"": [8.0, 40.0], ""Carbohydrate, by difference"": [170.0, 300.0], ""Fiber, total dietary"": [20.0, 9999.0], ""Protein"": [40.0, 100.0], ""Energy"": [2000.0, 2400.0], ""Vitamin A"": [700.0, 3000.0], ""Vitamin B-6"": [1.3, 100.0], ""Vitamin B-12"": [2.4, 10000.0], ""Vitamin C, total ascorbic acid"": [75.0, 2000.0], ""Vitamin D"": [600.0, 4000.0], ""Vitamin E (alpha-tocopherol)"": [15.0, 1000.0], ""Thiamin"": [1.1, 10000.0], ""Riboflavin"": [1.1, 10000.0], ""Niacin"": [14.0, 35.0], ""Pantothenic acid"": [5.0, 10000.0], ""Vitamin B-9 Folic acid"": [400.0, 1000.0], ""Vitamin B-7"": [30.0, 10000.0], ""Total lipid (fat)"": [40.0, 120.0]}"
SPEA2,1,without_diversity,40,47.7,25.04,160.0,2.441403,2.441403,9,"[59, 5, 7]","[211, 224, 402, 218, 161, 362, 336, 286, 245]","[59, 5, 7, 211, 224, 402, 218, 161, 362, 336, 286, 245]","{""Calcium, Ca"": 462.16848, ""Copper, Cu"": 0.8088912999999999, ""Iron, Fe"": 7.0003595999999995, ""Magnesium, Mg"": 151.55125, ""Manganese, Mn"": 1.3261211, ""Phosphorus, P"": 386.385, ""Sodium, Na"": 1465.68332, ""Potassium, K"": 2572.5945, ""Zinc, Zn"": 2.4947885999999997, ""Carbohydrate, by difference"": 344.29991, ""Fiber, total dietary"": 21.2064876, ""Protein"": 38.99127549999999, ""Energy"": 2656.3908, ""Vitamin A"": 955.93457, ""Vitamin B-6"": 1.0533772, ""Vitamin B-12"": 1.3058011, ""Vitamin C, total ascorbic acid"": 188.61002200000001, ""Vitamin D"": 2.8467041, ""Vitamin E (alpha-tocopherol)"": 15.65848, ""Thiamin"": 4.281645, ""Riboflavin"": 0.7879401, ""Niacin"": 6.191462999999999, ""Pantothenic acid"": 6.859853, ""Vitamin B-9 Folic acid"": 146.04345999999998, ""Vitamin B-7"": 3.568036, ""Total lipid (fat)"": 135.41725000000002}","{""Calcium, Ca"": [1000.0, 2500.0], ""Copper, Cu"": [0.9, 10.0], ""Iron, Fe"": [18.0, 45.0], ""Magnesium, Mg"": [310.0, 660.0], ""Manganese, Mn"": [1.8, 11.0], ""Phosphorus, P"": [700.0, 4000.0], ""Sodium, Na"": [1500.0, 2300.0], ""Potassium, K"": [4700.0, 10000.0], ""Zinc, Zn"": [8.0, 40.0], ""Carbohydrate, by difference"": [170.0, 300.0], ""Fiber, total dietary"": [20.0, 9999.0], ""Protein"": [40.0, 100.0], ""Energy"": [2000.0, 2400.0], ""Vitamin A"": [700.0, 3000.0], ""Vitamin B-6"": [1.3, 100.0], ""Vitamin B-12"": [2.4, 10000.0], ""Vitamin C, total ascorbic acid"": [75.0, 2000.0], ""Vitamin D"": [600.0, 4000.0], ""Vitamin E (alpha-tocopherol)"": [15.0, 1000.0], ""Thiamin"": [1.1, 10000.0], ""Riboflavin"": [1.1, 10000.0], ""Niacin"": [14.0, 35.0], ""Pantothenic acid"": [5.0, 10000.0], ""Vitamin B-9 Folic acid"": [400.0, 1000.0], ""Vitamin B-7"": [30.0, 10000.0], ""Total lipid (fat)"": [40.0, 120.0]}"
SPEA2,1,without_diversity,41,65.0,17.08,635.0,1.042372,1.042372,12,"[54, 16, 67, 10]","[108, 116, 311, 240, 272, 310, 253, 155, 330, 336, 266]","[54, 16, 67, 10, 108, 116, 311, 240, 272, 310, 253, 155, 330, 336, 266]","{""Calcium, Ca"": 774.7055700000001, ""Copper, Cu"": 1.539927, ""Iron, Fe"": 13.187677, ""Magnesium, Mg"": 332.98585999999995, ""Manganese, Mn"": 1.7084451, ""Phosphorus, P"": 1223.2819200000001, ""Sodium, Na"": 2499.4169650000003, ""Potassium, K"": 5000.156000000001, ""Zinc, Zn"": 10.960975000000005, ""Carbohydrate, by difference"": 336.09858, ""Fiber, total dietary"": 32.821287000000005, ""Protein"": 75.90581199999998, ""Energy"": 2738.49463, ""Vitamin A"": 1622.6178300000001, ""Vitamin B-6"": 4.480130600000001, ""Vitamin B-12"": 5.0739856, ""Vitamin C, total ascorbic acid"": 478.603692, ""Vitamin D"": 1.6546021, ""Vitamin E (alpha-tocopherol)"": 49.487249999999996, ""Thiamin"": 4.4741521, ""Riboflavin"": 1.6199483, ""Niacin"": 12.4590002, ""Pantothenic acid"": 131.1710643, ""Vitamin B-9 Folic acid"": 266.34365, ""Vitamin B-7"": 32.538631, ""Total lipid (fat)"": 136.81587020000003}","{""Calcium, Ca"": [1000.0, 2500.0], ""Copper, Cu"": [0.9, 10.0], ""Iron, Fe"": [18.0, 45.0], ""Magnesium, Mg"": [310.0, 660.0], ""Manganese, Mn"": [1.8, 11.0], ""Phosphorus, P"": [700.0, 4000.0], ""Sodium, Na"": [1500.0, 2300.0], ""Potassium, K"": [4700.0, 10000.0], ""Zinc, Zn"": [8.0, 40.0], ""Carbohydrate, by difference"": [170.0, 300.0], ""Fiber, total dietary"": [20.0, 9999.0], ""Protein"": [40.0, 100.0], ""Energy"": [2000.0, 2400.0], ""Vitamin A"": [700.0, 3000.0], ""Vitamin B-6"": [1.3, 100.0], ""Vitamin B-12"": [2.4, 10000.0], ""Vitamin C, total ascorbic acid"": [75.0, 2000.0], ""Vitamin D"": [600.0, 4000.0], ""Vitamin E (alpha-tocopherol)"": [15.0, 1000.0], ""Thiamin"": [1.1, 10000.0], ""Riboflavin"": [1.1, 10000.0], ""Niacin"": [14.0, 35.0], ""Pantothenic acid"": [5.0, 10000.0], ""Vitamin B-9 Folic acid"": [400.0, 1000.0], ""Vitamin B-7"": [30.0, 10000.0], ""Total lipid (fat)"": [40.0, 120.0]}"
SPEA2,1,without_diversity,42,82.5,20.04,649.0,0.881525,0.881525,12,"[6, 39, 7, 31]","[108, 400, 346, 131, 283, 298, 253, 155, 330, 266, 284]","[6, 39, 7, 31, 108, 400, 346, 131, 283, 298, 253, 155, 330, 266, 284]","{""Calcium, Ca"": 1085.8724080000002, ""Copper, Cu"": 1.9402888, ""Iron, Fe"": 15.3758583, ""Magnesium, Mg"": 475.29121, ""Manganese, Mn"": 12.623520399999999, ""Phosphorus, P"": 1942.4628328000001, ""Sodium, Na"": 2545.9880649999996, ""Potassium, K"": 3688.104488, ""Zinc, Zn"": 21.294120999999997, ""Carbohydrate, by difference"": 339.17221, ""Fiber, total dietary"": 25.360022999999998, ""Protein"": 83.27247529999998, ""Energy"": 2738.38783, ""Vitamin A"": 1190.4303768, ""Vitamin B-6"": 5.396419, ""Vitamin B-12"": 9.843577, ""Vitamin C, total ascorbic acid"": 287.262862, ""Vitamin D"": 0.8831919, ""Vitamin E (alpha-tocopherol)"": 59.11125, ""Thiamin"": 5.178955500000001, ""Riboflavin"": 5.1167541, ""Niacin"": 16.2930862, ""Pantothenic acid"": 150.64647630000002, ""Vitamin B-9 Folic acid"": 455.37616, ""Vitamin B-7"": 37.289570999999995, ""Total lipid (fat)"": 137.89946020000002}","{""Calcium, Ca"": [1000.0, 2500.0], ""Copper, Cu"": [0.9, 10.0], ""Iron, Fe"": [18.0, 45.0], ""Magnesium, Mg"": [310.0, 660.0], ""Manganese, Mn"": [1.8, 11.0], ""Phosphorus, P"": [700.0, 4000.0], ""Sodium, Na"": [1500.0, 2300.0], ""Potassium, K"": [4700.0, 10000.0], ""Zinc, Zn"": [8.0, 40.0], ""Carbohydrate, by difference"": [170.0, 300.0], ""Fiber, total dietary"": [20.0, 9999.0], ""Protein"": [40.0, 100.0], ""Energy"": [2000.0, 2400.0], ""Vitamin A"": [700.0, 3000.0], ""Vitamin B-6"": [1.3, 100.0], ""Vitamin B-12"": [2.4, 10000.0], ""Vitamin C, total ascorbic acid"": [75.0, 2000.0], ""Vitamin D"": [600.0, 4000.0], ""Vitamin E (alpha-tocopherol)"": [15.0, 1000.0], ""Thiamin"": [1.1, 10000.0], ""Riboflavin"": [1.1, 10000.0], ""Niacin"": [14.0, 35.0], ""Pantothenic acid"": [5.0, 10000.0], ""Vitamin B-9 Folic acid"": [400.0, 1000.0], ""Vitamin B-7"": [30.0, 10000.0], ""Total lipid (fat)"": [40.0, 120.0]}"
SPEA2,1,without_diversity,43,68.8,30.18,204.0,0.601646,0.601646,8,"[65, 82, 29]","[267, 257, 113, 224, 147, 336, 208, 375, 331, 245, 266]","[65, 82, 29, 267, 257, 113, 224, 147, 336, 208, 375, 331, 245, 266]","{""Calcium, Ca"": 831.6431799999999, ""Copper, Cu"": 1.9065353000000003, ""Iron, Fe"": 17.338625999999994, ""Magnesium, Mg"": 330.52351999999996, ""Manganese, Mn"": 2.3098572, ""Phosphorus, P"": 1218.1787067, ""Sodium, Na"": 1911.21501, ""Potassium, K"": 5327.244200000001, ""Zinc, Zn"": 9.030094500000002, ""Carbohydrate, by difference"": 281.99708000000004, ""Fiber, total dietary"": 36.7417929, ""Protein"": 99.65277799999998, ""Energy"": 2717.3600300000003, ""Vitamin A"": 1760.53899, ""Vitamin B-6"": 2.5119008000000003, ""Vitamin B-12"": 10.721125, ""Vitamin C, total ascorbic acid"": 298.898872, ""Vitamin D"": 2.7741547, ""Vitamin E (alpha-tocopherol)"": 49.51772, ""Thiamin"": 27.918606799999996, ""Riboflavin"": 2.4826812, ""Niacin"": 30.3865012, ""Pantothenic acid"": 17.158219, ""Vitamin B-9 Folic acid"": 333.39491999999996, ""Vitamin B-7"": 15.169698, ""Total lipid (fat)"": 137.65528820000003}","{""Calcium, Ca"": [1000.0, 2500.0], ""Copper, Cu"": [0.9, 10.0], ""Iron, Fe"": [18.0, 45.0], ""Magnesium, Mg"": [310.0, 660.0], ""Manganese, Mn"": [1.8, 11.0], ""Phosphorus, P"": [700.0, 4000.0], ""Sodium, Na"": [1500.0, 2300.0], ""Potassium, K"": [4700.0, 10000.0], ""Zinc, Zn"": [8.0, 40.0], ""Carbohydrate, by difference"": [170.0, 300.0], ""Fiber, total dietary"": [20.0, 9999.0], ""Protein"": [40.0, 100.0], ""Energy"": [2000.0, 2400.0], ""Vitamin A"": [700.0, 3000.0], ""Vitamin B-6"": [1.3, 100.0], ""Vitamin B-12"": [2.4, 10000.0], ""Vitamin C, total ascorbic acid"": [75.0, 2000.0], ""Vitamin D"": [600.0, 4000.0], ""Vitamin E (alpha-tocopherol)"": [15.0, 1000.0], ""Thiamin"": [1.1, 10000.0], ""Riboflavin"": [1.1, 10000.0], ""Niacin"": [14.0, 35.0], ""Pantothenic acid"": [5.0, 10000.0], ""Vitamin B-9 Folic acid"": [400.0, 1000.0], ""Vitamin B-7"": [30.0, 10000.0], ""Total lipid (fat)"": [40.0, 120.0]}"
SPEA2,1,without_diversity,44,54.5,21.92,165.0,2.860276,2.860276,9,"[59, 21, 92]","[211, 224, 402, 218, 161, 362, 331, 266]","[59, 21, 92, 211, 224, 402, 218, 161, 362, 331, 266]","{""Calcium, Ca"": 321.95193, ""Copper, Cu"": 0.731225, ""Iron, Fe"": 5.3660298, ""Magnesium, Mg"": 128.87794, ""Manganese, Mn"": 1.1884550999999997, ""Phosphorus, P"": 345.20504000000005, ""Sodium, Na"": 1223.16275, ""Potassium, K"": 2223.2286, ""Zinc, Zn"": 1.9011230000000001, ""Carbohydrate, by difference"": 310.289961, ""Fiber, total dietary"": 13.531827000000002, ""Protein"": 38.309622000000005, ""Energy"": 2593.0248500000002, ""Vitamin A"": 1272.507906, ""Vitamin B-6"": 0.9193771999999999, ""Vitamin B-12"": 1.3058011, ""Vitamin C, total ascorbic acid"": 175.6171997, ""Vitamin D"": 2.8467041, ""Vitamin E (alpha-tocopherol)"": 15.75848, ""Thiamin"": 4.272645, ""Riboflavin"": 0.7636068, ""Niacin"": 6.413463199999999, ""Pantothenic acid"": 6.686853, ""Vitamin B-9 Folic acid"": 74.40346999999998, ""Vitamin B-7"": 3.568036, ""Total lipid (fat)"": 137.99662020000002}","{""Calcium, Ca"": [1000.0, 2500.0], ""Copper, Cu"": [0.9, 10.0], ""Iron, Fe"": [18.0, 45.0], ""Magnesium, Mg"": [310.0, 660.0], ""Manganese, Mn"": [1.8, 11.0], ""Phosphorus, P"": [700.0, 4000.0], ""Sodium, Na"": [1500.0, 2300.0], ""Potassium, K"": [4700.0, 10000.0], ""Zinc, Zn"": [8.0, 40.0], ""Carbohydrate, by difference"": [170.0, 300.0], ""Fiber, total dietary"": [20.0, 9999.0], ""Protein"": [40.0, 100.0], ""Energy"": [2000.0, 2400.0], ""Vitamin A"": [700.0, 3000.0], ""Vitamin B-6"": [1.3, 100.0], ""Vitamin B-12"": [2.4, 10000.0], ""Vitamin C, total ascorbic acid"": [75.0, 2000.0], ""Vitamin D"": [600.0, 4000.0], ""Vitamin E (alpha-tocopherol)"": [15.0, 1000.0], ""Thiamin"": [1.1, 10000.0], ""Riboflavin"": [1.1, 10000.0], ""Niacin"": [14.0, 35.0], ""Pantothenic acid"": [5.0, 10000.0], ""Vitamin B-9 Folic acid"": [400.0, 1000.0], ""Vitamin B-7"": [30.0, 10000.0], ""Total lipid (fat)"": [40.0, 120.0]}"
SPEA2,1,without_diversity,45,81.4,32.72,292.0,0.731934,0.731934,11,"[24, 82, 29, 36, 6, 68, 69]","[231, 248, 109, 355, 134, 160, 264, 330, 245, 336, 266]","[24, 82, 29, 36, 6, 68, 69, 231, 248, 109, 355, 134, 160, 264, 330, 245, 336, 266]","{""Calcium, Ca"": 1248.32368, ""Copper, Cu"": 1.7890392000000002, ""Iron, Fe"": 12.933499, ""Magnesium, Mg"": 406.06271999999996, ""Manganese, Mn"": 5.165739199999999, ""Phosphorus, P"": 1588.5234400000002, ""Sodium, Na"": 2510.45517, ""Potassium, K"": 5923.5622, ""Zinc, Zn"": 12.000820000000001, ""Carbohydrate, by difference"": 264.3189, ""Fiber, total dietary"": 39.4406709, ""Protein"": 110.706608, ""Energy"": 2656.74613, ""Vitamin A"": 1542.9548100000002, ""Vitamin B-6"": 4.8419533, ""Vitamin B-12"": 10.949482, ""Vitamin C, total ascorbic acid"": 499.05740199999997, ""Vitamin D"": 0.8791914999999999, ""Vitamin E (alpha-tocopherol)"": 43.7474, ""Thiamin"": 6.122636000000001, ""Riboflavin"": 3.5918869, ""Niacin"": 27.832280199999996, ""Pantothenic acid"": 148.093219, ""Vitamin B-9 Folic acid"": 327.54081, ""Vitamin B-7"": 24.37604, ""Total lipid (fat)"": 137.94346019999998}","{""Calcium, Ca"": [1000.0, 2500.0], ""Copper, Cu"": [0.9, 10.0], ""Iron, Fe"": [18.0, 45.0], ""Magnesium, Mg"": [310.0, 660.0], ""Manganese, Mn"": [1.8, 11.0], ""Phosphorus, P"": [700.0, 4000.0], ""Sodium, Na"": [1500.0, 2300.0], ""Potassium, K"": [4700.0, 10000.0], ""Zinc, Zn"": [8.0, 40.0], ""Carbohydrate, by difference"": [170.0, 300.0], ""Fiber, total dietary"": [20.0, 9999.0], ""Protein"": [40.0, 100.0], ""Energy"": [2000.0, 2400.0], ""Vitamin A"": [700.0, 3000.0], ""Vitamin B-6"": [1.3, 100.0], ""Vitamin B-12"": [2.4, 10000.0], ""Vitamin C, total ascorbic acid"": [75.0, 2000.0], ""Vitamin D"": [600.0, 4000.0], ""Vitamin E (alpha-tocopherol)"": [15.0, 1000.0], ""Thiamin"": [1.1, 10000.0], ""Riboflavin"": [1.1, 10000.0], ""Niacin"": [14.0, 35.0], ""Pantothenic acid"": [5.0, 10000.0], ""Vitamin B-9 Folic acid"": [400.0, 1000.0], ""Vitamin B-7"": [30.0, 10000.0], ""Total lipid (fat)"": [40.0, 120.0]}"
SPEA2,1,without_diversity,46,77.2,29.81,253.0,1.226699,1.226699,11,"[86, 44, 29, 77, 31, 50]","[95, 329, 169, 222, 160, 139, 362, 336, 245, 266]","[86, 44, 29, 77, 31, 50, 95, 329, 169, 222, 160, 139, 362, 336, 245, 266]","{""Calcium, Ca"": 532.26018, ""Copper, Cu"": 0.9566962000000001, ""Iron, Fe"": 14.153456, ""Magnesium, Mg"": 211.57982, ""Manganese, Mn"": 2.5974972000000003, ""Phosphorus, P"": 708.10574, ""Sodium, Na"": 2208.562, ""Potassium, K"": 3496.0872, ""Zinc, Zn"": 7.08943, ""Carbohydrate, by difference"": 338.29692000000006, ""Fiber, total dietary"": 36.827502, ""Protein"": 65.58494599999999, ""Energy"": 2458.4255300000004, ""Vitamin A"": 960.79706, ""Vitamin B-6"": 1.1066000000000003, ""Vitamin B-12"": 22.619569000000002, ""Vitamin C, total ascorbic acid"": 375.24033699999995, ""Vitamin D"": 0.3148911, ""Vitamin E (alpha-tocopherol)"": 24.111040000000003, ""Thiamin"": 5.127064999999999, ""Riboflavin"": 4.021627700000001, ""Niacin"": 10.0816912, ""Pantothenic acid"": 28.139766000000005, ""Vitamin B-9 Folic acid"": 332.88211, ""Vitamin B-7"": 9.168557, ""Total lipid (fat)"": 137.47166019999997}","{""Calcium, Ca"": [1000.0, 2500.0], ""Copper, Cu"": [0.9, 10.0], ""Iron, Fe"": [18.0, 45.0], ""Magnesium, Mg"": [310.0, 660.0], ""Manganese, Mn"": [1.8, 11.0], ""Phosphorus, P"": [700.0, 4000.0], ""Sodium, Na"": [1500.0, 2300.0], ""Potassium, K"": [4700.0, 10000.0], ""Zinc, Zn"": [8.0, 40.0], ""Carbohydrate, by difference"": [170.0, 300.0], ""Fiber, total dietary"": [20.0, 9999.0], ""Protein"": [40.0, 100.0], ""Energy"": [2000.0, 2400.0], ""Vitamin A"": [700.0, 3000.0], ""Vitamin B-6"": [1.3, 100.0], ""Vitamin B-12"": [2.4, 10000.0], ""Vitamin C, total ascorbic acid"": [75.0, 2000.0], ""Vitamin D"": [600.0, 4000.0], ""Vitamin E (alpha-tocopherol)"": [15.0, 1000.0], ""Thiamin"": [1.1, 10000.0], ""Riboflavin"": [1.1, 10000.0], ""Niacin"": [14.0, 35.0], ""Pantothenic acid"": [5.0, 10000.0], ""Vitamin B-9 Folic acid"": [400.0, 1000.0], ""Vitamin B-7"": [30.0, 10000.0], ""Total lipid (fat)"": [40.0, 120.0]}"
SPEA2,1,without_diversity,47,71.9,25.21,282.0,0.57684,0.57684,12,"[74, 23, 79, 44, 29, 77, 76, 51]","[313, 379, 243, 246, 168, 398, 160, 139, 362, 336, 266]","[74, 23, 79, 44, 29, 77, 76, 51, 313, 379, 243, 246, 168, 398, 160, 139, 362, 336, 266]","{""Calcium, Ca"": 1219.42804, ""Copper, Cu"": 2.2910692, ""Iron, Fe"": 21.850724999999997, ""Magnesium, Mg"": 596.68262, ""Manganese, Mn"": 8.115430199999999, ""Phosphorus, P"": 1612.82064, ""Sodium, Na"": 2639.9195, ""Potassium, K"": 5587.2658, ""Zinc, Zn"": 16.020331, ""Carbohydrate, by difference"": 286.560931, ""Fiber, total dietary"": 33.276081999999995, ""Protein"": 87.295582, ""Energy"": 2755.4253300000005, ""Vitamin A"": 1164.30046, ""Vitamin B-6"": 3.995803, ""Vitamin B-12"": 48.165576, ""Vitamin C, total ascorbic acid"": 519.7828119999999, ""Vitamin D"": 1.3648624, ""Vitamin E (alpha-tocopherol)"": 53.683670000000006, ""Thiamin"": 3.610593, ""Riboflavin"": 18.964701699999996, ""Niacin"": 14.9934992, ""Pantothenic acid"": 121.22454999999998, ""Vitamin B-9 Folic acid"": 614.6452099999999, ""Vitamin B-7"": 34.489345, ""Total lipid (fat)"": 135.88066019999997}","{""Calcium, Ca"": [1000.0, 2500.0], ""Copper, Cu"": [0.9, 10.0], ""Iron, Fe"": [18.0, 45.0], ""Magnesium, Mg"": [310.0, 660.0], ""Manganese, Mn"": [1.8, 11.0], ""Phosphorus, P"": [700.0, 4000.0], ""Sodium, Na"": [1500.0, 2300.0], ""Potassium, K"": [4700.0, 10000.0], ""Zinc, Zn"": [8.0, 40.0], ""Carbohydrate, by difference"": [170.0, 300.0], ""Fiber, total dietary"": [20.0, 9999.0], ""Protein"": [40.0, 100.0], ""Energy"": [2000.0, 2400.0], ""Vitamin A"": [700.0, 3000.0], ""Vitamin B-6"": [1.3, 100.0], ""Vitamin B-12"": [2.4, 10000.0], ""Vitamin C, total ascorbic acid"": [75.0, 2000.0], ""Vitamin D"": [600.0, 4000.0], ""Vitamin E (alpha-tocopherol)"": [15.0, 1000.0], ""Thiamin"": [1.1, 10000.0], ""Riboflavin"": [1.1, 10000.0], ""Niacin"": [14.0, 35.0], ""Pantothenic acid"": [5.0, 10000.0], ""Vitamin B-9 Folic acid"": [400.0, 1000.0], ""Vitamin B-7"": [30.0, 10000.0], ""Total lipid (fat)"": [40.0, 120.0]}"
SPEA2,1,without_diversity,48,24.3,13.36,263.0,1.331536,1.331536,6,"[50, 72]","[200, 379, 267, 313, 381]","[50, 72, 200, 379, 267, 313, 381]","{""Calcium, Ca"": 713.0425, ""Copper, Cu"": 1.52424, ""Iron, Fe"": 12.966750000000001, ""Magnesium, Mg"": 347.7299, ""Manganese, Mn"": 8.931375, ""Phosphorus, P"": 1728.7434, ""Sodium, Na"": 1100.7882, ""Potassium, K"": 3125.772, ""Zinc, Zn"": 16.58603, ""Carbohydrate, by difference"": 319.77428000000003, ""Fiber, total dietary"": 18.37896, ""Protein"": 105.71055, ""Energy"": 2619.9339999999997, ""Vitamin A"": 530.38538, ""Vitamin B-6"": 4.30002, ""Vitamin B-12"": 26.530469999999998, ""Vitamin C, total ascorbic acid"": 53.06429, ""Vitamin D"": 1.1540000000000001, ""Vitamin E (alpha-tocopherol)"": 65.64909000000002, ""Thiamin"": 27.290180000000003, ""Riboflavin"": 14.997349999999999, ""Niacin"": 24.1918, ""Pantothenic acid"": 86.85940000000001, ""Vitamin B-9 Folic acid"": 382.6304, ""Vitamin B-7"": 47.07027, ""Total lipid (fat)"": 137.9998}","{""Calcium, Ca"": [1000.0, 2500.0], ""Copper, Cu"": [0.9, 10.0], ""Iron, Fe"": [18.0, 45.0], ""Magnesium, Mg"": [310.0, 660.0], ""Manganese, Mn"": [1.8, 11.0], ""Phosphorus, P"": [700.0, 4000.0], ""Sodium, Na"": [1500.0, 2300.0], ""Potassium, K"": [4700.0, 10000.0], ""Zinc, Zn"": [8.0, 40.0], ""Carbohydrate, by difference"": [170.0, 300.0], ""Fiber, total dietary"": [20.0, 9999.0], ""Protein"": [40.0, 100.0], ""Energy"": [2000.0, 2400.0], ""Vitamin A"": [700.0, 3000.0], ""Vitamin B-6"": [1.3, 100.0], ""Vitamin B-12"": [2.4, 10000.0], ""Vitamin C, total ascorbic acid"": [75.0, 2000.0], ""Vitamin D"": [600.0, 4000.0], ""Vitamin E (alpha-tocopherol)"": [15.0, 1000.0], ""Thiamin"": [1.1, 10000.0], ""Riboflavin"": [1.1, 10000.0], ""Niacin"": [14.0, 35.0], ""Pantothenic acid"": [5.0, 10000.0], ""Vitamin B-9 Folic acid"": [400.0, 1000.0], ""Vitamin B-7"": [30.0, 10000.0], ""Total lipid (fat)"": [40.0, 120.0]}"
SPEA2,1,without_diversity,49,64.4,32.29,143.0,0.928193,0.928193,8,"[29, 77, 50, 72]","[247, 139, 113, 285, 264, 160, 105, 266, 336, 245]","[29, 77, 50, 72, 247, 139, 113, 285, 264, 160, 105, 266, 336, 245]","{""Calcium, Ca"": 435.66743999999994, ""Copper, Cu"": 1.2928703000000001, ""Iron, Fe"": 16.399692, ""Magnesium, Mg"": 254.54332, ""Manganese, Mn"": 2.1383562, ""Phosphorus, P"": 849.6948066999998, ""Sodium, Na"": 1970.3666799999999, ""Potassium, K"": 4941.954200000001, ""Zinc, Zn"": 12.4125355, ""Carbohydrate, by difference"": 336.07861, ""Fiber, total dietary"": 66.631652, ""Protein"": 75.40264200000001, ""Energy"": 2459.5935300000006, ""Vitamin A"": 797.45046, ""Vitamin B-6"": 1.7157436, ""Vitamin B-12"": 4.03616, ""Vitamin C, total ascorbic acid"": 441.06720199999995, ""Vitamin D"": 0.218628, ""Vitamin E (alpha-tocopherol)"": 29.214100000000002, ""Thiamin"": 3.9034736000000008, ""Riboflavin"": 1.1110657, ""Niacin"": 14.9695922, ""Pantothenic acid"": 4.3483540000000005, ""Vitamin B-9 Folic acid"": 233.64583000000002, ""Vitamin B-7"": 7.150622, ""Total lipid (fat)"": 137.40463619999994}","{""Calcium, Ca"": [1000.0, 2500.0], ""Copper, Cu"": [0.9, 10.0], ""Iron, Fe"": [18.0, 45.0], ""Magnesium, Mg"": [310.0, 660.0], ""Manganese, Mn"": [1.8, 11.0], ""Phosphorus, P"": [700.0, 4000.0], ""Sodium, Na"": [1500.0, 2300.0], ""Potassium, K"": [4700.0, 10000.0], ""Zinc, Zn"": [8.0, 40.0], ""Carbohydrate, by difference"": [170.0, 300.0], ""Fiber, total dietary"": [20.0, 9999.0], ""Protein"": [40.0, 100.0], ""Energy"": [2000.0, 2400.0], ""Vitamin A"": [700.0, 3000.0], ""Vitamin B-6"": [1.3, 100.0], ""Vitamin B-12"": [2.4, 10000.0], ""Vitamin C, total ascorbic acid"": [75.0, 2000.0], ""Vitamin D"": [600.0, 4000.0], ""Vitamin E (alpha-tocopherol)"": [15.0, 1000.0], ""Thiamin"": [1.1, 10000.0], ""Riboflavin"": [1.1, 10000.0], ""Niacin"": [14.0, 35.0], ""Pantothenic acid"": [5.0, 10000.0], ""Vitamin B-9 Folic acid"": [400.0, 1000.0], ""Vitamin B-7"": [30.0, 10000.0], ""Total lipid (fat)"": [40.0, 120.0]}"
SPEA2,1,without_diversity,50,49.6,17.81,293.0,0.75372,0.75372,7,"[11, 62]","[168, 209, 272, 313, 338, 113, 362, 266]","[11, 62, 168, 209, 272, 313, 338, 113, 362, 266]","{""Calcium, Ca"": 722.88834, ""Copper, Cu"": 1.9472883, ""Iron, Fe"": 19.963376, ""Magnesium, Mg"": 324.54332, ""Manganese, Mn"": 3.6184922, ""Phosphorus, P"": 1217.2523067000002, ""Sodium, Na"": 2589.43634, ""Potassium, K"": 4243.508900000001, ""Zinc, Zn"": 15.495305500000002, ""Carbohydrate, by difference"": 306.38701, ""Fiber, total dietary"": 50.197691999999996, ""Protein"": 101.261452, ""Energy"": 2746.77553, ""Vitamin A"": 612.84821, ""Vitamin B-6"": 2.3214326, ""Vitamin B-12"": 36.0591, ""Vitamin C, total ascorbic acid"": 114.66035699999999, ""Vitamin D"": 8.799586000000001, ""Vitamin E (alpha-tocopherol)"": 32.37865000000001, ""Thiamin"": 3.8772505, ""Riboflavin"": 13.129185099999999, ""Niacin"": 16.813011200000005, ""Pantothenic acid"": 74.67776699999999, ""Vitamin B-9 Folic acid"": 410.84486999999996, ""Vitamin B-7"": 17.021278, ""Total lipid (fat)"": 126.7438982}","{""Calcium, Ca"": [1000.0, 2500.0], ""Copper, Cu"": [0.9, 10.0], ""Iron, Fe"": [18.0, 45.0], ""Magnesium, Mg"": [310.0, 660.0], ""Manganese, Mn"": [1.8, 11.0], ""Phosphorus, P"": [700.0, 4000.0], ""Sodium, Na"": [1500.0, 2300.0], ""Potassium, K"": [4700.0, 10000.0], ""Zinc, Zn"": [8.0, 40.0], ""Carbohydrate, by difference"": [170.0, 300.0], ""Fiber, total dietary"": [20.0, 9999.0], ""Protein"": [40.0, 100.0], ""Energy"": [2000.0, 2400.0], ""Vitamin A"": [700.0, 3000.0], ""Vitamin B-6"": [1.3, 100.0], ""Vitamin B-12"": [2.4, 10000.0], ""Vitamin C, total ascorbic acid"": [75.0, 2000.0], ""Vitamin D"": [600.0, 4000.0], ""Vitamin E (alpha-tocopherol)"": [15.0, 1000.0], ""Thiamin"": [1.1, 10000.0], ""Riboflavin"": [1.1, 10000.0], ""Niacin"": [14.0, 35.0], ""Pantothenic acid"": [5.0, 10000.0], ""Vitamin B-9 Folic acid"": [400.0, 1000.0], ""Vitamin B-7"": [30.0, 10000.0], ""Total lipid (fat)"": [40.0, 120.0]}"
NSGA-II,1,without_diversity,1,11.5,18.5,405.0,1.195303,1.195303,12,"[54, 84, 82, 35, 13, 7, 50]","[214, 158, 358, 216, 191, 312, 284]","[54, 84, 82, 35, 13, 7, 50, 214, 158, 358, 216, 191, 312, 284]","{""Calcium, Ca"": 926.5484780000002, ""Copper, Cu"": 0.6554781000000001, ""Iron, Fe"": 12.2434643, ""Magnesium, Mg"": 228.06075, ""Manganese, Mn"": 1.5373478999999999, ""Phosphorus, P"": 872.9148128, ""Sodium, Na"": 1764.28097, ""Potassium, K"": 4999.726188000001, ""Zinc, Zn"": 4.84594, ""Carbohydrate, by difference"": 344.48134000000005, ""Fiber, total dietary"": 49.025210900000005, ""Protein"": 48.2230993, ""Energy"": 2470.8833000000004, ""Vitamin A"": 1103.20687, ""Vitamin B-6"": 2.289786, ""Vitamin B-12"": 6.8289694999999995, ""Vitamin C, total ascorbic acid"": 180.16024, ""Vitamin D"": 0.3453319, ""Vitamin E (alpha-tocopherol)"": 47.944643500000005, ""Thiamin"": 3.3860387, ""Riboflavin"": 3.1023437, ""Niacin"": 7.08223, ""Pantothenic acid"": 25.055045999999997, ""Vitamin B-9 Folic acid"": 256.4177, ""Vitamin B-7"": 20.482897, ""Total lipid (fat)"": 136.55246}","{""Calcium, Ca"": [1000.0, 2500.0], ""Copper, Cu"": [0.9, 10.0], ""Iron, Fe"": [18.0, 45.0], ""Magnesium, Mg"": [310.0, 660.0], ""Manganese, Mn"": [1.8, 11.0], ""Phosphorus, P"": [700.0, 4000.0], ""Sodium, Na"": [1500.0, 2300.0], ""Potassium, K"": [4700.0, 10000.0], ""Zinc, Zn"": [8.0, 40.0], ""Carbohydrate, by difference"": [170.0, 300.0], ""Fiber, total dietary"": [20.0, 9999.0], ""Protein"": [40.0, 100.0], ""Energy"": [2000.0, 2400.0], ""Vitamin A"": [700.0, 3000.0], ""Vitamin B-6"": [1.3, 100.0], ""Vitamin B-12"": [2.4, 10000.0], ""Vitamin C, total ascorbic acid"": [75.0, 2000.0], ""Vitamin D"": [600.0, 4000.0], ""Vitamin E (alpha-tocopherol)"": [15.0, 1000.0], ""Thiamin"": [1.1, 10000.0], ""Riboflavin"": [1.1, 10000.0], ""Niacin"": [14.0, 35.0], ""Pantothenic acid"": [5.0, 10000.0], ""Vitamin B-9 Folic acid"": [400.0, 1000.0], ""Vitamin B-7"": [30.0, 10000.0], ""Total lipid (fat)"": [40.0, 120.0]}"
NSGA-II,1,without_diversity,2,41.2,58.68,667.0,1.170002,1.170002,11,"[14, 88, 35, 70, 78, 58]","[295, 102, 273, 103, 201, 362, 147, 245, 251, 266, 336]","[14, 88, 35, 70, 78, 58, 295, 102, 273, 103, 201, 362, 147, 245, 251, 266, 336]","{""Calcium, Ca"": 614.18154, ""Copper, Cu"": 1.2262708, ""Iron, Fe"": 14.147158, ""Magnesium, Mg"": 305.07516, ""Manganese, Mn"": 1.6639668000000003, ""Phosphorus, P"": 1201.70674, ""Sodium, Na"": 2377.114, ""Potassium, K"": 4825.063300000001, ""Zinc, Zn"": 4.755001, ""Carbohydrate, by difference"": 326.11147, ""Fiber, total dietary"": 19.385454999999997, ""Protein"": 114.621992, ""Energy"": 2756.0246300000003, ""Vitamin A"": 1813.9251, ""Vitamin B-6"": 2.1121671, ""Vitamin B-12"": 4.8728947, ""Vitamin C, total ascorbic acid"": 266.07265199999995, ""Vitamin D"": 0.0698666, ""Vitamin E (alpha-tocopherol)"": 33.41389, ""Thiamin"": 7.375159999999999, ""Riboflavin"": 1.488566, ""Niacin"": 26.511761200000002, ""Pantothenic acid"": 9.675707200000002, ""Vitamin B-9 Folic acid"": 234.06741000000002, ""Vitamin B-7"": 24.431931000000002, ""Total lipid (fat)"": 133.8773002}","{""Calcium, Ca"": [1000.0, 2500.0], ""Copper, Cu"": [0.9, 10.0], ""Iron, Fe"": [18.0, 45.0], ""Magnesium, Mg"": [310.0, 660.0], ""Manganese, Mn"": [1.8, 11.0], ""Phosphorus, P"": [700.0, 4000.0], ""Sodium, Na"": [1500.0, 2300.0], ""Potassium, K"": [4700.0, 10000.0], ""Zinc, Zn"": [8.0, 40.0], ""Carbohydrate, by difference"": [170.0, 300.0], ""Fiber, total dietary"": [20.0, 9999.0], ""Protein"": [40.0, 100.0], ""Energy"": [2000.0, 2400.0], ""Vitamin A"": [700.0, 3000.0], ""Vitamin B-6"": [1.3, 100.0], ""Vitamin B-12"": [2.4, 10000.0], ""Vitamin C, total ascorbic acid"": [75.0, 2000.0], ""Vitamin D"": [600.0, 4000.0], ""Vitamin E (alpha-tocopherol)"": [15.0, 1000.0], ""Thiamin"": [1.1, 10000.0], ""Riboflavin"": [1.1, 10000.0], ""Niacin"": [14.0, 35.0], ""Pantothenic acid"": [5.0, 10000.0], ""Vitamin B-9 Folic acid"": [400.0, 1000.0], ""Vitamin B-7"": [30.0, 10000.0], ""Total lipid (fat)"": [40.0, 120.0]}"
NSGA-II,1,without_diversity,3,108.8,24.81,770.0,1.138491,1.138491,12,"[24, 86, 78, 67, 77, 18, 80]","[318, 302, 301, 107, 397, 282, 99, 401, 284, 319]","[24, 86, 78, 67, 77, 18, 80, 318, 302, 301, 107, 397, 282, 99, 401, 284, 319]","{""Calcium, Ca"": 395.37857800000006, ""Copper, Cu"": 2.0146553, ""Iron, Fe"": 14.2683043, ""Magnesium, Mg"": 383.86462, ""Manganese, Mn"": 3.9272617, ""Phosphorus, P"": 1176.8939128, ""Sodium, Na"": 2407.2771, ""Potassium, K"": 4939.836588, ""Zinc, Zn"": 7.847312, ""Carbohydrate, by difference"": 344.3202, ""Fiber, total dietary"": 33.96891599999999, ""Protein"": 76.7927433, ""Energy"": 2659.8914000000004, ""Vitamin A"": 611.237281, ""Vitamin B-6"": 3.2251281, ""Vitamin B-12"": 16.5465976, ""Vitamin C, total ascorbic acid"": 621.015294, ""Vitamin D"": 0.2551335, ""Vitamin E (alpha-tocopherol)"": 47.99523, ""Thiamin"": 9.1052733, ""Riboflavin"": 4.6891929999999995, ""Niacin"": 29.787861, ""Pantothenic acid"": 41.273472899999994, ""Vitamin B-9 Folic acid"": 225.64656, ""Vitamin B-7"": 95.63720899999998, ""Total lipid (fat)"": 137.31138}","{""Calcium, Ca"": [1000.0, 2500.0], ""Copper, Cu"": [0.9, 10.0], ""Iron, Fe"": [18.0, 45.0], ""Magnesium, Mg"": [310.0, 660.0], ""Manganese, Mn"": [1.8, 11.0], ""Phosphorus, P"": [700.0, 4000.0], ""Sodium, Na"": [1500.0, 2300.0], ""Potassium, K"": [4700.0, 10000.0], ""Zinc, Zn"": [8.0, 40.0], ""Carbohydrate, by difference"": [170.0, 300.0], ""Fiber, total dietary"": [20.0, 9999.0], ""Protein"": [40.0, 100.0], ""Energy"": [2000.0, 2400.0], ""Vitamin A"": [700.0, 3000.0], ""Vitamin B-6"": [1.3, 100.0], ""Vitamin B-12"": [2.4, 10000.0], ""Vitamin C, total ascorbic acid"": [75.0, 2000.0], ""Vitamin D"": [600.0, 4000.0], ""Vitamin E (alpha-tocopherol)"": [15.0, 1000.0], ""Thiamin"": [1.1, 10000.0], ""Riboflavin"": [1.1, 10000.0], ""Niacin"": [14.0, 35.0], ""Pantothenic acid"": [5.0, 10000.0], ""Vitamin B-9 Folic acid"": [400.0, 1000.0], ""Vitamin B-7"": [30.0, 10000.0], ""Total lipid (fat)"": [40.0, 120.0]}"
NSGA-II,1,without_diversity,4,36.9,11.98,580.0,0.664853,0.664853,6,[60],"[366, 344, 178, 183, 300, 150, 272, 217]","[60, 366, 344, 178, 183, 300, 150, 272, 217]","{""Calcium, Ca"": 1532.86634, ""Copper, Cu"": 1.7264510000000004, ""Iron, Fe"": 22.701131, ""Magnesium, Mg"": 524.30454, ""Manganese, Mn"": 7.5272848, ""Phosphorus, P"": 2193.45848, ""Sodium, Na"": 2571.72661, ""Potassium, K"": 5272.7169, ""Zinc, Zn"": 17.197391, ""Carbohydrate, by difference"": 336.70829000000003, ""Fiber, total dietary"": 49.59532000000001, ""Protein"": 85.80046, ""Energy"": 2696.5942, ""Vitamin A"": 287.12541, ""Vitamin B-6"": 4.377152099999999, ""Vitamin B-12"": 1.7541259999999999, ""Vitamin C, total ascorbic acid"": 440.26493, ""Vitamin D"": 0.9633541, ""Vitamin E (alpha-tocopherol)"": 51.17042999999999, ""Thiamin"": 7.480377, ""Riboflavin"": 3.7471428999999996, ""Niacin"": 25.559690000000003, ""Pantothenic acid"": 7.035819, ""Vitamin B-9 Folic acid"": 965.1854399999999, ""Vitamin B-7"": 38.615103999999995, ""Total lipid (fat)"": 121.80396999999999}","{""Calcium, Ca"": [1000.0, 2500.0], ""Copper, Cu"": [0.9, 10.0], ""Iron, Fe"": [18.0, 45.0], ""Magnesium, Mg"": [310.0, 660.0], ""Manganese, Mn"": [1.8, 11.0], ""Phosphorus, P"": [700.0, 4000.0], ""Sodium, Na"": [1500.0, 2300.0], ""Potassium, K"": [4700.0, 10000.0], ""Zinc, Zn"": [8.0, 40.0], ""Carbohydrate, by difference"": [170.0, 300.0], ""Fiber, total dietary"": [20.0, 9999.0], ""Protein"": [40.0, 100.0], ""Energy"": [2000.0, 2400.0], ""Vitamin A"": [700.0, 3000.0], ""Vitamin B-6"": [1.3, 100.0], ""Vitamin B-12"": [2.4, 10000.0], ""Vitamin C, total ascorbic acid"": [75.0, 2000.0], ""Vitamin D"": [600.0, 4000.0], ""Vitamin E (alpha-tocopherol)"": [15.0, 1000.0], ""Thiamin"": [1.1, 10000.0], ""Riboflavin"": [1.1, 10000.0], ""Niacin"": [14.0, 35.0], ""Pantothenic acid"": [5.0, 10000.0], ""Vitamin B-9 Folic acid"": [400.0, 1000.0], ""Vitamin B-7"": [30.0, 10000.0], ""Total lipid (fat)"": [40.0, 120.0]}"
NSGA-II,1,without_diversity,5,46.3,43.31,75.0,1.21294,1.21294,9,"[50, 15, 36, 67]","[140, 221, 208, 375, 251, 245, 336, 266, 139]","[50, 15, 36, 67, 140, 221, 208, 375, 251, 245, 336, 266, 139]","{""Calcium, Ca"": 389.79074, ""Copper, Cu"": 1.7140842, ""Iron, Fe"": 19.198400999999993, ""Magnesium, Mg"": 259.17562, ""Manganese, Mn"": 2.1710362000000005, ""Phosphorus, P"": 1176.59904, ""Sodium, Na"": 1656.126, ""Potassium, K"": 5134.860200000001, ""Zinc, Zn"": 17.755601000000002, ""Carbohydrate, by difference"": 339.78065000000004, ""Fiber, total dietary"": 34.059146, ""Protein"": 105.42780199999999, ""Energy"": 2727.89403, ""Vitamin A"": 1932.0, ""Vitamin B-6"": 2.2631700000000006, ""Vitamin B-12"": 6.72112, ""Vitamin C, total ascorbic acid"": 466.69930199999993, ""Vitamin D"": 0.0, ""Vitamin E (alpha-tocopherol)"": 12.45154, ""Thiamin"": 1.3700599999999998, ""Riboflavin"": 1.3388147000000001, ""Niacin"": 22.519500200000007, ""Pantothenic acid"": 5.57235, ""Vitamin B-9 Folic acid"": 169.96951, ""Vitamin B-7"": 11.187449999999998, ""Total lipid (fat)"": 137.76940019999998}","{""Calcium, Ca"": [1000.0, 2500.0], ""Copper, Cu"": [0.9, 10.0], ""Iron, Fe"": [18.0, 45.0], ""Magnesium, Mg"": [310.0, 660.0], ""Manganese, Mn"": [1.8, 11.0], ""Phosphorus, P"": [700.0, 4000.0], ""Sodium, Na"": [1500.0, 2300.0], ""Potassium, K"": [4700.0, 10000.0], ""Zinc, Zn"": [8.0, 40.0], ""Carbohydrate, by difference"": [170.0, 300.0], ""Fiber, total dietary"": [20.0, 9999.0], ""Protein"": [40.0, 100.0], ""Energy"": [2000.0, 2400.0], ""Vitamin A"": [700.0, 3000.0], ""Vitamin B-6"": [1.3, 100.0], ""Vitamin B-12"": [2.4, 10000.0], ""Vitamin C, total ascorbic acid"": [75.0, 2000.0], ""Vitamin D"": [600.0, 4000.0], ""Vitamin E (alpha-tocopherol)"": [15.0, 1000.0], ""Thiamin"": [1.1, 10000.0], ""Riboflavin"": [1.1, 10000.0], ""Niacin"": [14.0, 35.0], ""Pantothenic acid"": [5.0, 10000.0], ""Vitamin B-9 Folic acid"": [400.0, 1000.0], ""Vitamin B-7"": [30.0, 10000.0], ""Total lipid (fat)"": [40.0, 120.0]}"
NSGA-II,1,without_diversity,6,61.1,24.83,1008.0,1.544511,1.544511,9,"[50, 80, 7, 53]","[149, 242, 275, 253, 354, 141, 151, 107, 273, 284]","[50, 80, 7, 53, 149, 242, 275, 253, 354, 141, 151, 107, 273, 284]","{""Calcium, Ca"": 482.012038, ""Copper, Cu"": 1.3700796, ""Iron, Fe"": 12.916970300000001, ""Magnesium, Mg"": 252.96621, ""Manganese, Mn"": 2.2194635999999996, ""Phosphorus, P"": 1280.9710928, ""Sodium, Na"": 2419.6253649999994, ""Potassium, K"": 3102.525088, ""Zinc, Zn"": 9.320997, ""Carbohydrate, by difference"": 344.73539, ""Fiber, total dietary"": 32.377227, ""Protein"": 113.65162329999997, ""Energy"": 2626.1858000000007, ""Vitamin A"": 535.8996300000001, ""Vitamin B-6"": 2.2549107000000004, ""Vitamin B-12"": 9.1234801, ""Vitamin C, total ascorbic acid"": 113.07208899999999, ""Vitamin D"": 0.3222348, ""Vitamin E (alpha-tocopherol)"": 43.335468000000006, ""Thiamin"": 16.9514947, ""Riboflavin"": 1.9515133000000002, ""Niacin"": 37.652255999999994, ""Pantothenic acid"": 15.7802282, ""Vitamin B-9 Folic acid"": 215.96651, ""Vitamin B-7"": 18.491138, ""Total lipid (fat)"": 128.83842}","{""Calcium, Ca"": [1000.0, 2500.0], ""Copper, Cu"": [0.9, 10.0], ""Iron, Fe"": [18.0, 45.0], ""Magnesium, Mg"": [310.0, 660.0], ""Manganese, Mn"": [1.8, 11.0], ""Phosphorus, P"": [700.0, 4000.0], ""Sodium, Na"": [1500.0, 2300.0], ""Potassium, K"": [4700.0, 10000.0], ""Zinc, Zn"": [8.0, 40.0], ""Carbohydrate, by difference"": [170.0, 300.0], ""Fiber, total dietary"": [20.0, 9999.0], ""Protein"": [40.0, 100.0], ""Energy"": [2000.0, 2400.0], ""Vitamin A"": [700.0, 3000.0], ""Vitamin B-6"": [1.3, 100.0], ""Vitamin B-12"": [2.4, 10000.0], ""Vitamin C, total ascorbic acid"": [75.0, 2000.0], ""Vitamin D"": [600.0, 4000.0], ""Vitamin E (alpha-tocopherol)"": [15.0, 1000.0], ""Thiamin"": [1.1, 10000.0], ""Riboflavin"": [1.1, 10000.0], ""Niacin"": [14.0, 35.0], ""Pantothenic acid"": [5.0, 10000.0], ""Vitamin B-9 Folic acid"": [400.0, 1000.0], ""Vitamin B-7"": [30.0, 10000.0], ""Total lipid (fat)"": [40.0, 120.0]}"
NSGA-II,1,without_diversity,7,15.2,18.08,268.0,1.259316,1.259316,7,"[11, 8, 3]","[347, 182, 160, 284]","[11, 8, 3, 347, 182, 160, 284]","{""Calcium, Ca"": 370.65983800000004, ""Copper, Cu"": 1.0540680000000002, ""Iron, Fe"": 13.7969533, ""Magnesium, Mg"": 232.25105, ""Manganese, Mn"": 1.147605, ""Phosphorus, P"": 1122.3163128, ""Sodium, Na"": 1744.1741, ""Potassium, K"": 4041.487188, ""Zinc, Zn"": 9.65412, ""Carbohydrate, by difference"": 198.40558, ""Fiber, total dietary"": 28.549760000000003, ""Protein"": 114.8036633, ""Energy"": 2239.5017000000003, ""Vitamin A"": 73.3426, ""Vitamin B-6"": 3.248686, ""Vitamin B-12"": 14.303920000000002, ""Vitamin C, total ascorbic acid"": 286.8334, ""Vitamin D"": 0.0528263, ""Vitamin E (alpha-tocopherol)"": 41.99745000000001, ""Thiamin"": 5.63875, ""Riboflavin"": 2.0063983, ""Niacin"": 37.64785, ""Pantothenic acid"": 14.541336000000001, ""Vitamin B-9 Folic acid"": 282.3364, ""Vitamin B-7"": 13.100249999999999, ""Total lipid (fat)"": 107.53939}","{""Calcium, Ca"": [1000.0, 2500.0], ""Copper, Cu"": [0.9, 10.0], ""Iron, Fe"": [18.0, 45.0], ""Magnesium, Mg"": [310.0, 660.0], ""Manganese, Mn"": [1.8, 11.0], ""Phosphorus, P"": [700.0, 4000.0], ""Sodium, Na"": [1500.0, 2300.0], ""Potassium, K"": [4700.0, 10000.0], ""Zinc, Zn"": [8.0, 40.0], ""Carbohydrate, by difference"": [170.0, 300.0], ""Fiber, total dietary"": [20.0, 9999.0], ""Protein"": [40.0, 100.0], ""Energy"": [2000.0, 2400.0], ""Vitamin A"": [700.0, 3000.0], ""Vitamin B-6"": [1.3, 100.0], ""Vitamin B-12"": [2.4, 10000.0], ""Vitamin C, total ascorbic acid"": [75.0, 2000.0], ""Vitamin D"": [600.0, 4000.0], ""Vitamin E (alpha-tocopherol)"": [15.0, 1000.0], ""Thiamin"": [1.1, 10000.0], ""Riboflavin"": [1.1, 10000.0], ""Niacin"": [14.0, 35.0], ""Pantothenic acid"": [5.0, 10000.0], ""Vitamin B-9 Folic acid"": [400.0, 1000.0], ""Vitamin B-7"": [30.0, 10000.0], ""Total lipid (fat)"": [40.0, 120.0]}"
NSGA-II,1,without_diversity,8,31.1,49.82,724.0,0.802816,0.802816,11,"[54, 76, 3, 92, 15, 46, 56]","[295, 102, 273, 103, 201, 372, 362, 147]","[54, 76, 3, 92, 15, 46, 56, 295, 102, 273, 103, 201, 372, 362, 147]","{""Calcium, Ca"": 543.1477, ""Copper, Cu"": 1.2269321000000002, ""Iron, Fe"": 16.025247, ""Magnesium, Mg"": 375.5025, ""Manganese, Mn"": 4.444105600000001, ""Phosphorus, P"": 1443.528, ""Sodium, Na"": 1569.2549999999999, ""Potassium, K"": 5985.6911, ""Zinc, Zn"": 7.377006, ""Carbohydrate, by difference"": 304.002112, ""Fiber, total dietary"": 27.282573, ""Protein"": 113.71987999999999, ""Energy"": 2757.3702200000002, ""Vitamin A"": 1560.78389, ""Vitamin B-6"": 3.9414630999999996, ""Vitamin B-12"": 21.6640247, ""Vitamin C, total ascorbic acid"": 470.630071, ""Vitamin D"": 0.1029911, ""Vitamin E (alpha-tocopherol)"": 65.44035, ""Thiamin"": 9.712, ""Riboflavin"": 13.490357199999996, ""Niacin"": 23.979874, ""Pantothenic acid"": 81.7440762, ""Vitamin B-9 Folic acid"": 481.7825, ""Vitamin B-7"": 44.250710999999995, ""Total lipid (fat)"": 134.77922000000004}","{""Calcium, Ca"": [1000.0, 2500.0], ""Copper, Cu"": [0.9, 10.0], ""Iron, Fe"": [18.0, 45.0], ""Magnesium, Mg"": [310.0, 660.0], ""Manganese, Mn"": [1.8, 11.0], ""Phosphorus, P"": [700.0, 4000.0], ""Sodium, Na"": [1500.0, 2300.0], ""Potassium, K"": [4700.0, 10000.0], ""Zinc, Zn"": [8.0, 40.0], ""Carbohydrate, by difference"": [170.0, 300.0], ""Fiber, total dietary"": [20.0, 9999.0], ""Protein"": [40.0, 100.0], ""Energy"": [2000.0, 2400.0], ""Vitamin A"": [700.0, 3000.0], ""Vitamin B-6"": [1.3, 100.0], ""Vitamin B-12"": [2.4, 10000.0], ""Vitamin C, total ascorbic acid"": [75.0, 2000.0], ""Vitamin D"": [600.0, 4000.0], ""Vitamin E (alpha-tocopherol)"": [15.0, 1000.0], ""Thiamin"": [1.1, 10000.0], ""Riboflavin"": [1.1, 10000.0], ""Niacin"": [14.0, 35.0], ""Pantothenic acid"": [5.0, 10000.0], ""Vitamin B-9 Folic acid"": [400.0, 1000.0], ""Vitamin B-7"": [30.0, 10000.0], ""Total lipid (fat)"": [40.0, 120.0]}"
NSGA-II,1,without_diversity,9,71.5,46.39,544.0,0.665941,0.665941,11,"[80, 1, 5, 22, 28, 45]","[285, 307, 374, 296, 251, 401, 320, 175, 131, 158, 286, 376]","[80, 1, 5, 22, 28, 45, 285, 307, 374, 296, 251, 401, 320, 175, 131, 158, 286, 376]","{""Calcium, Ca"": 1172.46511, ""Copper, Cu"": 1.8468973, ""Iron, Fe"": 19.408130600000007, ""Magnesium, Mg"": 430.03380999999996, ""Manganese, Mn"": 2.67005788, ""Phosphorus, P"": 1854.2586000000001, ""Sodium, Na"": 2638.37632, ""Potassium, K"": 5924.5573, ""Zinc, Zn"": 11.3155966, ""Carbohydrate, by difference"": 334.15629199999995, ""Fiber, total dietary"": 40.858364599999994, ""Protein"": 114.8598855, ""Energy"": 2749.8473000000004, ""Vitamin A"": 1622.8792199999998, ""Vitamin B-6"": 3.4661216000000006, ""Vitamin B-12"": 51.720679200000006, ""Vitamin C, total ascorbic acid"": 459.86311, ""Vitamin D"": 0.3279582, ""Vitamin E (alpha-tocopherol)"": 70.7704131, ""Thiamin"": 37.5288273, ""Riboflavin"": 10.067912, ""Niacin"": 33.024952, ""Pantothenic acid"": 72.185808, ""Vitamin B-9 Folic acid"": 600.6899999999999, ""Vitamin B-7"": 28.844102, ""Total lipid (fat)"": 116.09883}","{""Calcium, Ca"": [1000.0, 2500.0], ""Copper, Cu"": [0.9, 10.0], ""Iron, Fe"": [18.0, 45.0], ""Magnesium, Mg"": [310.0, 660.0], ""Manganese, Mn"": [1.8, 11.0], ""Phosphorus, P"": [700.0, 4000.0], ""Sodium, Na"": [1500.0, 2300.0], ""Potassium, K"": [4700.0, 10000.0], ""Zinc, Zn"": [8.0, 40.0], ""Carbohydrate, by difference"": [170.0, 300.0], ""Fiber, total dietary"": [20.0, 9999.0], ""Protein"": [40.0, 100.0], ""Energy"": [2000.0, 2400.0], ""Vitamin A"": [700.0, 3000.0], ""Vitamin B-6"": [1.3, 100.0], ""Vitamin B-12"": [2.4, 10000.0], ""Vitamin C, total ascorbic acid"": [75.0, 2000.0], ""Vitamin D"": [600.0, 4000.0], ""Vitamin E (alpha-tocopherol)"": [15.0, 1000.0], ""Thiamin"": [1.1, 10000.0], ""Riboflavin"": [1.1, 10000.0], ""Niacin"": [14.0, 35.0], ""Pantothenic acid"": [5.0, 10000.0], ""Vitamin B-9 Folic acid"": [400.0, 1000.0], ""Vitamin B-7"": [30.0, 10000.0], ""Total lipid (fat)"": [40.0, 120.0]}"
NSGA-II,1,without_diversity,10,67.1,23.67,965.0,1.741173,1.741173,8,"[30, 86, 31]","[149, 242, 275, 253, 354, 141, 151, 197, 284, 266]","[30, 86, 31, 149, 242, 275, 253, 354, 141, 151, 197, 284, 266]","{""Calcium, Ca"": 305.733218, ""Copper, Cu"": 1.2911362, ""Iron, Fe"": 11.2972763, ""Magnesium, Mg"": 257.81941, ""Manganese, Mn"": 2.2802692, ""Phosphorus, P"": 1212.0498327999999, ""Sodium, Na"": 1778.0123650000003, ""Potassium, K"": 3092.9762880000003, ""Zinc, Zn"": 9.781641, ""Carbohydrate, by difference"": 286.85686, ""Fiber, total dietary"": 18.471758, ""Protein"": 112.85203929999997, ""Energy"": 2758.7113300000005, ""Vitamin A"": 73.62123, ""Vitamin B-6"": 2.3772726, ""Vitamin B-12"": 9.3539174, ""Vitamin C, total ascorbic acid"": 105.44154499999999, ""Vitamin D"": 0.357978, ""Vitamin E (alpha-tocopherol)"": 42.19635, ""Thiamin"": 12.878124700000003, ""Riboflavin"": 1.9463046, ""Niacin"": 32.418636199999995, ""Pantothenic acid"": 16.163105, ""Vitamin B-9 Folic acid"": 214.30674000000002, ""Vitamin B-7"": 19.500405, ""Total lipid (fat)"": 136.5133502}","{""Calcium, Ca"": [1000.0, 2500.0], ""Copper, Cu"": [0.9, 10.0], ""Iron, Fe"": [18.0, 45.0], ""Magnesium, Mg"": [310.0, 660.0], ""Manganese, Mn"": [1.8, 11.0], ""Phosphorus, P"": [700.0, 4000.0], ""Sodium, Na"": [1500.0, 2300.0], ""Potassium, K"": [4700.0, 10000.0], ""Zinc, Zn"": [8.0, 40.0], ""Carbohydrate, by difference"": [170.0, 300.0], ""Fiber, total dietary"": [20.0, 9999.0], ""Protein"": [40.0, 100.0], ""Energy"": [2000.0, 2400.0], ""Vitamin A"": [700.0, 3000.0], ""Vitamin B-6"": [1.3, 100.0], ""Vitamin B-12"": [2.4, 10000.0], ""Vitamin C, total ascorbic acid"": [75.0, 2000.0], ""Vitamin D"": [600.0, 4000.0], ""Vitamin E (alpha-tocopherol)"": [15.0, 1000.0], ""Thiamin"": [1.1, 10000.0], ""Riboflavin"": [1.1, 10000.0], ""Niacin"": [14.0, 35.0], ""Pantothenic acid"": [5.0, 10000.0], ""Vitamin B-9 Folic acid"": [400.0, 1000.0], ""Vitamin B-7"": [30.0, 10000.0], ""Total lipid (fat)"": [40.0, 120.0]}"
NSGA-II,1,without_diversity,11,54.7,58.48,897.0,1.130476,1.130476,10,"[43, 40, 84, 6, 2]","[295, 102, 273, 103, 201, 372, 271, 163, 147, 284, 266]","[43, 40, 84, 6, 2, 295, 102, 273, 103, 201, 372, 271, 163, 147, 284, 266]","{""Calcium, Ca"": 614.736078, ""Copper, Cu"": 1.0070723000000001, ""Iron, Fe"": 12.8152293, ""Magnesium, Mg"": 284.94331, ""Manganese, Mn"": 3.5657006000000004, ""Phosphorus, P"": 1238.0381528, ""Sodium, Na"": 2124.3708000000006, ""Potassium, K"": 3851.519888, ""Zinc, Zn"": 7.851266, ""Carbohydrate, by difference"": 278.84638, ""Fiber, total dietary"": 19.246491, ""Protein"": 114.76035529999999, ""Energy"": 2725.1152300000003, ""Vitamin A"": 652.5407600000001, ""Vitamin B-6"": 2.4565998000000002, ""Vitamin B-12"": 6.3833744, ""Vitamin C, total ascorbic acid"": 206.592569, ""Vitamin D"": 0.8694584999999999, ""Vitamin E (alpha-tocopherol)"": 47.616412000000004, ""Thiamin"": 13.96812, ""Riboflavin"": 1.8522796, ""Niacin"": 23.4827072, ""Pantothenic acid"": 12.7987998, ""Vitamin B-9 Folic acid"": 289.9147, ""Vitamin B-7"": 31.390358, ""Total lipid (fat)"": 137.84456020000002}","{""Calcium, Ca"": [1000.0, 2500.0], ""Copper, Cu"": [0.9, 10.0], ""Iron, Fe"": [18.0, 45.0], ""Magnesium, Mg"": [310.0, 660.0], ""Manganese, Mn"": [1.8, 11.0], ""Phosphorus, P"": [700.0, 4000.0], ""Sodium, Na"": [1500.0, 2300.0], ""Potassium, K"": [4700.0, 10000.0], ""Zinc, Zn"": [8.0, 40.0], ""Carbohydrate, by difference"": [170.0, 300.0], ""Fiber, total dietary"": [20.0, 9999.0], ""Protein"": [40.0, 100.0], ""Energy"": [2000.0, 2400.0], ""Vitamin A"": [700.0, 3000.0], ""Vitamin B-6"": [1.3, 100.0], ""Vitamin B-12"": [2.4, 10000.0], ""Vitamin C, total ascorbic acid"": [75.0, 2000.0], ""Vitamin D"": [600.0, 4000.0], ""Vitamin E (alpha-tocopherol)"": [15.0, 1000.0], ""Thiamin"": [1.1, 10000.0], ""Riboflavin"": [1.1, 10000.0], ""Niacin"": [14.0, 35.0], ""Pantothenic acid"": [5.0, 10000.0], ""Vitamin B-9 Folic acid"": [400.0, 1000.0], ""Vitamin B-7"": [30.0, 10000.0], ""Total lipid (fat)"": [40.0, 120.0]}"
NSGA-II,1,without_diversity,12,89.2,38.05,690.0,0.859256,0.859256,12,"[38, 76, 17, 79]","[169, 152, 405, 102, 273, 264, 197, 155, 286, 284, 266]","[38, 76, 17, 79, 169, 152, 405, 102, 273, 264, 197, 155, 286, 284, 266]","{""Calcium, Ca"": 698.684478, ""Copper, Cu"": 1.6786003999999999, ""Iron, Fe"": 24.302733300000003, ""Magnesium, Mg"": 416.8502699999999, ""Manganese, Mn"": 2.1807118, ""Phosphorus, P"": 1242.7249528, ""Sodium, Na"": 2541.1540999999997, ""Potassium, K"": 3673.4654880000003, ""Zinc, Zn"": 13.178394999999998, ""Carbohydrate, by difference"": 308.892211, ""Fiber, total dietary"": 48.811755000000005, ""Protein"": 84.76366529999999, ""Energy"": 2708.8843300000003, ""Vitamin A"": 541.58782, ""Vitamin B-6"": 1.9584020999999998, ""Vitamin B-12"": 4.7202857, ""Vitamin C, total ascorbic acid"": 228.158914, ""Vitamin D"": 0.5982433, ""Vitamin E (alpha-tocopherol)"": 40.357839999999996, ""Thiamin"": 9.385432, ""Riboflavin"": 3.3694971, ""Niacin"": 24.7499322, ""Pantothenic acid"": 9.9389122, ""Vitamin B-9 Folic acid"": 399.0471100000001, ""Vitamin B-7"": 21.244695999999994, ""Total lipid (fat)"": 137.8934202}","{""Calcium, Ca"": [1000.0, 2500.0], ""Copper, Cu"": [0.9, 10.0], ""Iron, Fe"": [18.0, 45.0], ""Magnesium, Mg"": [310.0, 660.0], ""Manganese, Mn"": [1.8, 11.0], ""Phosphorus, P"": [700.0, 4000.0], ""Sodium, Na"": [1500.0, 2300.0], ""Potassium, K"": [4700.0, 10000.0], ""Zinc, Zn"": [8.0, 40.0], ""Carbohydrate, by difference"": [170.0, 300.0], ""Fiber, total dietary"": [20.0, 9999.0], ""Protein"": [40.0, 100.0], ""Energy"": [2000.0, 2400.0], ""Vitamin A"": [700.0, 3000.0], ""Vitamin B-6"": [1.3, 100.0], ""Vitamin B-12"": [2.4, 10000.0], ""Vitamin C, total ascorbic acid"": [75.0, 2000.0], ""Vitamin D"": [600.0, 4000.0], ""Vitamin E (alpha-tocopherol)"": [15.0, 1000.0], ""Thiamin"": [1.1, 10000.0], ""Riboflavin"": [1.1, 10000.0], ""Niacin"": [14.0, 35.0], ""Pantothenic acid"": [5.0, 10000.0], ""Vitamin B-9 Folic acid"": [400.0, 1000.0], ""Vitamin B-7"": [30.0, 10000.0], ""Total lipid (fat)"": [40.0, 120.0]}"
NSGA-II,1,without_diversity,13,44.7,55.76,572.0,0.913307,0.913307,10,"[1, 85, 47, 40]","[273, 103, 201, 372, 218, 362, 147, 245, 251, 266, 336]","[1, 85, 47, 40, 273, 103, 201, 372, 218, 362, 147, 245, 251, 266, 336]","{""Calcium, Ca"": 567.84364, ""Copper, Cu"": 1.4004833000000003, ""Iron, Fe"": 16.5996, ""Magnesium, Mg"": 346.67791, ""Manganese, Mn"": 3.9095955, ""Phosphorus, P"": 1518.6439400000002, ""Sodium, Na"": 2516.192, ""Potassium, K"": 4421.956300000001, ""Zinc, Zn"": 8.986634000000002, ""Carbohydrate, by difference"": 286.79068, ""Fiber, total dietary"": 22.708765000000003, ""Protein"": 112.782772, ""Energy"": 2756.13403, ""Vitamin A"": 720.89431, ""Vitamin B-6"": 2.5131599000000002, ""Vitamin B-12"": 26.6037397, ""Vitamin C, total ascorbic acid"": 105.889007, ""Vitamin D"": 0.10530619999999999, ""Vitamin E (alpha-tocopherol)"": 38.176012, ""Thiamin"": 9.548224999999999, ""Riboflavin"": 5.241054, ""Niacin"": 25.6602682, ""Pantothenic acid"": 36.671863200000004, ""Vitamin B-9 Folic acid"": 362.43607000000003, ""Vitamin B-7"": 31.04619, ""Total lipid (fat)"": 135.7829802}","{""Calcium, Ca"": [1000.0, 2500.0], ""Copper, Cu"": [0.9, 10.0], ""Iron, Fe"": [18.0, 45.0], ""Magnesium, Mg"": [310.0, 660.0], ""Manganese, Mn"": [1.8, 11.0], ""Phosphorus, P"": [700.0, 4000.0], ""Sodium, Na"": [1500.0, 2300.0], ""Potassium, K"": [4700.0, 10000.0], ""Zinc, Zn"": [8.0, 40.0], ""Carbohydrate, by difference"": [170.0, 300.0], ""Fiber, total dietary"": [20.0, 9999.0], ""Protein"": [40.0, 100.0], ""Energy"": [2000.0, 2400.0], ""Vitamin A"": [700.0, 3000.0], ""Vitamin B-6"": [1.3, 100.0], ""Vitamin B-12"": [2.4, 10000.0], ""Vitamin C, total ascorbic acid"": [75.0, 2000.0], ""Vitamin D"": [600.0, 4000.0], ""Vitamin E (alpha-tocopherol)"": [15.0, 1000.0], ""Thiamin"": [1.1, 10000.0], ""Riboflavin"": [1.1, 10000.0], ""Niacin"": [14.0, 35.0], ""Pantothenic acid"": [5.0, 10000.0], ""Vitamin B-9 Folic acid"": [400.0, 1000.0], ""Vitamin B-7"": [30.0, 10000.0], ""Total lipid (fat)"": [40.0, 120.0]}"
NSGA-II,1,without_diversity,14,100.9,40.33,547.0,0.676259,0.676259,13,"[24, 86, 78, 67, 77, 18, 80]","[342, 153, 208, 104, 113, 403, 393, 376, 303, 147, 251, 266, 336]","[24, 86, 78, 67, 77, 18, 80, 342, 153, 208, 104, 113, 403, 393, 376, 303, 147, 251, 266, 336]","{""Calcium, Ca"": 765.98338, ""Copper, Cu"": 1.5320165000000001, ""Iron, Fe"": 16.993978, ""Magnesium, Mg"": 312.99621999999994, ""Manganese, Mn"": 2.6575952, ""Phosphorus, P"": 1101.4529067, ""Sodium, Na"": 2362.2356400000003, ""Potassium, K"": 6153.0266, ""Zinc, Zn"": 6.610796499999999, ""Carbohydrate, by difference"": 344.90635, ""Fiber, total dietary"": 47.556579, ""Protein"": 50.389216, ""Energy"": 2555.90303, ""Vitamin A"": 1622.2005700000002, ""Vitamin B-6"": 2.9011346, ""Vitamin B-12"": 6.179982599999999, ""Vitamin C, total ascorbic acid"": 489.47937599999995, ""Vitamin D"": 0.28120809999999996, ""Vitamin E (alpha-tocopherol)"": 45.096199999999996, ""Thiamin"": 9.251311399999999, ""Riboflavin"": 3.3424435, ""Niacin"": 17.053270200000004, ""Pantothenic acid"": 26.670256000000002, ""Vitamin B-9 Folic acid"": 332.93874, ""Vitamin B-7"": 15.394006999999998, ""Total lipid (fat)"": 137.05310820000003}","{""Calcium, Ca"": [1000.0, 2500.0], ""Copper, Cu"": [0.9, 10.0], ""Iron, Fe"": [18.0, 45.0], ""Magnesium, Mg"": [310.0, 660.0], ""Manganese, Mn"": [1.8, 11.0], ""Phosphorus, P"": [700.0, 4000.0], ""Sodium, Na"": [1500.0, 2300.0], ""Potassium, K"": [4700.0, 10000.0], ""Zinc, Zn"": [8.0, 40.0], ""Carbohydrate, by difference"": [170.0, 300.0], ""Fiber, total dietary"": [20.0, 9999.0], ""Protein"": [40.0, 100.0], ""Energy"": [2000.0, 2400.0], ""Vitamin A"": [700.0, 3000.0], ""Vitamin B-6"": [1.3, 100.0], ""Vitamin B-12"": [2.4, 10000.0], ""Vitamin C, total ascorbic acid"": [75.0, 2000.0], ""Vitamin D"": [600.0, 4000.0], ""Vitamin E (alpha-tocopherol)"": [15.0, 1000.0], ""Thiamin"": [1.1, 10000.0], ""Riboflavin"": [1.1, 10000.0], ""Niacin"": [14.0, 35.0], ""Pantothenic acid"": [5.0, 10000.0], ""Vitamin B-9 Folic acid"": [400.0, 1000.0], ""Vitamin B-7"": [30.0, 10000.0], ""Total lipid (fat)"": [40.0, 120.0]}"
NSGA-II,1,without_diversity,15,27.0,12.58,240.0,1.34253,1.34253,4,[60],"[233, 206, 158]","[60, 233, 206, 158]","{""Calcium, Ca"": 732.171, ""Copper, Cu"": 1.4266950000000003, ""Iron, Fe"": 20.49677, ""Magnesium, Mg"": 345.8486, ""Manganese, Mn"": 0.7487788000000001, ""Phosphorus, P"": 1721.1470000000002, ""Sodium, Na"": 1158.3133999999998, ""Potassium, K"": 3505.643, ""Zinc, Zn"": 22.083360000000003, ""Carbohydrate, by difference"": 241.4662, ""Fiber, total dietary"": 30.23204, ""Protein"": 106.78700000000002, ""Energy"": 2569.854, ""Vitamin A"": 329.0915, ""Vitamin B-6"": 2.2825699999999998, ""Vitamin B-12"": 9.017484, ""Vitamin C, total ascorbic acid"": 60.531000000000006, ""Vitamin D"": 0.9727490000000001, ""Vitamin E (alpha-tocopherol)"": 33.40943, ""Thiamin"": 6.307650000000001, ""Riboflavin"": 3.7358700000000002, ""Niacin"": 30.9819, ""Pantothenic acid"": 5.2069, ""Vitamin B-9 Folic acid"": 219.5672, ""Vitamin B-7"": 28.50571, ""Total lipid (fat)"": 137.9804}","{""Calcium, Ca"": [1000.0, 2500.0], ""Copper, Cu"": [0.9, 10.0], ""Iron, Fe"": [18.0, 45.0], ""Magnesium, Mg"": [310.0, 660.0], ""Manganese, Mn"": [1.8, 11.0], ""Phosphorus, P"": [700.0, 4000.0], ""Sodium, Na"": [1500.0, 2300.0], ""Potassium, K"": [4700.0, 10000.0], ""Zinc, Zn"": [8.0, 40.0], ""Carbohydrate, by difference"": [170.0, 300.0], ""Fiber, total dietary"": [20.0, 9999.0], ""Protein"": [40.0, 100.0], ""Energy"": [2000.0, 2400.0], ""Vitamin A"": [700.0, 3000.0], ""Vitamin B-6"": [1.3, 100.0], ""Vitamin B-12"": [2.4, 10000.0], ""Vitamin C, total ascorbic acid"": [75.0, 2000.0], ""Vitamin D"": [600.0, 4000.0], ""Vitamin E (alpha-tocopherol)"": [15.0, 1000.0], ""Thiamin"": [1.1, 10000.0], ""Riboflavin"": [1.1, 10000.0], ""Niacin"": [14.0, 35.0], ""Pantothenic acid"": [5.0, 10000.0], ""Vitamin B-9 Folic acid"": [400.0, 1000.0], ""Vitamin B-7"": [30.0, 10000.0], ""Total lipid (fat)"": [40.0, 120.0]}"
NSGA-II,1,without_diversity,16,37.2,41.86,857.0,1.570737,1.570737,8,"[47, 43, 57]","[102, 273, 103, 201, 372, 271, 163, 362, 147]","[47, 43, 57, 102, 273, 103, 201, 372, 271, 163, 362, 147]","{""Calcium, Ca"": 356.1768, ""Copper, Cu"": 0.9899076, ""Iron, Fe"": 10.615223, ""Magnesium, Mg"": 280.71785, ""Manganese, Mn"": 3.1187517000000002, ""Phosphorus, P"": 1269.7095, ""Sodium, Na"": 1395.3907000000002, ""Potassium, K"": 3425.2324999999996, ""Zinc, Zn"": 7.069766, ""Carbohydrate, by difference"": 307.46617000000003, ""Fiber, total dietary"": 13.121719, ""Protein"": 102.50169, ""Energy"": 2756.467, ""Vitamin A"": 544.13006, ""Vitamin B-6"": 2.312435, ""Vitamin B-12"": 6.7457894, ""Vitamin C, total ascorbic acid"": 64.411669, ""Vitamin D"": 0.13905859999999998, ""Vitamin E (alpha-tocopherol)"": 36.53963, ""Thiamin"": 14.074929999999998, ""Riboflavin"": 1.9185871, ""Niacin"": 21.003385999999995, ""Pantothenic acid"": 14.251455799999999, ""Vitamin B-9 Folic acid"": 212.46403, ""Vitamin B-7"": 29.545187, ""Total lipid (fat)"": 133.02192000000002}","{""Calcium, Ca"": [1000.0, 2500.0], ""Copper, Cu"": [0.9, 10.0], ""Iron, Fe"": [18.0, 45.0], ""Magnesium, Mg"": [310.0, 660.0], ""Manganese, Mn"": [1.8, 11.0], ""Phosphorus, P"": [700.0, 4000.0], ""Sodium, Na"": [1500.0, 2300.0], ""Potassium, K"": [4700.0, 10000.0], ""Zinc, Zn"": [8.0, 40.0], ""Carbohydrate, by difference"": [170.0, 300.0], ""Fiber, total dietary"": [20.0, 9999.0], ""Protein"": [40.0, 100.0], ""Energy"": [2000.0, 2400.0], ""Vitamin A"": [700.0, 3000.0], ""Vitamin B-6"": [1.3, 100.0], ""Vitamin B-12"": [2.4, 10000.0], ""Vitamin C, total ascorbic acid"": [75.0, 2000.0], ""Vitamin D"": [600.0, 4000.0], ""Vitamin E (alpha-tocopherol)"": [15.0, 1000.0], ""Thiamin"": [1.1, 10000.0], ""Riboflavin"": [1.1, 10000.0], ""Niacin"": [14.0, 35.0], ""Pantothenic acid"": [5.0, 10000.0], ""Vitamin B-9 Folic acid"": [400.0, 1000.0], ""Vitamin B-7"": [30.0, 10000.0], ""Total lipid (fat)"": [40.0, 120.0]}"
NSGA-II,1,without_diversity,17,23.7,12.27,115.0,2.23389,2.23389,5,"[59, 21, 92]","[210, 266]","[59, 21, 92, 210, 266]","{""Calcium, Ca"": 407.70943, ""Copper, Cu"": 0.7993542000000001, ""Iron, Fe"": 9.1562288, ""Magnesium, Mg"": 130.21602000000001, ""Manganese, Mn"": 1.2258031999999999, ""Phosphorus, P"": 768.9030399999999, ""Sodium, Na"": 1823.3617499999998, ""Potassium, K"": 1623.6426, ""Zinc, Zn"": 11.530414, ""Carbohydrate, by difference"": 131.50235099999998, ""Fiber, total dietary"": 8.796602, ""Protein"": 65.10179199999999, ""Energy"": 1993.71355, ""Vitamin A"": 386.014336, ""Vitamin B-6"": 1.537599, ""Vitamin B-12"": 4.1157141, ""Vitamin C, total ascorbic acid"": 32.8935897, ""Vitamin D"": 3.3155740000000002, ""Vitamin E (alpha-tocopherol)"": 14.53891, ""Thiamin"": 2.855925, ""Riboflavin"": 0.7765447999999999, ""Niacin"": 12.498360199999999, ""Pantothenic acid"": 2.601363, ""Vitamin B-9 Folic acid"": 109.81161, ""Vitamin B-7"": 7.664759999999999, ""Total lipid (fat)"": 137.97297020000002}","{""Calcium, Ca"": [1000.0, 2500.0], ""Copper, Cu"": [0.9, 10.0], ""Iron, Fe"": [18.0, 45.0], ""Magnesium, Mg"": [310.0, 660.0], ""Manganese, Mn"": [1.8, 11.0], ""Phosphorus, P"": [700.0, 4000.0], ""Sodium, Na"": [1500.0, 2300.0], ""Potassium, K"": [4700.0, 10000.0], ""Zinc, Zn"": [8.0, 40.0], ""Carbohydrate, by difference"": [170.0, 300.0], ""Fiber, total dietary"": [20.0, 9999.0], ""Protein"": [40.0, 100.0], ""Energy"": [2000.0, 2400.0], ""Vitamin A"": [700.0, 3000.0], ""Vitamin B-6"": [1.3, 100.0], ""Vitamin B-12"": [2.4, 10000.0], ""Vitamin C, total ascorbic acid"": [75.0, 2000.0], ""Vitamin D"": [600.0, 4000.0], ""Vitamin E (alpha-tocopherol)"": [15.0, 1000.0], ""Thiamin"": [1.1, 10000.0], ""Riboflavin"": [1.1, 10000.0], ""Niacin"": [14.0, 35.0], ""Pantothenic acid"": [5.0, 10000.0], ""Vitamin B-9 Folic acid"": [400.0, 1000.0], ""Vitamin B-7"": [30.0, 10000.0], ""Total lipid (fat)"": [40.0, 120.0]}"
NSGA-II,1,without_diversity,18,53.1,47.96,747.0,0.611091,0.611091,10,"[38, 91, 13]","[295, 102, 273, 103, 372, 163, 362, 147, 245, 331, 264, 284, 266, 336]","[38, 91, 13, 295, 102, 273, 103, 372, 163, 362, 147, 245, 331, 264, 284, 266, 336]","{""Calcium, Ca"": 555.332028, ""Copper, Cu"": 1.9236469000000003, ""Iron, Fe"": 23.4546051, ""Magnesium, Mg"": 466.24287, ""Manganese, Mn"": 4.052666800000001, ""Phosphorus, P"": 1468.7968528000001, ""Sodium, Na"": 2200.8384, ""Potassium, K"": 4809.444488, ""Zinc, Zn"": 12.248904000000003, ""Carbohydrate, by difference"": 343.62883000000005, ""Fiber, total dietary"": 39.698735000000006, ""Protein"": 81.92126529999999, ""Energy"": 2550.66823, ""Vitamin A"": 1606.80366, ""Vitamin B-6"": 2.6724112, ""Vitamin B-12"": 5.3965996999999994, ""Vitamin C, total ascorbic acid"": 434.66347299999995, ""Vitamin D"": 0.6448664, ""Vitamin E (alpha-tocopherol)"": 50.861419999999995, ""Thiamin"": 10.92413, ""Riboflavin"": 4.1799420000000005, ""Niacin"": 27.5162582, ""Pantothenic acid"": 18.618377200000005, ""Vitamin B-9 Folic acid"": 397.13176000000004, ""Vitamin B-7"": 33.329133999999996, ""Total lipid (fat)"": 136.8409202}","{""Calcium, Ca"": [1000.0, 2500.0], ""Copper, Cu"": [0.9, 10.0], ""Iron, Fe"": [18.0, 45.0], ""Magnesium, Mg"": [310.0, 660.0], ""Manganese, Mn"": [1.8, 11.0], ""Phosphorus, P"": [700.0, 4000.0], ""Sodium, Na"": [1500.0, 2300.0], ""Potassium, K"": [4700.0, 10000.0], ""Zinc, Zn"": [8.0, 40.0], ""Carbohydrate, by difference"": [170.0, 300.0], ""Fiber, total dietary"": [20.0, 9999.0], ""Protein"": [40.0, 100.0], ""Energy"": [2000.0, 2400.0], ""Vitamin A"": [700.0, 3000.0], ""Vitamin B-6"": [1.3, 100.0], ""Vitamin B-12"": [2.4, 10000.0], ""Vitamin C, total ascorbic acid"": [75.0, 2000.0], ""Vitamin D"": [600.0, 4000.0], ""Vitamin E (alpha-tocopherol)"": [15.0, 1000.0], ""Thiamin"": [1.1, 10000.0], ""Riboflavin"": [1.1, 10000.0], ""Niacin"": [14.0, 35.0], ""Pantothenic acid"": [5.0, 10000.0], ""Vitamin B-9 Folic acid"": [400.0, 1000.0], ""Vitamin B-7"": [30.0, 10000.0], ""Total lipid (fat)"": [40.0, 120.0]}"
NSGA-II,1,without_diversity,19,41.4,54.18,777.0,1.200115,1.200115,10,"[92, 15, 94, 64]","[102, 273, 103, 201, 372, 271, 163, 194, 147, 245, 251]","[92, 15, 94, 64, 102, 273, 103, 201, 372, 271, 163, 194, 147, 245, 251]","{""Calcium, Ca"": 457.6551, ""Copper, Cu"": 0.9390037, ""Iron, Fe"": 13.087493, ""Magnesium, Mg"": 283.48875, ""Manganese, Mn"": 4.0637172, ""Phosphorus, P"": 1396.9304, ""Sodium, Na"": 1940.8647, ""Potassium, K"": 4575.9325, ""Zinc, Zn"": 7.050589999999999, ""Carbohydrate, by difference"": 293.631861, ""Fiber, total dietary"": 27.325049, ""Protein"": 110.00794000000002, ""Energy"": 2759.5481200000004, ""Vitamin A"": 46.27957, ""Vitamin B-6"": 3.330374, ""Vitamin B-12"": 6.3519744, ""Vitamin C, total ascorbic acid"": 129.957101, ""Vitamin D"": 0.1555933, ""Vitamin E (alpha-tocopherol)"": 41.77524, ""Thiamin"": 12.029674, ""Riboflavin"": 1.9177483000000004, ""Niacin"": 23.442633999999998, ""Pantothenic acid"": 13.7022908, ""Vitamin B-9 Folic acid"": 382.14233, ""Vitamin B-7"": 36.869387999999994, ""Total lipid (fat)"": 137.73125000000002}","{""Calcium, Ca"": [1000.0, 2500.0], ""Copper, Cu"": [0.9, 10.0], ""Iron, Fe"": [18.0, 45.0], ""Magnesium, Mg"": [310.0, 660.0], ""Manganese, Mn"": [1.8, 11.0], ""Phosphorus, P"": [700.0, 4000.0], ""Sodium, Na"": [1500.0, 2300.0], ""Potassium, K"": [4700.0, 10000.0], ""Zinc, Zn"": [8.0, 40.0], ""Carbohydrate, by difference"": [170.0, 300.0], ""Fiber, total dietary"": [20.0, 9999.0], ""Protein"": [40.0, 100.0], ""Energy"": [2000.0, 2400.0], ""Vitamin A"": [700.0, 3000.0], ""Vitamin B-6"": [1.3, 100.0], ""Vitamin B-12"": [2.4, 10000.0], ""Vitamin C, total ascorbic acid"": [75.0, 2000.0], ""Vitamin D"": [600.0, 4000.0], ""Vitamin E (alpha-tocopherol)"": [15.0, 1000.0], ""Thiamin"": [1.1, 10000.0], ""Riboflavin"": [1.1, 10000.0], ""Niacin"": [14.0, 35.0], ""Pantothenic acid"": [5.0, 10000.0], ""Vitamin B-9 Folic acid"": [400.0, 1000.0], ""Vitamin B-7"": [30.0, 10000.0], ""Total lipid (fat)"": [40.0, 120.0]}"
NSGA-II,1,without_diversity,20,94.2,33.67,440.0,0.741825,0.741825,12,"[24, 86, 78, 67, 77, 18, 80]","[183, 150, 126, 209, 338, 372, 161, 252, 139, 266, 362, 251]","[24, 86, 78, 67, 77, 18, 80, 183, 150, 126, 209, 338, 372, 161, 252, 139, 266, 362, 251]","{""Calcium, Ca"": 753.0334799999999, ""Copper, Cu"": 2.2418922000000006, ""Iron, Fe"": 20.578152, ""Magnesium, Mg"": 399.41522, ""Manganese, Mn"": 5.972783199999999, ""Phosphorus, P"": 1532.97664, ""Sodium, Na"": 2608.4703, ""Potassium, K"": 6528.5622, ""Zinc, Zn"": 16.344523000000002, ""Carbohydrate, by difference"": 340.74802, ""Fiber, total dietary"": 39.50655199999999, ""Protein"": 88.397406, ""Energy"": 2700.86553, ""Vitamin A"": 1708.2617300000002, ""Vitamin B-6"": 3.2792439, ""Vitamin B-12"": 14.30979, ""Vitamin C, total ascorbic acid"": 754.8551479999999, ""Vitamin D"": 0.4588405, ""Vitamin E (alpha-tocopherol)"": 40.773, ""Thiamin"": 7.2329987, ""Riboflavin"": 4.3428985, ""Niacin"": 28.4864682, ""Pantothenic acid"": 32.762723, ""Vitamin B-9 Folic acid"": 599.64402, ""Vitamin B-7"": 14.607455999999997, ""Total lipid (fat)"": 137.7863602}","{""Calcium, Ca"": [1000.0, 2500.0], ""Copper, Cu"": [0.9, 10.0], ""Iron, Fe"": [18.0, 45.0], ""Magnesium, Mg"": [310.0, 660.0], ""Manganese, Mn"": [1.8, 11.0], ""Phosphorus, P"": [700.0, 4000.0], ""Sodium, Na"": [1500.0, 2300.0], ""Potassium, K"": [4700.0, 10000.0], ""Zinc, Zn"": [8.0, 40.0], ""Carbohydrate, by difference"": [170.0, 300.0], ""Fiber, total dietary"": [20.0, 9999.0], ""Protein"": [40.0, 100.0], ""Energy"": [2000.0, 2400.0], ""Vitamin A"": [700.0, 3000.0], ""Vitamin B-6"": [1.3, 100.0], ""Vitamin B-12"": [2.4, 10000.0], ""Vitamin C, total ascorbic acid"": [75.0, 2000.0], ""Vitamin D"": [600.0, 4000.0], ""Vitamin E (alpha-tocopherol)"": [15.0, 1000.0], ""Thiamin"": [1.1, 10000.0], ""Riboflavin"": [1.1, 10000.0], ""Niacin"": [14.0, 35.0], ""Pantothenic acid"": [5.0, 10000.0], ""Vitamin B-9 Folic acid"": [400.0, 1000.0], ""Vitamin B-7"": [30.0, 10000.0], ""Total lipid (fat)"": [40.0, 120.0]}"
NSGA-II,1,without_diversity,21,29.8,15.67,536.0,0.890857,0.890857,8,"[45, 17, 36, 30]","[193, 178, 376, 180, 147, 402, 266]","[45, 17, 36, 30, 193, 178, 376, 180, 147, 402, 266]","{""Calcium, Ca"": 519.57694, ""Copper, Cu"": 0.9470154000000001, ""Iron, Fe"": 11.652671, ""Magnesium, Mg"": 283.72132, ""Manganese, Mn"": 3.7586020999999996, ""Phosphorus, P"": 828.40604, ""Sodium, Na"": 1933.974, ""Potassium, K"": 4901.7892, ""Zinc, Zn"": 6.717447, ""Carbohydrate, by difference"": 215.99111, ""Fiber, total dietary"": 36.036342, ""Protein"": 39.333142, ""Energy"": 2185.3650300000004, ""Vitamin A"": 316.96495999999996, ""Vitamin B-6"": 3.1175879999999996, ""Vitamin B-12"": 16.06839, ""Vitamin C, total ascorbic acid"": 369.16601199999997, ""Vitamin D"": 0.1134426, ""Vitamin E (alpha-tocopherol)"": 47.34201, ""Thiamin"": 5.232791000000001, ""Riboflavin"": 3.0540217999999997, ""Niacin"": 10.8432902, ""Pantothenic acid"": 25.989369, ""Vitamin B-9 Folic acid"": 572.57101, ""Vitamin B-7"": 13.87787, ""Total lipid (fat)"": 137.9383602}","{""Calcium, Ca"": [1000.0, 2500.0], ""Copper, Cu"": [0.9, 10.0], ""Iron, Fe"": [18.0, 45.0], ""Magnesium, Mg"": [310.0, 660.0], ""Manganese, Mn"": [1.8, 11.0], ""Phosphorus, P"": [700.0, 4000.0], ""Sodium, Na"": [1500.0, 2300.0], ""Potassium, K"": [4700.0, 10000.0], ""Zinc, Zn"": [8.0, 40.0], ""Carbohydrate, by difference"": [170.0, 300.0], ""Fiber, total dietary"": [20.0, 9999.0], ""Protein"": [40.0, 100.0], ""Energy"": [2000.0, 2400.0], ""Vitamin A"": [700.0, 3000.0], ""Vitamin B-6"": [1.3, 100.0], ""Vitamin B-12"": [2.4, 10000.0], ""Vitamin C, total ascorbic acid"": [75.0, 2000.0], ""Vitamin D"": [600.0, 4000.0], ""Vitamin E (alpha-tocopherol)"": [15.0, 1000.0], ""Thiamin"": [1.1, 10000.0], ""Riboflavin"": [1.1, 10000.0], ""Niacin"": [14.0, 35.0], ""Pantothenic acid"": [5.0, 10000.0], ""Vitamin B-9 Folic acid"": [400.0, 1000.0], ""Vitamin B-7"": [30.0, 10000.0], ""Total lipid (fat)"": [40.0, 120.0]}"
NSGA-II,1,without_diversity,22,62.9,51.63,165.0,0.491994,0.491994,9,"[36, 67, 80, 1, 22, 28, 68]","[140, 257, 375, 251, 286, 264, 330, 336, 266]","[36, 67, 80, 1, 22, 28, 68, 140, 257, 375, 251, 286, 264, 330, 336, 266]","{""Calcium, Ca"": 1088.94237, ""Copper, Cu"": 2.1950757, ""Iron, Fe"": 23.440405999999996, ""Magnesium, Mg"": 427.20219999999995, ""Manganese, Mn"": 2.35138318, ""Phosphorus, P"": 1619.71944, ""Sodium, Na"": 1637.083, ""Potassium, K"": 7365.275000000001, ""Zinc, Zn"": 22.981416, ""Carbohydrate, by difference"": 286.518512, ""Fiber, total dietary"": 41.799446, ""Protein"": 108.74296199999999, ""Energy"": 2756.4578300000003, ""Vitamin A"": 2895.99187, ""Vitamin B-6"": 4.419618600000001, ""Vitamin B-12"": 28.898187, ""Vitamin C, total ascorbic acid"": 671.9431020000001, ""Vitamin D"": 0.17311569999999998, ""Vitamin E (alpha-tocopherol)"": 31.273613100000002, ""Thiamin"": 3.6092313, ""Riboflavin"": 5.159328800000001, ""Niacin"": 26.3248102, ""Pantothenic acid"": 154.228441, ""Vitamin B-9 Folic acid"": 497.50851, ""Vitamin B-7"": 10.621487000000002, ""Total lipid (fat)"": 134.9549902}","{""Calcium, Ca"": [1000.0, 2500.0], ""Copper, Cu"": [0.9, 10.0], ""Iron, Fe"": [18.0, 45.0], ""Magnesium, Mg"": [310.0, 660.0], ""Manganese, Mn"": [1.8, 11.0], ""Phosphorus, P"": [700.0, 4000.0], ""Sodium, Na"": [1500.0, 2300.0], ""Potassium, K"": [4700.0, 10000.0], ""Zinc, Zn"": [8.0, 40.0], ""Carbohydrate, by difference"": [170.0, 300.0], ""Fiber, total dietary"": [20.0, 9999.0], ""Protein"": [40.0, 100.0], ""Energy"": [2000.0, 2400.0], ""Vitamin A"": [700.0, 3000.0], ""Vitamin B-6"": [1.3, 100.0], ""Vitamin B-12"": [2.4, 10000.0], ""Vitamin C, total ascorbic acid"": [75.0, 2000.0], ""Vitamin D"": [600.0, 4000.0], ""Vitamin E (alpha-tocopherol)"": [15.0, 1000.0], ""Thiamin"": [1.1, 10000.0], ""Riboflavin"": [1.1, 10000.0], ""Niacin"": [14.0, 35.0], ""Pantothenic acid"": [5.0, 10000.0], ""Vitamin B-9 Folic acid"": [400.0, 1000.0], ""Vitamin B-7"": [30.0, 10000.0], ""Total lipid (fat)"": [40.0, 120.0]}"
NSGA-II,1,without_diversity,23,35.2,37.02,138.0,1.875864,1.875864,8,"[90, 11, 46]","[140, 221, 208, 251, 266]","[90, 11, 46, 140, 221, 208, 251, 266]","{""Calcium, Ca"": 312.19074, ""Copper, Cu"": 0.8507507, ""Iron, Fe"": 18.042231, ""Magnesium, Mg"": 174.97222000000002, ""Manganese, Mn"": 0.9410352, ""Phosphorus, P"": 901.9189399999999, ""Sodium, Na"": 1080.792, ""Potassium, K"": 3448.2092, ""Zinc, Zn"": 16.737267000000003, ""Carbohydrate, by difference"": 245.34894999999997, ""Fiber, total dietary"": 24.659135999999997, ""Protein"": 114.561102, ""Energy"": 2562.62703, ""Vitamin A"": 1470.249, ""Vitamin B-6"": 1.671503, ""Vitamin B-12"": 6.72112, ""Vitamin C, total ascorbic acid"": 291.3753019999999, ""Vitamin D"": 0.0366666, ""Vitamin E (alpha-tocopherol)"": 26.023139999999998, ""Thiamin"": 2.57339, ""Riboflavin"": 1.1298146000000002, ""Niacin"": 17.606165200000003, ""Pantothenic acid"": 3.472349, ""Vitamin B-9 Folic acid"": 146.12601, ""Vitamin B-7"": 4.30745, ""Total lipid (fat)"": 137.9077002}","{""Calcium, Ca"": [1000.0, 2500.0], ""Copper, Cu"": [0.9, 10.0], ""Iron, Fe"": [18.0, 45.0], ""Magnesium, Mg"": [310.0, 660.0], ""Manganese, Mn"": [1.8, 11.0], ""Phosphorus, P"": [700.0, 4000.0], ""Sodium, Na"": [1500.0, 2300.0], ""Potassium, K"": [4700.0, 10000.0], ""Zinc, Zn"": [8.0, 40.0], ""Carbohydrate, by difference"": [170.0, 300.0], ""Fiber, total dietary"": [20.0, 9999.0], ""Protein"": [40.0, 100.0], ""Energy"": [2000.0, 2400.0], ""Vitamin A"": [700.0, 3000.0], ""Vitamin B-6"": [1.3, 100.0], ""Vitamin B-12"": [2.4, 10000.0], ""Vitamin C, total ascorbic acid"": [75.0, 2000.0], ""Vitamin D"": [600.0, 4000.0], ""Vitamin E (alpha-tocopherol)"": [15.0, 1000.0], ""Thiamin"": [1.1, 10000.0], ""Riboflavin"": [1.1, 10000.0], ""Niacin"": [14.0, 35.0], ""Pantothenic acid"": [5.0, 10000.0], ""Vitamin B-9 Folic acid"": [400.0, 1000.0], ""Vitamin B-7"": [30.0, 10000.0], ""Total lipid (fat)"": [40.0, 120.0]}"
NSGA-II,1,without_diversity,24,53.8,30.34,203.0,1.039336,1.039336,8,"[90, 11, 46]","[221, 257, 129, 220, 208, 266, 336, 245]","[90, 11, 46, 221, 257, 129, 220, 208, 266, 336, 245]","{""Calcium, Ca"": 648.29364, ""Copper, Cu"": 1.1266797000000002, ""Iron, Fe"": 19.208460999999996, ""Magnesium, Mg"": 311.58002, ""Manganese, Mn"": 7.270501199999999, ""Phosphorus, P"": 899.8609399999999, ""Sodium, Na"": 1627.828, ""Potassium, K"": 3239.6722000000004, ""Zinc, Zn"": 13.389657000000001, ""Carbohydrate, by difference"": 333.48564, ""Fiber, total dietary"": 29.151305999999998, ""Protein"": 93.028402, ""Energy"": 2748.93103, ""Vitamin A"": 1474.08045, ""Vitamin B-6"": 2.505667, ""Vitamin B-12"": 0.926735, ""Vitamin C, total ascorbic acid"": 273.8444819999999, ""Vitamin D"": 0.0661393, ""Vitamin E (alpha-tocopherol)"": 41.77444, ""Thiamin"": 4.538269999999999, ""Riboflavin"": 0.7575716000000001, ""Niacin"": 8.5078852, ""Pantothenic acid"": 2.579535, ""Vitamin B-9 Folic acid"": 469.53650999999996, ""Vitamin B-7"": 14.912627, ""Total lipid (fat)"": 129.44470019999997}","{""Calcium, Ca"": [1000.0, 2500.0], ""Copper, Cu"": [0.9, 10.0], ""Iron, Fe"": [18.0, 45.0], ""Magnesium, Mg"": [310.0, 660.0], ""Manganese, Mn"": [1.8, 11.0], ""Phosphorus, P"": [700.0, 4000.0], ""Sodium, Na"": [1500.0, 2300.0], ""Potassium, K"": [4700.0, 10000.0], ""Zinc, Zn"": [8.0, 40.0], ""Carbohydrate, by difference"": [170.0, 300.0], ""Fiber, total dietary"": [20.0, 9999.0], ""Protein"": [40.0, 100.0], ""Energy"": [2000.0, 2400.0], ""Vitamin A"": [700.0, 3000.0], ""Vitamin B-6"": [1.3, 100.0], ""Vitamin B-12"": [2.4, 10000.0], ""Vitamin C, total ascorbic acid"": [75.0, 2000.0], ""Vitamin D"": [600.0, 4000.0], ""Vitamin E (alpha-tocopherol)"": [15.0, 1000.0], ""Thiamin"": [1.1, 10000.0], ""Riboflavin"": [1.1, 10000.0], ""Niacin"": [14.0, 35.0], ""Pantothenic acid"": [5.0, 10000.0], ""Vitamin B-9 Folic acid"": [400.0, 1000.0], ""Vitamin B-7"": [30.0, 10000.0], ""Total lipid (fat)"": [40.0, 120.0]}"
NSGA-II,1,without_diversity,25,86.0,44.08,735.0,0.750114,0.750114,13,"[13, 31, 18, 24, 92, 7, 70, 5]","[285, 307, 374, 296, 251, 401, 320, 175, 131, 284, 158, 266]","[13, 31, 18, 24, 92, 7, 70, 5, 285, 307, 374, 296, 251, 401, 320, 175, 131, 284, 158, 266]","{""Calcium, Ca"": 959.9764580000001, ""Copper, Cu"": 1.8417810000000001, ""Iron, Fe"": 16.6370399, ""Magnesium, Mg"": 346.85423999999995, ""Manganese, Mn"": 2.5043831000000005, ""Phosphorus, P"": 1705.3288528000003, ""Sodium, Na"": 2622.85402, ""Potassium, K"": 5640.193888000001, ""Zinc, Zn"": 10.0834726, ""Carbohydrate, by difference"": 295.01271099999997, ""Fiber, total dietary"": 35.9312366, ""Protein"": 110.6764508, ""Energy"": 2752.7094500000007, ""Vitamin A"": 460.62570000000005, ""Vitamin B-6"": 3.605197, ""Vitamin B-12"": 29.9898272, ""Vitamin C, total ascorbic acid"": 412.70170199999995, ""Vitamin D"": 0.2065772, ""Vitamin E (alpha-tocopherol)"": 76.68512, ""Thiamin"": 37.145166, ""Riboflavin"": 7.6514356, ""Niacin"": 31.898662200000004, ""Pantothenic acid"": 59.733188999999996, ""Vitamin B-9 Folic acid"": 480.33311, ""Vitamin B-7"": 31.553691999999998, ""Total lipid (fat)"": 136.2069102}","{""Calcium, Ca"": [1000.0, 2500.0], ""Copper, Cu"": [0.9, 10.0], ""Iron, Fe"": [18.0, 45.0], ""Magnesium, Mg"": [310.0, 660.0], ""Manganese, Mn"": [1.8, 11.0], ""Phosphorus, P"": [700.0, 4000.0], ""Sodium, Na"": [1500.0, 2300.0], ""Potassium, K"": [4700.0, 10000.0], ""Zinc, Zn"": [8.0, 40.0], ""Carbohydrate, by difference"": [170.0, 300.0], ""Fiber, total dietary"": [20.0, 9999.0], ""Protein"": [40.0, 100.0], ""Energy"": [2000.0, 2400.0], ""Vitamin A"": [700.0, 3000.0], ""Vitamin B-6"": [1.3, 100.0], ""Vitamin B-12"": [2.4, 10000.0], ""Vitamin C, total ascorbic acid"": [75.0, 2000.0], ""Vitamin D"": [600.0, 4000.0], ""Vitamin E (alpha-tocopherol)"": [15.0, 1000.0], ""Thiamin"": [1.1, 10000.0], ""Riboflavin"": [1.1, 10000.0], ""Niacin"": [14.0, 35.0], ""Pantothenic acid"": [5.0, 10000.0], ""Vitamin B-9 Folic acid"": [400.0, 1000.0], ""Vitamin B-7"": [30.0, 10000.0], ""Total lipid (fat)"": [40.0, 120.0]}"
NSGA-II,1,without_diversity,26,108.8,24.81,770.0,1.138491,1.138491,12,"[24, 86, 78, 67, 77, 18, 80]","[318, 302, 301, 107, 397, 282, 99, 401, 284, 319]","[24, 86, 78, 67, 77, 18, 80, 318, 302, 301, 107, 397, 282, 99, 401, 284, 319]","{""Calcium, Ca"": 395.37857800000006, ""Copper, Cu"": 2.0146553, ""Iron, Fe"": 14.2683043, ""Magnesium, Mg"": 383.86462, ""Manganese, Mn"": 3.9272617, ""Phosphorus, P"": 1176.8939128, ""Sodium, Na"": 2407.2771, ""Potassium, K"": 4939.836588, ""Zinc, Zn"": 7.847312, ""Carbohydrate, by difference"": 344.3202, ""Fiber, total dietary"": 33.96891599999999, ""Protein"": 76.7927433, ""Energy"": 2659.8914000000004, ""Vitamin A"": 611.237281, ""Vitamin B-6"": 3.2251281, ""Vitamin B-12"": 16.5465976, ""Vitamin C, total ascorbic acid"": 621.015294, ""Vitamin D"": 0.2551335, ""Vitamin E (alpha-tocopherol)"": 47.99523, ""Thiamin"": 9.1052733, ""Riboflavin"": 4.6891929999999995, ""Niacin"": 29.787861, ""Pantothenic acid"": 41.273472899999994, ""Vitamin B-9 Folic acid"": 225.64656, ""Vitamin B-7"": 95.63720899999998, ""Total lipid (fat)"": 137.31138}","{""Calcium, Ca"": [1000.0, 2500.0], ""Copper, Cu"": [0.9, 10.0], ""Iron, Fe"": [18.0, 45.0], ""Magnesium, Mg"": [310.0, 660.0], ""Manganese, Mn"": [1.8, 11.0], ""Phosphorus, P"": [700.0, 4000.0], ""Sodium, Na"": [1500.0, 2300.0], ""Potassium, K"": [4700.0, 10000.0], ""Zinc, Zn"": [8.0, 40.0], ""Carbohydrate, by difference"": [170.0, 300.0], ""Fiber, total dietary"": [20.0, 9999.0], ""Protein"": [40.0, 100.0], ""Energy"": [2000.0, 2400.0], ""Vitamin A"": [700.0, 3000.0], ""Vitamin B-6"": [1.3, 100.0], ""Vitamin B-12"": [2.4, 10000.0], ""Vitamin C, total ascorbic acid"": [75.0, 2000.0], ""Vitamin D"": [600.0, 4000.0], ""Vitamin E (alpha-tocopherol)"": [15.0, 1000.0], ""Thiamin"": [1.1, 10000.0], ""Riboflavin"": [1.1, 10000.0], ""Niacin"": [14.0, 35.0], ""Pantothenic acid"": [5.0, 10000.0], ""Vitamin B-9 Folic acid"": [400.0, 1000.0], ""Vitamin B-7"": [30.0, 10000.0], ""Total lipid (fat)"": [40.0, 120.0]}"
NSGA-II,1,without_diversity,27,19.5,22.3,375.0,0.633025,0.633025,8,"[47, 46, 1]","[247, 160, 151, 253, 375]","[47, 46, 1, 247, 160, 151, 253, 375]","{""Calcium, Ca"": 474.5844, ""Copper, Cu"": 1.4016565, ""Iron, Fe"": 17.144654000000003, ""Magnesium, Mg"": 306.60744, ""Manganese, Mn"": 2.8963654999999995, ""Phosphorus, P"": 1076.89318, ""Sodium, Na"": 1344.5249649999998, ""Potassium, K"": 5279.809899999999, ""Zinc, Zn"": 13.854316, ""Carbohydrate, by difference"": 221.53509999999997, ""Fiber, total dietary"": 35.48561, ""Protein"": 77.01027999999998, ""Energy"": 2341.8246, ""Vitamin A"": 599.76034, ""Vitamin B-6"": 2.4858257999999998, ""Vitamin B-12"": 24.570575, ""Vitamin C, total ascorbic acid"": 420.37116800000007, ""Vitamin D"": 0.1260096, ""Vitamin E (alpha-tocopherol)"": 59.09633, ""Thiamin"": 8.7557247, ""Riboflavin"": 4.1862555, ""Niacin"": 16.044399, ""Pantothenic acid"": 28.702702, ""Vitamin B-9 Folic acid"": 417.12363, ""Vitamin B-7"": 9.273957, ""Total lipid (fat)"": 137.96353000000002}","{""Calcium, Ca"": [1000.0, 2500.0], ""Copper, Cu"": [0.9, 10.0], ""Iron, Fe"": [18.0, 45.0], ""Magnesium, Mg"": [310.0, 660.0], ""Manganese, Mn"": [1.8, 11.0], ""Phosphorus, P"": [700.0, 4000.0], ""Sodium, Na"": [1500.0, 2300.0], ""Potassium, K"": [4700.0, 10000.0], ""Zinc, Zn"": [8.0, 40.0], ""Carbohydrate, by difference"": [170.0, 300.0], ""Fiber, total dietary"": [20.0, 9999.0], ""Protein"": [40.0, 100.0], ""Energy"": [2000.0, 2400.0], ""Vitamin A"": [700.0, 3000.0], ""Vitamin B-6"": [1.3, 100.0], ""Vitamin B-12"": [2.4, 10000.0], ""Vitamin C, total ascorbic acid"": [75.0, 2000.0], ""Vitamin D"": [600.0, 4000.0], ""Vitamin E (alpha-tocopherol)"": [15.0, 1000.0], ""Thiamin"": [1.1, 10000.0], ""Riboflavin"": [1.1, 10000.0], ""Niacin"": [14.0, 35.0], ""Pantothenic acid"": [5.0, 10000.0], ""Vitamin B-9 Folic acid"": [400.0, 1000.0], ""Vitamin B-7"": [30.0, 10000.0], ""Total lipid (fat)"": [40.0, 120.0]}"
NSGA-II,1,without_diversity,28,56.3,28.08,705.0,1.063419,1.063419,12,"[64, 42, 4]","[253, 141, 151, 197, 98, 272, 331, 357, 107, 251, 312]","[64, 42, 4, 253, 141, 151, 197, 98, 272, 331, 357, 107, 251, 312]","{""Calcium, Ca"": 361.9366, ""Copper, Cu"": 1.8208347, ""Iron, Fe"": 17.464655, ""Magnesium, Mg"": 366.77826000000005, ""Manganese, Mn"": 3.4043329, ""Phosphorus, P"": 1090.6295799999998, ""Sodium, Na"": 1572.9706649999998, ""Potassium, K"": 4590.52, ""Zinc, Zn"": 8.290424999999999, ""Carbohydrate, by difference"": 344.3064, ""Fiber, total dietary"": 42.70768, ""Protein"": 68.70875000000001, ""Energy"": 2736.5492, ""Vitamin A"": 543.27177, ""Vitamin B-6"": 2.1072205999999998, ""Vitamin B-12"": 4.072943499999999, ""Vitamin C, total ascorbic acid"": 237.179032, ""Vitamin D"": 0.28062089999999995, ""Vitamin E (alpha-tocopherol)"": 41.13613350000001, ""Thiamin"": 6.4865924, ""Riboflavin"": 2.0519077, ""Niacin"": 14.756592, ""Pantothenic acid"": 18.181002999999997, ""Vitamin B-9 Folic acid"": 260.50459, ""Vitamin B-7"": 10.681557, ""Total lipid (fat)"": 132.63649999999998}","{""Calcium, Ca"": [1000.0, 2500.0], ""Copper, Cu"": [0.9, 10.0], ""Iron, Fe"": [18.0, 45.0], ""Magnesium, Mg"": [310.0, 660.0], ""Manganese, Mn"": [1.8, 11.0], ""Phosphorus, P"": [700.0, 4000.0], ""Sodium, Na"": [1500.0, 2300.0], ""Potassium, K"": [4700.0, 10000.0], ""Zinc, Zn"": [8.0, 40.0], ""Carbohydrate, by difference"": [170.0, 300.0], ""Fiber, total dietary"": [20.0, 9999.0], ""Protein"": [40.0, 100.0], ""Energy"": [2000.0, 2400.0], ""Vitamin A"": [700.0, 3000.0], ""Vitamin B-6"": [1.3, 100.0], ""Vitamin B-12"": [2.4, 10000.0], ""Vitamin C, total ascorbic acid"": [75.0, 2000.0], ""Vitamin D"": [600.0, 4000.0], ""Vitamin E (alpha-tocopherol)"": [15.0, 1000.0], ""Thiamin"": [1.1, 10000.0], ""Riboflavin"": [1.1, 10000.0], ""Niacin"": [14.0, 35.0], ""Pantothenic acid"": [5.0, 10000.0], ""Vitamin B-9 Folic acid"": [400.0, 1000.0], ""Vitamin B-7"": [30.0, 10000.0], ""Total lipid (fat)"": [40.0, 120.0]}"
NSGA-II,1,without_diversity,29,80.2,34.91,630.0,0.77691,0.77691,12,"[20, 74, 47, 85, 76, 6]","[394, 338, 372, 161, 103, 255, 333, 264, 336]","[20, 74, 47, 85, 76, 6, 394, 338, 372, 161, 103, 255, 333, 264, 336]","{""Calcium, Ca"": 1200.4304, ""Copper, Cu"": 1.636822, ""Iron, Fe"": 23.907964999999997, ""Magnesium, Mg"": 508.0066, ""Manganese, Mn"": 6.0877885, ""Phosphorus, P"": 1619.6868000000002, ""Sodium, Na"": 2601.1893, ""Potassium, K"": 4165.6738000000005, ""Zinc, Zn"": 15.838403000000001, ""Carbohydrate, by difference"": 329.714711, ""Fiber, total dietary"": 44.33410000000001, ""Protein"": 94.93661999999999, ""Energy"": 2751.9426000000003, ""Vitamin A"": 336.6729399999999, ""Vitamin B-6"": 2.8602027999999997, ""Vitamin B-12"": 11.006825000000001, ""Vitamin C, total ascorbic acid"": 154.299688, ""Vitamin D"": 1.3523338999999999, ""Vitamin E (alpha-tocopherol)"": 44.30311, ""Thiamin"": 12.544279699999999, ""Riboflavin"": 3.7295299, ""Niacin"": 16.384355999999997, ""Pantothenic acid"": 22.771381, ""Vitamin B-9 Folic acid"": 612.80581, ""Vitamin B-7"": 20.836985, ""Total lipid (fat)"": 127.03775}","{""Calcium, Ca"": [1000.0, 2500.0], ""Copper, Cu"": [0.9, 10.0], ""Iron, Fe"": [18.0, 45.0], ""Magnesium, Mg"": [310.0, 660.0], ""Manganese, Mn"": [1.8, 11.0], ""Phosphorus, P"": [700.0, 4000.0], ""Sodium, Na"": [1500.0, 2300.0], ""Potassium, K"": [4700.0, 10000.0], ""Zinc, Zn"": [8.0, 40.0], ""Carbohydrate, by difference"": [170.0, 300.0], ""Fiber, total dietary"": [20.0, 9999.0], ""Protein"": [40.0, 100.0], ""Energy"": [2000.0, 2400.0], ""Vitamin A"": [700.0, 3000.0], ""Vitamin B-6"": [1.3, 100.0], ""Vitamin B-12"": [2.4, 10000.0], ""Vitamin C, total ascorbic acid"": [75.0, 2000.0], ""Vitamin D"": [600.0, 4000.0], ""Vitamin E (alpha-tocopherol)"": [15.0, 1000.0], ""Thiamin"": [1.1, 10000.0], ""Riboflavin"": [1.1, 10000.0], ""Niacin"": [14.0, 35.0], ""Pantothenic acid"": [5.0, 10000.0], ""Vitamin B-9 Folic acid"": [400.0, 1000.0], ""Vitamin B-7"": [30.0, 10000.0], ""Total lipid (fat)"": [40.0, 120.0]}"
NSGA-II,1,without_diversity,30,20.8,40.78,635.0,1.18066,1.18066,10,"[30, 43, 40]","[201, 215, 211, 181, 317, 138, 284, 160]","[30, 43, 40, 201, 215, 211, 181, 317, 138, 284, 160]","{""Calcium, Ca"": 577.6967380000001, ""Copper, Cu"": 1.7310785, ""Iron, Fe"": 18.072746300000002, ""Magnesium, Mg"": 287.82706, ""Manganese, Mn"": 2.2521750999999997, ""Phosphorus, P"": 1308.1743127999998, ""Sodium, Na"": 2545.3151, ""Potassium, K"": 3507.161988, ""Zinc, Zn"": 8.199000000000002, ""Carbohydrate, by difference"": 276.39313, ""Fiber, total dietary"": 7.018397, ""Protein"": 114.6573433, ""Energy"": 2604.0915, ""Vitamin A"": 87.57803999999999, ""Vitamin B-6"": 2.2542888000000003, ""Vitamin B-12"": 21.4792736, ""Vitamin C, total ascorbic acid"": 161.545784, ""Vitamin D"": 8.6262187, ""Vitamin E (alpha-tocopherol)"": 26.228232, ""Thiamin"": 4.4094586, ""Riboflavin"": 1.7765482, ""Niacin"": 22.018364000000002, ""Pantothenic acid"": 10.0627971, ""Vitamin B-9 Folic acid"": 283.35487, ""Vitamin B-7"": 22.880996, ""Total lipid (fat)"": 124.72197}","{""Calcium, Ca"": [1000.0, 2500.0], ""Copper, Cu"": [0.9, 10.0], ""Iron, Fe"": [18.0, 45.0], ""Magnesium, Mg"": [310.0, 660.0], ""Manganese, Mn"": [1.8, 11.0], ""Phosphorus, P"": [700.0, 4000.0], ""Sodium, Na"": [1500.0, 2300.0], ""Potassium, K"": [4700.0, 10000.0], ""Zinc, Zn"": [8.0, 40.0], ""Carbohydrate, by difference"": [170.0, 300.0], ""Fiber, total dietary"": [20.0, 9999.0], ""Protein"": [40.0, 100.0], ""Energy"": [2000.0, 2400.0], ""Vitamin A"": [700.0, 3000.0], ""Vitamin B-6"": [1.3, 100.0], ""Vitamin B-12"": [2.4, 10000.0], ""Vitamin C, total ascorbic acid"": [75.0, 2000.0], ""Vitamin D"": [600.0, 4000.0], ""Vitamin E (alpha-tocopherol)"": [15.0, 1000.0], ""Thiamin"": [1.1, 10000.0], ""Riboflavin"": [1.1, 10000.0], ""Niacin"": [14.0, 35.0], ""Pantothenic acid"": [5.0, 10000.0], ""Vitamin B-9 Folic acid"": [400.0, 1000.0], ""Vitamin B-7"": [30.0, 10000.0], ""Total lipid (fat)"": [40.0, 120.0]}"
NSGA-II,1,without_diversity,31,75.9,32.32,615.0,0.580288,0.580288,11,"[12, 35, 54, 64]","[381, 350, 227, 327, 405, 246, 152, 385, 286, 395, 266, 284]","[12, 35, 54, 64, 381, 350, 227, 327, 405, 246, 152, 385, 286, 395, 266, 284]","{""Calcium, Ca"": 1271.1426779999997, ""Copper, Cu"": 1.0384803, ""Iron, Fe"": 14.481049300000002, ""Magnesium, Mg"": 443.78358999999995, ""Manganese, Mn"": 1.9606122, ""Phosphorus, P"": 1603.9440528, ""Sodium, Na"": 2334.8731, ""Potassium, K"": 4620.281788, ""Zinc, Zn"": 10.564010999999999, ""Carbohydrate, by difference"": 280.00522, ""Fiber, total dietary"": 28.36775, ""Protein"": 114.93560529999999, ""Energy"": 2666.5999300000003, ""Vitamin A"": 892.7869900000001, ""Vitamin B-6"": 3.0156105, ""Vitamin B-12"": 12.457701, ""Vitamin C, total ascorbic acid"": 266.81206499999996, ""Vitamin D"": 0.28920799999999997, ""Vitamin E (alpha-tocopherol)"": 36.96426999999999, ""Thiamin"": 9.3608323, ""Riboflavin"": 3.1153098, ""Niacin"": 26.962618199999994, ""Pantothenic acid"": 18.301468, ""Vitamin B-9 Folic acid"": 366.74467000000004, ""Vitamin B-7"": 21.562288000000002, ""Total lipid (fat)"": 127.45650019999998}","{""Calcium, Ca"": [1000.0, 2500.0], ""Copper, Cu"": [0.9, 10.0], ""Iron, Fe"": [18.0, 45.0], ""Magnesium, Mg"": [310.0, 660.0], ""Manganese, Mn"": [1.8, 11.0], ""Phosphorus, P"": [700.0, 4000.0], ""Sodium, Na"": [1500.0, 2300.0], ""Potassium, K"": [4700.0, 10000.0], ""Zinc, Zn"": [8.0, 40.0], ""Carbohydrate, by difference"": [170.0, 300.0], ""Fiber, total dietary"": [20.0, 9999.0], ""Protein"": [40.0, 100.0], ""Energy"": [2000.0, 2400.0], ""Vitamin A"": [700.0, 3000.0], ""Vitamin B-6"": [1.3, 100.0], ""Vitamin B-12"": [2.4, 10000.0], ""Vitamin C, total ascorbic acid"": [75.0, 2000.0], ""Vitamin D"": [600.0, 4000.0], ""Vitamin E (alpha-tocopherol)"": [15.0, 1000.0], ""Thiamin"": [1.1, 10000.0], ""Riboflavin"": [1.1, 10000.0], ""Niacin"": [14.0, 35.0], ""Pantothenic acid"": [5.0, 10000.0], ""Vitamin B-9 Folic acid"": [400.0, 1000.0], ""Vitamin B-7"": [30.0, 10000.0], ""Total lipid (fat)"": [40.0, 120.0]}"
NSGA-II,1,without_diversity,32,42.2,23.95,434.0,1.161885,1.161885,10,"[45, 17, 36, 30]","[144, 124, 253, 265, 331, 362, 336, 266, 245]","[45, 17, 36, 30, 144, 124, 253, 265, 331, 362, 336, 266, 245]","{""Calcium, Ca"": 337.61654, ""Copper, Cu"": 1.8696602000000002, ""Iron, Fe"": 14.879107999999999, ""Magnesium, Mg"": 303.41516, ""Manganese, Mn"": 1.9402262, ""Phosphorus, P"": 1272.4857200000004, ""Sodium, Na"": 1680.1519649999998, ""Potassium, K"": 4597.7901, ""Zinc, Zn"": 19.297404000000004, ""Carbohydrate, by difference"": 295.60121000000004, ""Fiber, total dietary"": 15.643462, ""Protein"": 99.655512, ""Energy"": 2733.48263, ""Vitamin A"": 1224.23433, ""Vitamin B-6"": 2.8499117000000003, ""Vitamin B-12"": 15.713663, ""Vitamin C, total ascorbic acid"": 362.53991199999996, ""Vitamin D"": 0.0886213, ""Vitamin E (alpha-tocopherol)"": 19.247120000000002, ""Thiamin"": 3.785904, ""Riboflavin"": 3.2125218999999996, ""Niacin"": 21.702890200000006, ""Pantothenic acid"": 20.728626000000002, ""Vitamin B-9 Folic acid"": 135.81394, ""Vitamin B-7"": 6.997204, ""Total lipid (fat)"": 136.3815902}","{""Calcium, Ca"": [1000.0, 2500.0], ""Copper, Cu"": [0.9, 10.0], ""Iron, Fe"": [18.0, 45.0], ""Magnesium, Mg"": [310.0, 660.0], ""Manganese, Mn"": [1.8, 11.0], ""Phosphorus, P"": [700.0, 4000.0], ""Sodium, Na"": [1500.0, 2300.0], ""Potassium, K"": [4700.0, 10000.0], ""Zinc, Zn"": [8.0, 40.0], ""Carbohydrate, by difference"": [170.0, 300.0], ""Fiber, total dietary"": [20.0, 9999.0], ""Protein"": [40.0, 100.0], ""Energy"": [2000.0, 2400.0], ""Vitamin A"": [700.0, 3000.0], ""Vitamin B-6"": [1.3, 100.0], ""Vitamin B-12"": [2.4, 10000.0], ""Vitamin C, total ascorbic acid"": [75.0, 2000.0], ""Vitamin D"": [600.0, 4000.0], ""Vitamin E (alpha-tocopherol)"": [15.0, 1000.0], ""Thiamin"": [1.1, 10000.0], ""Riboflavin"": [1.1, 10000.0], ""Niacin"": [14.0, 35.0], ""Pantothenic acid"": [5.0, 10000.0], ""Vitamin B-9 Folic acid"": [400.0, 1000.0], ""Vitamin B-7"": [30.0, 10000.0], ""Total lipid (fat)"": [40.0, 120.0]}"
NSGA-II,1,without_diversity,33,30.8,15.96,525.0,0.798,0.798,8,"[65, 5, 68]","[187, 206, 127, 310, 186, 336]","[65, 5, 68, 187, 206, 127, 310, 186, 336]","{""Calcium, Ca"": 679.0210800000001, ""Copper, Cu"": 4.793172, ""Iron, Fe"": 14.4985996, ""Magnesium, Mg"": 314.22063, ""Manganese, Mn"": 4.764625100000001, ""Phosphorus, P"": 1480.915, ""Sodium, Na"": 1873.8957200000002, ""Potassium, K"": 3880.4455, ""Zinc, Zn"": 10.889212600000002, ""Carbohydrate, by difference"": 223.52228, ""Fiber, total dietary"": 36.193445600000004, ""Protein"": 60.9040755, ""Energy"": 2756.9095, ""Vitamin A"": 641.4237400000001, ""Vitamin B-6"": 2.541013, ""Vitamin B-12"": 7.908208999999999, ""Vitamin C, total ascorbic acid"": 42.609944, ""Vitamin D"": 3.1649193999999996, ""Vitamin E (alpha-tocopherol)"": 30.5831, ""Thiamin"": 4.2092149999999995, ""Riboflavin"": 3.9977489999999998, ""Niacin"": 22.003001, ""Pantothenic acid"": 25.652155999999998, ""Vitamin B-9 Folic acid"": 453.488, ""Vitamin B-7"": 75.49287199999999, ""Total lipid (fat)"": 127.73978}","{""Calcium, Ca"": [1000.0, 2500.0], ""Copper, Cu"": [0.9, 10.0], ""Iron, Fe"": [18.0, 45.0], ""Magnesium, Mg"": [310.0, 660.0], ""Manganese, Mn"": [1.8, 11.0], ""Phosphorus, P"": [700.0, 4000.0], ""Sodium, Na"": [1500.0, 2300.0], ""Potassium, K"": [4700.0, 10000.0], ""Zinc, Zn"": [8.0, 40.0], ""Carbohydrate, by difference"": [170.0, 300.0], ""Fiber, total dietary"": [20.0, 9999.0], ""Protein"": [40.0, 100.0], ""Energy"": [2000.0, 2400.0], ""Vitamin A"": [700.0, 3000.0], ""Vitamin B-6"": [1.3, 100.0], ""Vitamin B-12"": [2.4, 10000.0], ""Vitamin C, total ascorbic acid"": [75.0, 2000.0], ""Vitamin D"": [600.0, 4000.0], ""Vitamin E (alpha-tocopherol)"": [15.0, 1000.0], ""Thiamin"": [1.1, 10000.0], ""Riboflavin"": [1.1, 10000.0], ""Niacin"": [14.0, 35.0], ""Pantothenic acid"": [5.0, 10000.0], ""Vitamin B-9 Folic acid"": [400.0, 1000.0], ""Vitamin B-7"": [30.0, 10000.0], ""Total lipid (fat)"": [40.0, 120.0]}"
NSGA-II,1,without_diversity,34,34.6,36.3,905.0,0.821332,0.821332,10,"[53, 88, 1, 68]","[180, 149, 330, 207, 102, 113, 284, 160]","[53, 88, 1, 68, 180, 149, 330, 207, 102, 113, 284, 160]","{""Calcium, Ca"": 719.775638, ""Copper, Cu"": 1.4168471000000002, ""Iron, Fe"": 12.3608023, ""Magnesium, Mg"": 316.07755, ""Manganese, Mn"": 1.625155, ""Phosphorus, P"": 1349.7910795, ""Sodium, Na"": 1770.38844, ""Potassium, K"": 5133.386188, ""Zinc, Zn"": 9.352473500000002, ""Carbohydrate, by difference"": 290.03644, ""Fiber, total dietary"": 41.295856, ""Protein"": 106.38285330000001, ""Energy"": 2679.7907000000005, ""Vitamin A"": 1411.4331, ""Vitamin B-6"": 4.583449999999999, ""Vitamin B-12"": 27.29868, ""Vitamin C, total ascorbic acid"": 488.28706800000003, ""Vitamin D"": 0.3679717, ""Vitamin E (alpha-tocopherol)"": 48.24721800000001, ""Thiamin"": 14.8706628, ""Riboflavin"": 4.5352576000000004, ""Niacin"": 35.490041, ""Pantothenic acid"": 153.739251, ""Vitamin B-9 Folic acid"": 322.39115, ""Vitamin B-7"": 16.753650999999998, ""Total lipid (fat)"": 137.96547799999996}","{""Calcium, Ca"": [1000.0, 2500.0], ""Copper, Cu"": [0.9, 10.0], ""Iron, Fe"": [18.0, 45.0], ""Magnesium, Mg"": [310.0, 660.0], ""Manganese, Mn"": [1.8, 11.0], ""Phosphorus, P"": [700.0, 4000.0], ""Sodium, Na"": [1500.0, 2300.0], ""Potassium, K"": [4700.0, 10000.0], ""Zinc, Zn"": [8.0, 40.0], ""Carbohydrate, by difference"": [170.0, 300.0], ""Fiber, total dietary"": [20.0, 9999.0], ""Protein"": [40.0, 100.0], ""Energy"": [2000.0, 2400.0], ""Vitamin A"": [700.0, 3000.0], ""Vitamin B-6"": [1.3, 100.0], ""Vitamin B-12"": [2.4, 10000.0], ""Vitamin C, total ascorbic acid"": [75.0, 2000.0], ""Vitamin D"": [600.0, 4000.0], ""Vitamin E (alpha-tocopherol)"": [15.0, 1000.0], ""Thiamin"": [1.1, 10000.0], ""Riboflavin"": [1.1, 10000.0], ""Niacin"": [14.0, 35.0], ""Pantothenic acid"": [5.0, 10000.0], ""Vitamin B-9 Folic acid"": [400.0, 1000.0], ""Vitamin B-7"": [30.0, 10000.0], ""Total lipid (fat)"": [40.0, 120.0]}"
NSGA-II,1,without_diversity,35,79.1,39.32,550.0,0.517489,0.517489,12,"[36, 12, 35, 54, 29, 70, 93]","[216, 280, 349, 250, 342, 307, 361, 252, 161, 195, 312, 286, 245, 336, 266]","[36, 12, 35, 54, 29, 70, 93, 216, 280, 349, 250, 342, 307, 361, 252, 161, 195, 312, 286, 245, 336, 266]","{""Calcium, Ca"": 1269.5686399999997, ""Copper, Cu"": 1.7015818, ""Iron, Fe"": 19.617625999999994, ""Magnesium, Mg"": 427.99176, ""Manganese, Mn"": 2.3785731000000006, ""Phosphorus, P"": 1510.1434399999998, ""Sodium, Na"": 2541.4808000000003, ""Potassium, K"": 7175.7652, ""Zinc, Zn"": 14.605819000000004, ""Carbohydrate, by difference"": 299.41967000000005, ""Fiber, total dietary"": 47.82299900000001, ""Protein"": 86.094562, ""Energy"": 2717.3732300000006, ""Vitamin A"": 1774.2575199999997, ""Vitamin B-6"": 3.1876460000000004, ""Vitamin B-12"": 8.392659499999999, ""Vitamin C, total ascorbic acid"": 455.44151199999993, ""Vitamin D"": 0.4810789, ""Vitamin E (alpha-tocopherol)"": 28.338653500000003, ""Thiamin"": 9.283015699999998, ""Riboflavin"": 3.4950889, ""Niacin"": 20.043781199999998, ""Pantothenic acid"": 23.226513, ""Vitamin B-9 Folic acid"": 395.53971, ""Vitamin B-7"": 17.206145, ""Total lipid (fat)"": 135.83245020000004}","{""Calcium, Ca"": [1000.0, 2500.0], ""Copper, Cu"": [0.9, 10.0], ""Iron, Fe"": [18.0, 45.0], ""Magnesium, Mg"": [310.0, 660.0], ""Manganese, Mn"": [1.8, 11.0], ""Phosphorus, P"": [700.0, 4000.0], ""Sodium, Na"": [1500.0, 2300.0], ""Potassium, K"": [4700.0, 10000.0], ""Zinc, Zn"": [8.0, 40.0], ""Carbohydrate, by difference"": [170.0, 300.0], ""Fiber, total dietary"": [20.0, 9999.0], ""Protein"": [40.0, 100.0], ""Energy"": [2000.0, 2400.0], ""Vitamin A"": [700.0, 3000.0], ""Vitamin B-6"": [1.3, 100.0], ""Vitamin B-12"": [2.4, 10000.0], ""Vitamin C, total ascorbic acid"": [75.0, 2000.0], ""Vitamin D"": [600.0, 4000.0], ""Vitamin E (alpha-tocopherol)"": [15.0, 1000.0], ""Thiamin"": [1.1, 10000.0], ""Riboflavin"": [1.1, 10000.0], ""Niacin"": [14.0, 35.0], ""Pantothenic acid"": [5.0, 10000.0], ""Vitamin B-9 Folic acid"": [400.0, 1000.0], ""Vitamin B-7"": [30.0, 10000.0], ""Total lipid (fat)"": [40.0, 120.0]}"
NSGA-II,1,without_diversity,36,83.7,31.51,780.0,0.983032,0.983032,12,"[57, 6, 81]","[285, 307, 374, 296, 327, 401, 276, 320, 246, 385, 284, 158, 376, 113]","[57, 6, 81, 285, 307, 374, 296, 327, 401, 276, 320, 246, 385, 284, 158, 376, 113]","{""Calcium, Ca"": 788.5124380000001, ""Copper, Cu"": 1.7170669000000003, ""Iron, Fe"": 13.896427300000001, ""Magnesium, Mg"": 321.21367, ""Manganese, Mn"": 1.5678665999999999, ""Phosphorus, P"": 1356.0434795000003, ""Sodium, Na"": 2574.11244, ""Potassium, K"": 4255.529788, ""Zinc, Zn"": 8.972734500000001, ""Carbohydrate, by difference"": 324.71571, ""Fiber, total dietary"": 43.823387, ""Protein"": 107.8576033, ""Energy"": 2758.9064000000003, ""Vitamin A"": 1129.7453, ""Vitamin B-6"": 3.2628078000000005, ""Vitamin B-12"": 18.256587600000003, ""Vitamin C, total ascorbic acid"": 178.48104800000002, ""Vitamin D"": 0.9301553, ""Vitamin E (alpha-tocopherol)"": 62.09383, ""Thiamin"": 41.0011428, ""Riboflavin"": 4.6656399, ""Niacin"": 28.486179999999997, ""Pantothenic acid"": 34.110721000000005, ""Vitamin B-9 Folic acid"": 309.21867, ""Vitamin B-7"": 25.392514, ""Total lipid (fat)"": 120.99022800000002}","{""Calcium, Ca"": [1000.0, 2500.0], ""Copper, Cu"": [0.9, 10.0], ""Iron, Fe"": [18.0, 45.0], ""Magnesium, Mg"": [310.0, 660.0], ""Manganese, Mn"": [1.8, 11.0], ""Phosphorus, P"": [700.0, 4000.0], ""Sodium, Na"": [1500.0, 2300.0], ""Potassium, K"": [4700.0, 10000.0], ""Zinc, Zn"": [8.0, 40.0], ""Carbohydrate, by difference"": [170.0, 300.0], ""Fiber, total dietary"": [20.0, 9999.0], ""Protein"": [40.0, 100.0], ""Energy"": [2000.0, 2400.0], ""Vitamin A"": [700.0, 3000.0], ""Vitamin B-6"": [1.3, 100.0], ""Vitamin B-12"": [2.4, 10000.0], ""Vitamin C, total ascorbic acid"": [75.0, 2000.0], ""Vitamin D"": [600.0, 4000.0], ""Vitamin E (alpha-tocopherol)"": [15.0, 1000.0], ""Thiamin"": [1.1, 10000.0], ""Riboflavin"": [1.1, 10000.0], ""Niacin"": [14.0, 35.0], ""Pantothenic acid"": [5.0, 10000.0], ""Vitamin B-9 Folic acid"": [400.0, 1000.0], ""Vitamin B-7"": [30.0, 10000.0], ""Total lipid (fat)"": [40.0, 120.0]}"
NSGA-II,1,without_diversity,37,58.5,31.23,820.0,0.783981,0.783981,14,"[76, 17, 18, 43, 8, 36, 19]","[390, 381, 242, 275, 253, 265, 98, 282, 127, 185, 361, 284]","[76, 17, 18, 43, 8, 36, 19, 390, 381, 242, 275, 253, 265, 98, 282, 127, 185, 361, 284]","{""Calcium, Ca"": 1141.992438, ""Copper, Cu"": 1.9721948999999999, ""Iron, Fe"": 15.582066299999997, ""Magnesium, Mg"": 418.49509, ""Manganese, Mn"": 5.3117605, ""Phosphorus, P"": 1661.6823928, ""Sodium, Na"": 2632.015065, ""Potassium, K"": 5827.817588, ""Zinc, Zn"": 12.512382999999998, ""Carbohydrate, by difference"": 326.81751099999997, ""Fiber, total dietary"": 30.980934, ""Protein"": 73.46813329999999, ""Energy"": 2753.1934, ""Vitamin A"": 402.64085000000006, ""Vitamin B-6"": 3.2565708000000004, ""Vitamin B-12"": 13.540590400000001, ""Vitamin C, total ascorbic acid"": 560.094021, ""Vitamin D"": 0.5584747999999999, ""Vitamin E (alpha-tocopherol)"": 41.40845000000001, ""Thiamin"": 17.191369, ""Riboflavin"": 4.1946292, ""Niacin"": 14.558805000000003, ""Pantothenic acid"": 27.19607, ""Vitamin B-9 Folic acid"": 399.39143, ""Vitamin B-7"": 25.702116, ""Total lipid (fat)"": 134.68793}","{""Calcium, Ca"": [1000.0, 2500.0], ""Copper, Cu"": [0.9, 10.0], ""Iron, Fe"": [18.0, 45.0], ""Magnesium, Mg"": [310.0, 660.0], ""Manganese, Mn"": [1.8, 11.0], ""Phosphorus, P"": [700.0, 4000.0], ""Sodium, Na"": [1500.0, 2300.0], ""Potassium, K"": [4700.0, 10000.0], ""Zinc, Zn"": [8.0, 40.0], ""Carbohydrate, by difference"": [170.0, 300.0], ""Fiber, total dietary"": [20.0, 9999.0], ""Protein"": [40.0, 100.0], ""Energy"": [2000.0, 2400.0], ""Vitamin A"": [700.0, 3000.0], ""Vitamin B-6"": [1.3, 100.0], ""Vitamin B-12"": [2.4, 10000.0], ""Vitamin C, total ascorbic acid"": [75.0, 2000.0], ""Vitamin D"": [600.0, 4000.0], ""Vitamin E (alpha-tocopherol)"": [15.0, 1000.0], ""Thiamin"": [1.1, 10000.0], ""Riboflavin"": [1.1, 10000.0], ""Niacin"": [14.0, 35.0], ""Pantothenic acid"": [5.0, 10000.0], ""Vitamin B-9 Folic acid"": [400.0, 1000.0], ""Vitamin B-7"": [30.0, 10000.0], ""Total lipid (fat)"": [40.0, 120.0]}"
NSGA-II,1,without_diversity,38,98.2,35.33,315.0,0.933393,0.933393,12,"[24, 86, 78, 67, 77, 18, 80]","[150, 126, 209, 223, 234, 252, 139, 266, 286, 251, 336]","[24, 86, 78, 67, 77, 18, 80, 150, 126, 209, 223, 234, 252, 139, 266, 286, 251, 336]","{""Calcium, Ca"": 625.80728, ""Copper, Cu"": 1.6709264000000004, ""Iron, Fe"": 15.796446000000001, ""Magnesium, Mg"": 289.57172, ""Manganese, Mn"": 2.5812086000000005, ""Phosphorus, P"": 1085.44944, ""Sodium, Na"": 2128.8993, ""Potassium, K"": 5187.2652, ""Zinc, Zn"": 11.806854000000001, ""Carbohydrate, by difference"": 342.91371999999996, ""Fiber, total dietary"": 28.397878000000002, ""Protein"": 86.85123599999999, ""Energy"": 2739.4897300000002, ""Vitamin A"": 1384.05007, ""Vitamin B-6"": 2.0770211, ""Vitamin B-12"": 14.057455, ""Vitamin C, total ascorbic acid"": 678.737482, ""Vitamin D"": 0.3932699, ""Vitamin E (alpha-tocopherol)"": 25.267169999999997, ""Thiamin"": 6.862533, ""Riboflavin"": 3.9584686, ""Niacin"": 22.301866200000003, ""Pantothenic acid"": 30.493193, ""Vitamin B-9 Folic acid"": 300.66601, ""Vitamin B-7"": 9.183495, ""Total lipid (fat)"": 137.6893402}","{""Calcium, Ca"": [1000.0, 2500.0], ""Copper, Cu"": [0.9, 10.0], ""Iron, Fe"": [18.0, 45.0], ""Magnesium, Mg"": [310.0, 660.0], ""Manganese, Mn"": [1.8, 11.0], ""Phosphorus, P"": [700.0, 4000.0], ""Sodium, Na"": [1500.0, 2300.0], ""Potassium, K"": [4700.0, 10000.0], ""Zinc, Zn"": [8.0, 40.0], ""Carbohydrate, by difference"": [170.0, 300.0], ""Fiber, total dietary"": [20.0, 9999.0], ""Protein"": [40.0, 100.0], ""Energy"": [2000.0, 2400.0], ""Vitamin A"": [700.0, 3000.0], ""Vitamin B-6"": [1.3, 100.0], ""Vitamin B-12"": [2.4, 10000.0], ""Vitamin C, total ascorbic acid"": [75.0, 2000.0], ""Vitamin D"": [600.0, 4000.0], ""Vitamin E (alpha-tocopherol)"": [15.0, 1000.0], ""Thiamin"": [1.1, 10000.0], ""Riboflavin"": [1.1, 10000.0], ""Niacin"": [14.0, 35.0], ""Pantothenic acid"": [5.0, 10000.0], ""Vitamin B-9 Folic acid"": [400.0, 1000.0], ""Vitamin B-7"": [30.0, 10000.0], ""Total lipid (fat)"": [40.0, 120.0]}"
NSGA-II,1,without_diversity,39,46.7,38.56,798.0,1.044249,1.044249,9,"[67, 18, 50, 80]","[177, 273, 103, 201, 372, 271, 163, 194, 151, 284, 336]","[67, 18, 50, 80, 177, 273, 103, 201, 372, 271, 163, 194, 151, 284, 336]","{""Calcium, Ca"": 513.871438, ""Copper, Cu"": 1.1619257, ""Iron, Fe"": 14.5293103, ""Magnesium, Mg"": 318.8865, ""Manganese, Mn"": 4.7365662, ""Phosphorus, P"": 1358.1905127999999, ""Sodium, Na"": 2626.0478, ""Potassium, K"": 4135.729687999999, ""Zinc, Zn"": 8.919268, ""Carbohydrate, by difference"": 342.01718999999997, ""Fiber, total dietary"": 30.640339, ""Protein"": 103.85530329999999, ""Energy"": 2644.5682000000006, ""Vitamin A"": 922.70423, ""Vitamin B-6"": 3.1175818000000004, ""Vitamin B-12"": 13.914014400000001, ""Vitamin C, total ascorbic acid"": 326.218261, ""Vitamin D"": 0.1464953, ""Vitamin E (alpha-tocopherol)"": 46.2866, ""Thiamin"": 12.4413637, ""Riboflavin"": 3.0785649, ""Niacin"": 21.994633999999998, ""Pantothenic acid"": 21.221603799999997, ""Vitamin B-9 Folic acid"": 340.54573000000005, ""Vitamin B-7"": 31.629546000000005, ""Total lipid (fat)"": 130.15624}","{""Calcium, Ca"": [1000.0, 2500.0], ""Copper, Cu"": [0.9, 10.0], ""Iron, Fe"": [18.0, 45.0], ""Magnesium, Mg"": [310.0, 660.0], ""Manganese, Mn"": [1.8, 11.0], ""Phosphorus, P"": [700.0, 4000.0], ""Sodium, Na"": [1500.0, 2300.0], ""Potassium, K"": [4700.0, 10000.0], ""Zinc, Zn"": [8.0, 40.0], ""Carbohydrate, by difference"": [170.0, 300.0], ""Fiber, total dietary"": [20.0, 9999.0], ""Protein"": [40.0, 100.0], ""Energy"": [2000.0, 2400.0], ""Vitamin A"": [700.0, 3000.0], ""Vitamin B-6"": [1.3, 100.0], ""Vitamin B-12"": [2.4, 10000.0], ""Vitamin C, total ascorbic acid"": [75.0, 2000.0], ""Vitamin D"": [600.0, 4000.0], ""Vitamin E (alpha-tocopherol)"": [15.0, 1000.0], ""Thiamin"": [1.1, 10000.0], ""Riboflavin"": [1.1, 10000.0], ""Niacin"": [14.0, 35.0], ""Pantothenic acid"": [5.0, 10000.0], ""Vitamin B-9 Folic acid"": [400.0, 1000.0], ""Vitamin B-7"": [30.0, 10000.0], ""Total lipid (fat)"": [40.0, 120.0]}"
NSGA-II,1,without_diversity,40,92.0,36.86,735.0,0.841142,0.841142,14,"[28, 87, 68, 82, 20, 81, 94]","[374, 329, 145, 404, 381, 350, 327, 246, 152, 385, 264, 284]","[28, 87, 68, 82, 20, 81, 94, 374, 329, 145, 404, 381, 350, 327, 246, 152, 385, 264, 284]","{""Calcium, Ca"": 1088.231508, ""Copper, Cu"": 1.4699647999999998, ""Iron, Fe"": 18.3663283, ""Magnesium, Mg"": 428.68414999999993, ""Manganese, Mn"": 2.6270518800000002, ""Phosphorus, P"": 1706.6334128, ""Sodium, Na"": 2611.1257699999996, ""Potassium, K"": 4112.254088, ""Zinc, Zn"": 17.4813829, ""Carbohydrate, by difference"": 313.988912, ""Fiber, total dietary"": 27.0940869, ""Protein"": 111.02219930000001, ""Energy"": 2731.1532, ""Vitamin A"": 813.1778099999999, ""Vitamin B-6"": 2.4950911, ""Vitamin B-12"": 20.9974872, ""Vitamin C, total ascorbic acid"": 130.697252, ""Vitamin D"": 0.3995482, ""Vitamin E (alpha-tocopherol)"": 38.4557531, ""Thiamin"": 14.5894118, ""Riboflavin"": 4.895517100000001, ""Niacin"": 17.461243999999997, ""Pantothenic acid"": 30.134256000000004, ""Vitamin B-9 Folic acid"": 261.21835, ""Vitamin B-7"": 17.898449999999997, ""Total lipid (fat)"": 126.63364999999999}","{""Calcium, Ca"": [1000.0, 2500.0], ""Copper, Cu"": [0.9, 10.0], ""Iron, Fe"": [18.0, 45.0], ""Magnesium, Mg"": [310.0, 660.0], ""Manganese, Mn"": [1.8, 11.0], ""Phosphorus, P"": [700.0, 4000.0], ""Sodium, Na"": [1500.0, 2300.0], ""Potassium, K"": [4700.0, 10000.0], ""Zinc, Zn"": [8.0, 40.0], ""Carbohydrate, by difference"": [170.0, 300.0], ""Fiber, total dietary"": [20.0, 9999.0], ""Protein"": [40.0, 100.0], ""Energy"": [2000.0, 2400.0], ""Vitamin A"": [700.0, 3000.0], ""Vitamin B-6"": [1.3, 100.0], ""Vitamin B-12"": [2.4, 10000.0], ""Vitamin C, total ascorbic acid"": [75.0, 2000.0], ""Vitamin D"": [600.0, 4000.0], ""Vitamin E (alpha-tocopherol)"": [15.0, 1000.0], ""Thiamin"": [1.1, 10000.0], ""Riboflavin"": [1.1, 10000.0], ""Niacin"": [14.0, 35.0], ""Pantothenic acid"": [5.0, 10000.0], ""Vitamin B-9 Folic acid"": [400.0, 1000.0], ""Vitamin B-7"": [30.0, 10000.0], ""Total lipid (fat)"": [40.0, 120.0]}"
NSGA-II,1,without_diversity,41,98.2,35.33,315.0,0.933393,0.933393,12,"[24, 86, 78, 67, 77, 18, 80]","[150, 126, 209, 223, 234, 252, 139, 266, 286, 251, 336]","[24, 86, 78, 67, 77, 18, 80, 150, 126, 209, 223, 234, 252, 139, 266, 286, 251, 336]","{""Calcium, Ca"": 625.80728, ""Copper, Cu"": 1.6709264000000004, ""Iron, Fe"": 15.796446000000001, ""Magnesium, Mg"": 289.57172, ""Manganese, Mn"": 2.5812086000000005, ""Phosphorus, P"": 1085.44944, ""Sodium, Na"": 2128.8993, ""Potassium, K"": 5187.2652, ""Zinc, Zn"": 11.806854000000001, ""Carbohydrate, by difference"": 342.91371999999996, ""Fiber, total dietary"": 28.397878000000002, ""Protein"": 86.85123599999999, ""Energy"": 2739.4897300000002, ""Vitamin A"": 1384.05007, ""Vitamin B-6"": 2.0770211, ""Vitamin B-12"": 14.057455, ""Vitamin C, total ascorbic acid"": 678.737482, ""Vitamin D"": 0.3932699, ""Vitamin E (alpha-tocopherol)"": 25.267169999999997, ""Thiamin"": 6.862533, ""Riboflavin"": 3.9584686, ""Niacin"": 22.301866200000003, ""Pantothenic acid"": 30.493193, ""Vitamin B-9 Folic acid"": 300.66601, ""Vitamin B-7"": 9.183495, ""Total lipid (fat)"": 137.6893402}","{""Calcium, Ca"": [1000.0, 2500.0], ""Copper, Cu"": [0.9, 10.0], ""Iron, Fe"": [18.0, 45.0], ""Magnesium, Mg"": [310.0, 660.0], ""Manganese, Mn"": [1.8, 11.0], ""Phosphorus, P"": [700.0, 4000.0], ""Sodium, Na"": [1500.0, 2300.0], ""Potassium, K"": [4700.0, 10000.0], ""Zinc, Zn"": [8.0, 40.0], ""Carbohydrate, by difference"": [170.0, 300.0], ""Fiber, total dietary"": [20.0, 9999.0], ""Protein"": [40.0, 100.0], ""Energy"": [2000.0, 2400.0], ""Vitamin A"": [700.0, 3000.0], ""Vitamin B-6"": [1.3, 100.0], ""Vitamin B-12"": [2.4, 10000.0], ""Vitamin C, total ascorbic acid"": [75.0, 2000.0], ""Vitamin D"": [600.0, 4000.0], ""Vitamin E (alpha-tocopherol)"": [15.0, 1000.0], ""Thiamin"": [1.1, 10000.0], ""Riboflavin"": [1.1, 10000.0], ""Niacin"": [14.0, 35.0], ""Pantothenic acid"": [5.0, 10000.0], ""Vitamin B-9 Folic acid"": [400.0, 1000.0], ""Vitamin B-7"": [30.0, 10000.0], ""Total lipid (fat)"": [40.0, 120.0]}"
NSGA-II,1,without_diversity,42,33.9,27.12,499.0,0.712343,0.712343,11,"[53, 54, 52, 81, 28, 45]","[330, 142, 172, 361, 190, 265, 284]","[53, 54, 52, 81, 28, 45, 330, 142, 172, 361, 190, 265, 284]","{""Calcium, Ca"": 978.446568, ""Copper, Cu"": 2.4855045, ""Iron, Fe"": 17.426427300000004, ""Magnesium, Mg"": 424.15503, ""Manganese, Mn"": 2.91277198, ""Phosphorus, P"": 1472.2176127999999, ""Sodium, Na"": 2193.2611, ""Potassium, K"": 6183.696988, ""Zinc, Zn"": 14.720782999999999, ""Carbohydrate, by difference"": 327.365732, ""Fiber, total dietary"": 48.59312, ""Protein"": 103.7801533, ""Energy"": 2756.231, ""Vitamin A"": 1772.66297, ""Vitamin B-6"": 4.7896938, ""Vitamin B-12"": 11.037202, ""Vitamin C, total ascorbic acid"": 611.024398, ""Vitamin D"": 0.6197893, ""Vitamin E (alpha-tocopherol)"": 34.3395711, ""Thiamin"": 5.683601299999999, ""Riboflavin"": 2.6615561, ""Niacin"": 24.445619999999998, ""Pantothenic acid"": 227.19409400000004, ""Vitamin B-9 Folic acid"": 254.30104, ""Vitamin B-7"": 11.900927000000001, ""Total lipid (fat)"": 131.60905999999997}","{""Calcium, Ca"": [1000.0, 2500.0], ""Copper, Cu"": [0.9, 10.0], ""Iron, Fe"": [18.0, 45.0], ""Magnesium, Mg"": [310.0, 660.0], ""Manganese, Mn"": [1.8, 11.0], ""Phosphorus, P"": [700.0, 4000.0], ""Sodium, Na"": [1500.0, 2300.0], ""Potassium, K"": [4700.0, 10000.0], ""Zinc, Zn"": [8.0, 40.0], ""Carbohydrate, by difference"": [170.0, 300.0], ""Fiber, total dietary"": [20.0, 9999.0], ""Protein"": [40.0, 100.0], ""Energy"": [2000.0, 2400.0], ""Vitamin A"": [700.0, 3000.0], ""Vitamin B-6"": [1.3, 100.0], ""Vitamin B-12"": [2.4, 10000.0], ""Vitamin C, total ascorbic acid"": [75.0, 2000.0], ""Vitamin D"": [600.0, 4000.0], ""Vitamin E (alpha-tocopherol)"": [15.0, 1000.0], ""Thiamin"": [1.1, 10000.0], ""Riboflavin"": [1.1, 10000.0], ""Niacin"": [14.0, 35.0], ""Pantothenic acid"": [5.0, 10000.0], ""Vitamin B-9 Folic acid"": [400.0, 1000.0], ""Vitamin B-7"": [30.0, 10000.0], ""Total lipid (fat)"": [40.0, 120.0]}"
NSGA-II,1,without_diversity,43,34.1,19.92,237.0,0.72839,0.72839,9,"[84, 75, 92, 15, 94, 67]","[156, 194, 362, 311, 147]","[84, 75, 92, 15, 94, 67, 156, 194, 362, 311, 147]","{""Calcium, Ca"": 512.7561000000001, ""Copper, Cu"": 1.3885581, ""Iron, Fe"": 19.61063, ""Magnesium, Mg"": 299.1451, ""Manganese, Mn"": 2.21454, ""Phosphorus, P"": 1449.8301999999999, ""Sodium, Na"": 1860.923, ""Potassium, K"": 6462.619, ""Zinc, Zn"": 17.975996, ""Carbohydrate, by difference"": 304.695991, ""Fiber, total dietary"": 34.738929999999996, ""Protein"": 104.25206, ""Energy"": 2754.6231199999997, ""Vitamin A"": 1059.72132, ""Vitamin B-6"": 5.313767, ""Vitamin B-12"": 8.02903, ""Vitamin C, total ascorbic acid"": 358.9679, ""Vitamin D"": 0.4440167, ""Vitamin E (alpha-tocopherol)"": 37.962180000000004, ""Thiamin"": 7.445796, ""Riboflavin"": 2.0951822, ""Niacin"": 25.048582, ""Pantothenic acid"": 14.739535, ""Vitamin B-9 Folic acid"": 415.7475, ""Vitamin B-7"": 22.3429, ""Total lipid (fat)"": 135.26911}","{""Calcium, Ca"": [1000.0, 2500.0], ""Copper, Cu"": [0.9, 10.0], ""Iron, Fe"": [18.0, 45.0], ""Magnesium, Mg"": [310.0, 660.0], ""Manganese, Mn"": [1.8, 11.0], ""Phosphorus, P"": [700.0, 4000.0], ""Sodium, Na"": [1500.0, 2300.0], ""Potassium, K"": [4700.0, 10000.0], ""Zinc, Zn"": [8.0, 40.0], ""Carbohydrate, by difference"": [170.0, 300.0], ""Fiber, total dietary"": [20.0, 9999.0], ""Protein"": [40.0, 100.0], ""Energy"": [2000.0, 2400.0], ""Vitamin A"": [700.0, 3000.0], ""Vitamin B-6"": [1.3, 100.0], ""Vitamin B-12"": [2.4, 10000.0], ""Vitamin C, total ascorbic acid"": [75.0, 2000.0], ""Vitamin D"": [600.0, 4000.0], ""Vitamin E (alpha-tocopherol)"": [15.0, 1000.0], ""Thiamin"": [1.1, 10000.0], ""Riboflavin"": [1.1, 10000.0], ""Niacin"": [14.0, 35.0], ""Pantothenic acid"": [5.0, 10000.0], ""Vitamin B-9 Folic acid"": [400.0, 1000.0], ""Vitamin B-7"": [30.0, 10000.0], ""Total lipid (fat)"": [40.0, 120.0]}"
NSGA-II,1,without_diversity,44,46.3,43.31,75.0,1.21294,1.21294,9,"[50, 15, 36, 67]","[140, 221, 208, 375, 251, 245, 336, 266, 139]","[50, 15, 36, 67, 140, 221, 208, 375, 251, 245, 336, 266, 139]","{""Calcium, Ca"": 389.79074, ""Copper, Cu"": 1.7140842, ""Iron, Fe"": 19.198400999999993, ""Magnesium, Mg"": 259.17562, ""Manganese, Mn"": 2.1710362000000005, ""Phosphorus, P"": 1176.59904, ""Sodium, Na"": 1656.126, ""Potassium, K"": 5134.860200000001, ""Zinc, Zn"": 17.755601000000002, ""Carbohydrate, by difference"": 339.78065000000004, ""Fiber, total dietary"": 34.059146, ""Protein"": 105.42780199999999, ""Energy"": 2727.89403, ""Vitamin A"": 1932.0, ""Vitamin B-6"": 2.2631700000000006, ""Vitamin B-12"": 6.72112, ""Vitamin C, total ascorbic acid"": 466.69930199999993, ""Vitamin D"": 0.0, ""Vitamin E (alpha-tocopherol)"": 12.45154, ""Thiamin"": 1.3700599999999998, ""Riboflavin"": 1.3388147000000001, ""Niacin"": 22.519500200000007, ""Pantothenic acid"": 5.57235, ""Vitamin B-9 Folic acid"": 169.96951, ""Vitamin B-7"": 11.187449999999998, ""Total lipid (fat)"": 137.76940019999998}","{""Calcium, Ca"": [1000.0, 2500.0], ""Copper, Cu"": [0.9, 10.0], ""Iron, Fe"": [18.0, 45.0], ""Magnesium, Mg"": [310.0, 660.0], ""Manganese, Mn"": [1.8, 11.0], ""Phosphorus, P"": [700.0, 4000.0], ""Sodium, Na"": [1500.0, 2300.0], ""Potassium, K"": [4700.0, 10000.0], ""Zinc, Zn"": [8.0, 40.0], ""Carbohydrate, by difference"": [170.0, 300.0], ""Fiber, total dietary"": [20.0, 9999.0], ""Protein"": [40.0, 100.0], ""Energy"": [2000.0, 2400.0], ""Vitamin A"": [700.0, 3000.0], ""Vitamin B-6"": [1.3, 100.0], ""Vitamin B-12"": [2.4, 10000.0], ""Vitamin C, total ascorbic acid"": [75.0, 2000.0], ""Vitamin D"": [600.0, 4000.0], ""Vitamin E (alpha-tocopherol)"": [15.0, 1000.0], ""Thiamin"": [1.1, 10000.0], ""Riboflavin"": [1.1, 10000.0], ""Niacin"": [14.0, 35.0], ""Pantothenic acid"": [5.0, 10000.0], ""Vitamin B-9 Folic acid"": [400.0, 1000.0], ""Vitamin B-7"": [30.0, 10000.0], ""Total lipid (fat)"": [40.0, 120.0]}"
NSGA-II,1,without_diversity,45,48.1,29.26,344.0,0.622631,0.622631,10,"[45, 17, 36, 12, 35, 54, 52]","[334, 157, 286, 376, 245, 367, 161, 266, 336]","[45, 17, 36, 12, 35, 54, 52, 334, 157, 286, 376, 245, 367, 161, 266, 336]","{""Calcium, Ca"": 953.36064, ""Copper, Cu"": 1.3377502, ""Iron, Fe"": 16.651410999999996, ""Magnesium, Mg"": 278.08761999999996, ""Manganese, Mn"": 1.3651512, ""Phosphorus, P"": 1140.9352400000002, ""Sodium, Na"": 1968.3652000000002, ""Potassium, K"": 4410.1592, ""Zinc, Zn"": 16.502430999999998, ""Carbohydrate, by difference"": 212.33114999999998, ""Fiber, total dietary"": 27.013351999999998, ""Protein"": 91.280562, ""Energy"": 2411.78263, ""Vitamin A"": 1376.1294599999999, ""Vitamin B-6"": 1.971657, ""Vitamin B-12"": 14.142430000000001, ""Vitamin C, total ascorbic acid"": 221.063742, ""Vitamin D"": 0.084828, ""Vitamin E (alpha-tocopherol)"": 25.57268, ""Thiamin"": 7.803929999999999, ""Riboflavin"": 2.9062747, ""Niacin"": 19.3505302, ""Pantothenic acid"": 18.04973, ""Vitamin B-9 Folic acid"": 203.15881000000002, ""Vitamin B-7"": 5.96576, ""Total lipid (fat)"": 137.8735802}","{""Calcium, Ca"": [1000.0, 2500.0], ""Copper, Cu"": [0.9, 10.0], ""Iron, Fe"": [18.0, 45.0], ""Magnesium, Mg"": [310.0, 660.0], ""Manganese, Mn"": [1.8, 11.0], ""Phosphorus, P"": [700.0, 4000.0], ""Sodium, Na"": [1500.0, 2300.0], ""Potassium, K"": [4700.0, 10000.0], ""Zinc, Zn"": [8.0, 40.0], ""Carbohydrate, by difference"": [170.0, 300.0], ""Fiber, total dietary"": [20.0, 9999.0], ""Protein"": [40.0, 100.0], ""Energy"": [2000.0, 2400.0], ""Vitamin A"": [700.0, 3000.0], ""Vitamin B-6"": [1.3, 100.0], ""Vitamin B-12"": [2.4, 10000.0], ""Vitamin C, total ascorbic acid"": [75.0, 2000.0], ""Vitamin D"": [600.0, 4000.0], ""Vitamin E (alpha-tocopherol)"": [15.0, 1000.0], ""Thiamin"": [1.1, 10000.0], ""Riboflavin"": [1.1, 10000.0], ""Niacin"": [14.0, 35.0], ""Pantothenic acid"": [5.0, 10000.0], ""Vitamin B-9 Folic acid"": [400.0, 1000.0], ""Vitamin B-7"": [30.0, 10000.0], ""Total lipid (fat)"": [40.0, 120.0]}"
NSGA-II,1,without_diversity,46,27.9,31.61,460.0,0.70584,0.70584,13,"[54, 84, 82, 35, 13, 7, 50]","[123, 269, 155, 201, 215, 334, 284, 266, 336]","[54, 84, 82, 35, 13, 7, 50, 123, 269, 155, 201, 215, 334, 284, 266, 336]","{""Calcium, Ca"": 671.1998179999999, ""Copper, Cu"": 1.2524779, ""Iron, Fe"": 17.7655893, ""Magnesium, Mg"": 323.86996999999997, ""Manganese, Mn"": 1.6517482, ""Phosphorus, P"": 1325.9799528, ""Sodium, Na"": 2229.29297, ""Potassium, K"": 4726.473187999999, ""Zinc, Zn"": 5.917346, ""Carbohydrate, by difference"": 344.35382999999996, ""Fiber, total dietary"": 43.35401290000001, ""Protein"": 108.20668129999999, ""Energy"": 2484.532330000001, ""Vitamin A"": 1054.21002, ""Vitamin B-6"": 2.0847298000000003, ""Vitamin B-12"": 9.426094599999999, ""Vitamin C, total ascorbic acid"": 123.03585000000001, ""Vitamin D"": 0.22703600000000002, ""Vitamin E (alpha-tocopherol)"": 34.41192, ""Thiamin"": 1.3092526000000002, ""Riboflavin"": 2.8521079999999994, ""Niacin"": 21.296331200000004, ""Pantothenic acid"": 80.28289300000002, ""Vitamin B-9 Folic acid"": 263.59676, ""Vitamin B-7"": 28.90505, ""Total lipid (fat)"": 113.3101202}","{""Calcium, Ca"": [1000.0, 2500.0], ""Copper, Cu"": [0.9, 10.0], ""Iron, Fe"": [18.0, 45.0], ""Magnesium, Mg"": [310.0, 660.0], ""Manganese, Mn"": [1.8, 11.0], ""Phosphorus, P"": [700.0, 4000.0], ""Sodium, Na"": [1500.0, 2300.0], ""Potassium, K"": [4700.0, 10000.0], ""Zinc, Zn"": [8.0, 40.0], ""Carbohydrate, by difference"": [170.0, 300.0], ""Fiber, total dietary"": [20.0, 9999.0], ""Protein"": [40.0, 100.0], ""Energy"": [2000.0, 2400.0], ""Vitamin A"": [700.0, 3000.0], ""Vitamin B-6"": [1.3, 100.0], ""Vitamin B-12"": [2.4, 10000.0], ""Vitamin C, total ascorbic acid"": [75.0, 2000.0], ""Vitamin D"": [600.0, 4000.0], ""Vitamin E (alpha-tocopherol)"": [15.0, 1000.0], ""Thiamin"": [1.1, 10000.0], ""Riboflavin"": [1.1, 10000.0], ""Niacin"": [14.0, 35.0], ""Pantothenic acid"": [5.0, 10000.0], ""Vitamin B-9 Folic acid"": [400.0, 1000.0], ""Vitamin B-7"": [30.0, 10000.0], ""Total lipid (fat)"": [40.0, 120.0]}"
NSGA-II,1,without_diversity,47,70.5,40.89,367.0,1.174688,1.174688,14,"[62, 92, 24, 89, 29, 23, 77, 14]","[227, 327, 152, 264, 330, 358, 376, 334, 138]","[62, 92, 24, 89, 29, 23, 77, 14, 227, 327, 152, 264, 330, 358, 376, 334, 138]","{""Calcium, Ca"": 1129.7877999999998, ""Copper, Cu"": 1.284032, ""Iron, Fe"": 10.630922, ""Magnesium, Mg"": 269.10242, ""Manganese, Mn"": 1.3194880000000002, ""Phosphorus, P"": 1335.3182, ""Sodium, Na"": 2587.8916, ""Potassium, K"": 3630.9386000000004, ""Zinc, Zn"": 9.669322, ""Carbohydrate, by difference"": 341.85320099999996, ""Fiber, total dietary"": 24.709728, ""Protein"": 107.90655, ""Energy"": 2686.24872, ""Vitamin A"": 1459.4639100000002, ""Vitamin B-6"": 3.822328, ""Vitamin B-12"": 27.394759999999998, ""Vitamin C, total ascorbic acid"": 334.18980000000005, ""Vitamin D"": 9.613084, ""Vitamin E (alpha-tocopherol)"": 28.37798, ""Thiamin"": 4.201092, ""Riboflavin"": 3.2584619999999997, ""Niacin"": 25.688319999999997, ""Pantothenic acid"": 147.152518, ""Vitamin B-9 Folic acid"": 281.36866000000003, ""Vitamin B-7"": 17.20717, ""Total lipid (fat)"": 121.19226}","{""Calcium, Ca"": [1000.0, 2500.0], ""Copper, Cu"": [0.9, 10.0], ""Iron, Fe"": [18.0, 45.0], ""Magnesium, Mg"": [310.0, 660.0], ""Manganese, Mn"": [1.8, 11.0], ""Phosphorus, P"": [700.0, 4000.0], ""Sodium, Na"": [1500.0, 2300.0], ""Potassium, K"": [4700.0, 10000.0], ""Zinc, Zn"": [8.0, 40.0], ""Carbohydrate, by difference"": [170.0, 300.0], ""Fiber, total dietary"": [20.0, 9999.0], ""Protein"": [40.0, 100.0], ""Energy"": [2000.0, 2400.0], ""Vitamin A"": [700.0, 3000.0], ""Vitamin B-6"": [1.3, 100.0], ""Vitamin B-12"": [2.4, 10000.0], ""Vitamin C, total ascorbic acid"": [75.0, 2000.0], ""Vitamin D"": [600.0, 4000.0], ""Vitamin E (alpha-tocopherol)"": [15.0, 1000.0], ""Thiamin"": [1.1, 10000.0], ""Riboflavin"": [1.1, 10000.0], ""Niacin"": [14.0, 35.0], ""Pantothenic acid"": [5.0, 10000.0], ""Vitamin B-9 Folic acid"": [400.0, 1000.0], ""Vitamin B-7"": [30.0, 10000.0], ""Total lipid (fat)"": [40.0, 120.0]}"
NSGA-II,1,without_diversity,48,37.2,30.42,513.0,1.621519,1.621519,8,"[50, 80, 7, 53]","[103, 255, 333, 336, 228, 284]","[50, 80, 7, 53, 103, 255, 333, 336, 228, 284]","{""Calcium, Ca"": 346.252538, ""Copper, Cu"": 0.934777, ""Iron, Fe"": 12.934882299999998, ""Magnesium, Mg"": 176.59975, ""Manganese, Mn"": 1.8143969999999998, ""Phosphorus, P"": 1125.6574128, ""Sodium, Na"": 1743.1567, ""Potassium, K"": 2073.935388, ""Zinc, Zn"": 10.940482, ""Carbohydrate, by difference"": 344.829224, ""Fiber, total dietary"": 35.970142, ""Protein"": 108.3110233, ""Energy"": 2335.9312, ""Vitamin A"": 511.03722000000005, ""Vitamin B-6"": 1.9624382, ""Vitamin B-12"": 6.4730799999999995, ""Vitamin C, total ascorbic acid"": 41.97070800000001, ""Vitamin D"": 0.5189921, ""Vitamin E (alpha-tocopherol)"": 17.265258, ""Thiamin"": 6.893512, ""Riboflavin"": 1.060108, ""Niacin"": 31.263890000000004, ""Pantothenic acid"": 3.882046, ""Vitamin B-9 Folic acid"": 200.95304, ""Vitamin B-7"": 12.53694, ""Total lipid (fat)"": 99.44309}","{""Calcium, Ca"": [1000.0, 2500.0], ""Copper, Cu"": [0.9, 10.0], ""Iron, Fe"": [18.0, 45.0], ""Magnesium, Mg"": [310.0, 660.0], ""Manganese, Mn"": [1.8, 11.0], ""Phosphorus, P"": [700.0, 4000.0], ""Sodium, Na"": [1500.0, 2300.0], ""Potassium, K"": [4700.0, 10000.0], ""Zinc, Zn"": [8.0, 40.0], ""Carbohydrate, by difference"": [170.0, 300.0], ""Fiber, total dietary"": [20.0, 9999.0], ""Protein"": [40.0, 100.0], ""Energy"": [2000.0, 2400.0], ""Vitamin A"": [700.0, 3000.0], ""Vitamin B-6"": [1.3, 100.0], ""Vitamin B-12"": [2.4, 10000.0], ""Vitamin C, total ascorbic acid"": [75.0, 2000.0], ""Vitamin D"": [600.0, 4000.0], ""Vitamin E (alpha-tocopherol)"": [15.0, 1000.0], ""Thiamin"": [1.1, 10000.0], ""Riboflavin"": [1.1, 10000.0], ""Niacin"": [14.0, 35.0], ""Pantothenic acid"": [5.0, 10000.0], ""Vitamin B-9 Folic acid"": [400.0, 1000.0], ""Vitamin B-7"": [30.0, 10000.0], ""Total lipid (fat)"": [40.0, 120.0]}"
NSGA-II,1,without_diversity,49,50.2,21.35,334.0,0.890039,0.890039,7,"[86, 67, 18, 54, 52, 17]","[156, 283, 277, 163, 266]","[86, 67, 18, 54, 52, 17, 156, 283, 277, 163, 266]","{""Calcium, Ca"": 728.69868, ""Copper, Cu"": 1.5308983, ""Iron, Fe"": 15.330352, ""Magnesium, Mg"": 260.20212000000004, ""Manganese, Mn"": 1.7355972, ""Phosphorus, P"": 1287.42664, ""Sodium, Na"": 1918.516, ""Potassium, K"": 4646.9852, ""Zinc, Zn"": 20.384642999999997, ""Carbohydrate, by difference"": 211.58011999999997, ""Fiber, total dietary"": 16.212052, ""Protein"": 110.62626599999999, ""Energy"": 2481.19453, ""Vitamin A"": 811.0761368000001, ""Vitamin B-6"": 2.9343580000000005, ""Vitamin B-12"": 16.853925, ""Vitamin C, total ascorbic acid"": 313.19187199999993, ""Vitamin D"": 0.5740139, ""Vitamin E (alpha-tocopherol)"": 20.728109999999997, ""Thiamin"": 8.419153, ""Riboflavin"": 3.5857346999999997, ""Niacin"": 23.024389199999998, ""Pantothenic acid"": 24.745990000000003, ""Vitamin B-9 Folic acid"": 162.99916, ""Vitamin B-7"": 12.882803000000001, ""Total lipid (fat)"": 137.95022020000002}","{""Calcium, Ca"": [1000.0, 2500.0], ""Copper, Cu"": [0.9, 10.0], ""Iron, Fe"": [18.0, 45.0], ""Magnesium, Mg"": [310.0, 660.0], ""Manganese, Mn"": [1.8, 11.0], ""Phosphorus, P"": [700.0, 4000.0], ""Sodium, Na"": [1500.0, 2300.0], ""Potassium, K"": [4700.0, 10000.0], ""Zinc, Zn"": [8.0, 40.0], ""Carbohydrate, by difference"": [170.0, 300.0], ""Fiber, total dietary"": [20.0, 9999.0], ""Protein"": [40.0, 100.0], ""Energy"": [2000.0, 2400.0], ""Vitamin A"": [700.0, 3000.0], ""Vitamin B-6"": [1.3, 100.0], ""Vitamin B-12"": [2.4, 10000.0], ""Vitamin C, total ascorbic acid"": [75.0, 2000.0], ""Vitamin D"": [600.0, 4000.0], ""Vitamin E (alpha-tocopherol)"": [15.0, 1000.0], ""Thiamin"": [1.1, 10000.0], ""Riboflavin"": [1.1, 10000.0], ""Niacin"": [14.0, 35.0], ""Pantothenic acid"": [5.0, 10000.0], ""Vitamin B-9 Folic acid"": [400.0, 1000.0], ""Vitamin B-7"": [30.0, 10000.0], ""Total lipid (fat)"": [40.0, 120.0]}"
NSGA-II,1,without_diversity,50,77.0,25.56,785.0,1.378604,1.378604,11,"[89, 76, 67, 64, 90]","[375, 397, 211, 282, 99, 350, 155, 185, 374, 336, 284, 319, 266, 334]","[89, 76, 67, 64, 90, 375, 397, 211, 282, 99, 350, 155, 185, 374, 336, 284, 319, 266, 334]","{""Calcium, Ca"": 479.53427800000003, ""Copper, Cu"": 1.7712660999999996, ""Iron, Fe"": 14.081930300000002, ""Magnesium, Mg"": 275.19124, ""Manganese, Mn"": 2.3903087999999997, ""Phosphorus, P"": 926.1854528, ""Sodium, Na"": 2388.705, ""Potassium, K"": 3888.7918879999993, ""Zinc, Zn"": 5.73547, ""Carbohydrate, by difference"": 343.27313100000003, ""Fiber, total dietary"": 27.552602000000007, ""Protein"": 80.09573130000001, ""Energy"": 2678.174930000001, ""Vitamin A"": 524.270221, ""Vitamin B-6"": 2.3114955000000004, ""Vitamin B-12"": 4.1221322, ""Vitamin C, total ascorbic acid"": 452.925913, ""Vitamin D"": 0.1419963, ""Vitamin E (alpha-tocopherol)"": 43.62552000000001, ""Thiamin"": 11.1384503, ""Riboflavin"": 2.0276804, ""Niacin"": 21.332089200000002, ""Pantothenic acid"": 19.119045899999996, ""Vitamin B-9 Folic acid"": 195.4891, ""Vitamin B-7"": 84.58805999999998, ""Total lipid (fat)"": 133.4691702}","{""Calcium, Ca"": [1000.0, 2500.0], ""Copper, Cu"": [0.9, 10.0], ""Iron, Fe"": [18.0, 45.0], ""Magnesium, Mg"": [310.0, 660.0], ""Manganese, Mn"": [1.8, 11.0], ""Phosphorus, P"": [700.0, 4000.0], ""Sodium, Na"": [1500.0, 2300.0], ""Potassium, K"": [4700.0, 10000.0], ""Zinc, Zn"": [8.0, 40.0], ""Carbohydrate, by difference"": [170.0, 300.0], ""Fiber, total dietary"": [20.0, 9999.0], ""Protein"": [40.0, 100.0], ""Energy"": [2000.0, 2400.0], ""Vitamin A"": [700.0, 3000.0], ""Vitamin B-6"": [1.3, 100.0], ""Vitamin B-12"": [2.4, 10000.0], ""Vitamin C, total ascorbic acid"": [75.0, 2000.0], ""Vitamin D"": [600.0, 4000.0], ""Vitamin E (alpha-tocopherol)"": [15.0, 1000.0], ""Thiamin"": [1.1, 10000.0], ""Riboflavin"": [1.1, 10000.0], ""Niacin"": [14.0, 35.0], ""Pantothenic acid"": [5.0, 10000.0], ""Vitamin B-9 Folic acid"": [400.0, 1000.0], ""Vitamin B-7"": [30.0, 10000.0], ""Total lipid (fat)"": [40.0, 120.0]}"
SPEA2,2,with_diversity,1,146.6,31.92,445.0,0.468641,0.468641,11,"[35, 70, 42, 74, 22, 36, 44, 55, 13, 90]","[265, 155, 372, 317, 163, 182, 379, 251]","[35, 70, 42, 74, 22, 36, 44, 55, 13, 90, 265, 155, 372, 317, 163, 182, 379, 251]","{""Calcium, Ca"": 984.8226000000001, ""Copper, Cu"": 1.7545491, ""Iron, Fe"": 20.403845999999998, ""Magnesium, Mg"": 499.24364, ""Manganese, Mn"": 8.00988, ""Phosphorus, P"": 1414.8523, ""Sodium, Na"": 2643.9738, ""Potassium, K"": 5394.4036, ""Zinc, Zn"": 13.835923, ""Carbohydrate, by difference"": 323.86587, ""Fiber, total dietary"": 23.754350000000002, ""Protein"": 66.25420000000001, ""Energy"": 2519.1122, ""Vitamin A"": 1780.1194099999998, ""Vitamin B-6"": 3.8845901, ""Vitamin B-12"": 26.295375000000003, ""Vitamin C, total ascorbic acid"": 459.702021, ""Vitamin D"": 9.223183100000002, ""Vitamin E (alpha-tocopherol)"": 46.15849, ""Thiamin"": 7.5278, ""Riboflavin"": 3.6314593, ""Niacin"": 13.326266999999998, ""Pantothenic acid"": 28.410206000000002, ""Vitamin B-9 Folic acid"": 495.39775000000003, ""Vitamin B-7"": 31.306863, ""Total lipid (fat)"": 131.75211}","{""Calcium, Ca"": [1000.0, 2500.0], ""Copper, Cu"": [0.9, 10.0], ""Iron, Fe"": [18.0, 45.0], ""Magnesium, Mg"": [310.0, 660.0], ""Manganese, Mn"": [1.8, 11.0], ""Phosphorus, P"": [700.0, 4000.0], ""Sodium, Na"": [1500.0, 2300.0], ""Potassium, K"": [4700.0, 10000.0], ""Zinc, Zn"": [8.0, 40.0], ""Carbohydrate, by difference"": [170.0, 300.0], ""Fiber, total dietary"": [20.0, 9999.0], ""Protein"": [40.0, 100.0], ""Energy"": [2000.0, 2400.0], ""Vitamin A"": [700.0, 3000.0], ""Vitamin B-6"": [1.3, 100.0], ""Vitamin B-12"": [2.4, 10000.0], ""Vitamin C, total ascorbic acid"": [75.0, 2000.0], ""Vitamin D"": [600.0, 4000.0], ""Vitamin E (alpha-tocopherol)"": [15.0, 1000.0], ""Thiamin"": [1.1, 10000.0], ""Riboflavin"": [1.1, 10000.0], ""Niacin"": [14.0, 35.0], ""Pantothenic acid"": [5.0, 10000.0], ""Vitamin B-9 Folic acid"": [400.0, 1000.0], ""Vitamin B-7"": [30.0, 10000.0], ""Total lipid (fat)"": [40.0, 120.0]}"
SPEA2,2,with_diversity,2,115.3,26.13,355.0,0.686764,0.686764,11,"[51, 84, 3, 8, 52, 91, 54]","[309, 302, 166, 331, 297, 336, 250, 139, 266, 245]","[51, 84, 3, 8, 52, 91, 54, 309, 302, 166, 331, 297, 336, 250, 139, 266, 245]","{""Calcium, Ca"": 833.13639, ""Copper, Cu"": 1.7595050000000003, ""Iron, Fe"": 18.733322799999996, ""Magnesium, Mg"": 515.3868600000001, ""Manganese, Mn"": 3.8387302000000005, ""Phosphorus, P"": 1086.0137399999999, ""Sodium, Na"": 2579.0138, ""Potassium, K"": 7183.2922, ""Zinc, Zn"": 14.976787000000002, ""Carbohydrate, by difference"": 311.51889, ""Fiber, total dietary"": 49.652892, ""Protein"": 89.93233199999997, ""Energy"": 2734.43503, ""Vitamin A"": 750.18021, ""Vitamin B-6"": 4.20372, ""Vitamin B-12"": 19.12815, ""Vitamin C, total ascorbic acid"": 549.867102, ""Vitamin D"": 0.0278387, ""Vitamin E (alpha-tocopherol)"": 37.5899, ""Thiamin"": 4.181683, ""Riboflavin"": 4.2790547000000005, ""Niacin"": 20.473675200000006, ""Pantothenic acid"": 33.289820000000006, ""Vitamin B-9 Folic acid"": 366.46421, ""Vitamin B-7"": 18.987170000000003, ""Total lipid (fat)"": 136.9157602}","{""Calcium, Ca"": [1000.0, 2500.0], ""Copper, Cu"": [0.9, 10.0], ""Iron, Fe"": [18.0, 45.0], ""Magnesium, Mg"": [310.0, 660.0], ""Manganese, Mn"": [1.8, 11.0], ""Phosphorus, P"": [700.0, 4000.0], ""Sodium, Na"": [1500.0, 2300.0], ""Potassium, K"": [4700.0, 10000.0], ""Zinc, Zn"": [8.0, 40.0], ""Carbohydrate, by difference"": [170.0, 300.0], ""Fiber, total dietary"": [20.0, 9999.0], ""Protein"": [40.0, 100.0], ""Energy"": [2000.0, 2400.0], ""Vitamin A"": [700.0, 3000.0], ""Vitamin B-6"": [1.3, 100.0], ""Vitamin B-12"": [2.4, 10000.0], ""Vitamin C, total ascorbic acid"": [75.0, 2000.0], ""Vitamin D"": [600.0, 4000.0], ""Vitamin E (alpha-tocopherol)"": [15.0, 1000.0], ""Thiamin"": [1.1, 10000.0], ""Riboflavin"": [1.1, 10000.0], ""Niacin"": [14.0, 35.0], ""Pantothenic acid"": [5.0, 10000.0], ""Vitamin B-9 Folic acid"": [400.0, 1000.0], ""Vitamin B-7"": [30.0, 10000.0], ""Total lipid (fat)"": [40.0, 120.0]}"
SPEA2,2,with_diversity,3,78.4,13.95,450.0,0.837512,0.837512,10,"[59, 86, 91]","[336, 338, 396, 399, 131, 333, 392, 330, 334, 312]","[59, 86, 91, 336, 338, 396, 399, 131, 333, 392, 330, 334, 312]","{""Calcium, Ca"": 1481.87249, ""Copper, Cu"": 1.24233, ""Iron, Fe"": 14.055643799999999, ""Magnesium, Mg"": 362.0118, ""Manganese, Mn"": 3.4417861000000003, ""Phosphorus, P"": 1418.5604, ""Sodium, Na"": 2535.0448, ""Potassium, K"": 4272.1782, ""Zinc, Zn"": 9.450690999999999, ""Carbohydrate, by difference"": 343.58235, ""Fiber, total dietary"": 44.560965, ""Protein"": 74.006554, ""Energy"": 2704.3727, ""Vitamin A"": 1319.4383871, ""Vitamin B-6"": 3.4318168, ""Vitamin B-12"": 24.064464599999997, ""Vitamin C, total ascorbic acid"": 310.64343500000007, ""Vitamin D"": 3.5060922000000003, ""Vitamin E (alpha-tocopherol)"": 31.6843035, ""Thiamin"": 5.2589374000000015, ""Riboflavin"": 5.3365121, ""Niacin"": 11.870890000000001, ""Pantothenic acid"": 158.00609599999999, ""Vitamin B-9 Folic acid"": 476.66491, ""Vitamin B-7"": 22.701074000000002, ""Total lipid (fat)"": 137.98919}","{""Calcium, Ca"": [1000.0, 2500.0], ""Copper, Cu"": [0.9, 10.0], ""Iron, Fe"": [18.0, 45.0], ""Magnesium, Mg"": [310.0, 660.0], ""Manganese, Mn"": [1.8, 11.0], ""Phosphorus, P"": [700.0, 4000.0], ""Sodium, Na"": [1500.0, 2300.0], ""Potassium, K"": [4700.0, 10000.0], ""Zinc, Zn"": [8.0, 40.0], ""Carbohydrate, by difference"": [170.0, 300.0], ""Fiber, total dietary"": [20.0, 9999.0], ""Protein"": [40.0, 100.0], ""Energy"": [2000.0, 2400.0], ""Vitamin A"": [700.0, 3000.0], ""Vitamin B-6"": [1.3, 100.0], ""Vitamin B-12"": [2.4, 10000.0], ""Vitamin C, total ascorbic acid"": [75.0, 2000.0], ""Vitamin D"": [600.0, 4000.0], ""Vitamin E (alpha-tocopherol)"": [15.0, 1000.0], ""Thiamin"": [1.1, 10000.0], ""Riboflavin"": [1.1, 10000.0], ""Niacin"": [14.0, 35.0], ""Pantothenic acid"": [5.0, 10000.0], ""Vitamin B-9 Folic acid"": [400.0, 1000.0], ""Vitamin B-7"": [30.0, 10000.0], ""Total lipid (fat)"": [40.0, 120.0]}"
SPEA2,2,with_diversity,4,122.1,21.22,525.0,0.474631,0.474631,12,"[22, 36, 44, 55, 13, 39]","[401, 176, 200, 190, 331, 252, 358, 367, 284, 336]","[22, 36, 44, 55, 13, 39, 401, 176, 200, 190, 331, 252, 358, 367, 284, 336]","{""Calcium, Ca"": 1025.634738, ""Copper, Cu"": 1.7953420000000004, ""Iron, Fe"": 17.5840933, ""Magnesium, Mg"": 430.27464999999995, ""Manganese, Mn"": 7.283654, ""Phosphorus, P"": 1463.2241128, ""Sodium, Na"": 1908.6949000000002, ""Potassium, K"": 5490.850187999999, ""Zinc, Zn"": 12.848106000000001, ""Carbohydrate, by difference"": 344.26555, ""Fiber, total dietary"": 26.913999999999994, ""Protein"": 60.96969329999999, ""Energy"": 2664.3463, ""Vitamin A"": 2499.6174599999995, ""Vitamin B-6"": 4.267881, ""Vitamin B-12"": 13.546149999999999, ""Vitamin C, total ascorbic acid"": 401.04628, ""Vitamin D"": 0.8479426999999999, ""Vitamin E (alpha-tocopherol)"": 51.42572, ""Thiamin"": 5.9299859999999995, ""Riboflavin"": 3.839313, ""Niacin"": 19.38348, ""Pantothenic acid"": 28.182013, ""Vitamin B-9 Folic acid"": 583.6738, ""Vitamin B-7"": 28.901339999999998, ""Total lipid (fat)"": 130.66799}","{""Calcium, Ca"": [1000.0, 2500.0], ""Copper, Cu"": [0.9, 10.0], ""Iron, Fe"": [18.0, 45.0], ""Magnesium, Mg"": [310.0, 660.0], ""Manganese, Mn"": [1.8, 11.0], ""Phosphorus, P"": [700.0, 4000.0], ""Sodium, Na"": [1500.0, 2300.0], ""Potassium, K"": [4700.0, 10000.0], ""Zinc, Zn"": [8.0, 40.0], ""Carbohydrate, by difference"": [170.0, 300.0], ""Fiber, total dietary"": [20.0, 9999.0], ""Protein"": [40.0, 100.0], ""Energy"": [2000.0, 2400.0], ""Vitamin A"": [700.0, 3000.0], ""Vitamin B-6"": [1.3, 100.0], ""Vitamin B-12"": [2.4, 10000.0], ""Vitamin C, total ascorbic acid"": [75.0, 2000.0], ""Vitamin D"": [600.0, 4000.0], ""Vitamin E (alpha-tocopherol)"": [15.0, 1000.0], ""Thiamin"": [1.1, 10000.0], ""Riboflavin"": [1.1, 10000.0], ""Niacin"": [14.0, 35.0], ""Pantothenic acid"": [5.0, 10000.0], ""Vitamin B-9 Folic acid"": [400.0, 1000.0], ""Vitamin B-7"": [30.0, 10000.0], ""Total lipid (fat)"": [40.0, 120.0]}"
SPEA2,2,with_diversity,5,151.3,29.85,575.0,0.988203,0.988203,13,"[7, 24, 56, 89, 17, 43, 76, 21, 92, 12, 86]","[274, 314, 328, 330, 115, 252, 134, 381, 334, 266, 336, 284]","[7, 24, 56, 89, 17, 43, 76, 21, 92, 12, 86, 274, 314, 328, 330, 115, 252, 134, 381, 334, 266, 336, 284]","{""Calcium, Ca"": 1228.900508, ""Copper, Cu"": 1.7622063000000001, ""Iron, Fe"": 10.3685901, ""Magnesium, Mg"": 355.64161999999993, ""Manganese, Mn"": 4.9470855, ""Phosphorus, P"": 1214.8840528000003, ""Sodium, Na"": 1821.99095, ""Potassium, K"": 5498.307688, ""Zinc, Zn"": 7.142972, ""Carbohydrate, by difference"": 344.283712, ""Fiber, total dietary"": 34.165062999999996, ""Protein"": 53.6497693, ""Energy"": 2694.65095, ""Vitamin A"": 1684.190886, ""Vitamin B-6"": 4.5321777, ""Vitamin B-12"": 23.175334299999996, ""Vitamin C, total ascorbic acid"": 363.99728669999996, ""Vitamin D"": 0.3213981, ""Vitamin E (alpha-tocopherol)"": 44.163720000000005, ""Thiamin"": 7.810392, ""Riboflavin"": 15.387287999999996, ""Niacin"": 8.5382622, ""Pantothenic acid"": 217.13615199999998, ""Vitamin B-9 Folic acid"": 305.39642, ""Vitamin B-7"": 36.689116999999996, ""Total lipid (fat)"": 128.67486019999998}","{""Calcium, Ca"": [1000.0, 2500.0], ""Copper, Cu"": [0.9, 10.0], ""Iron, Fe"": [18.0, 45.0], ""Magnesium, Mg"": [310.0, 660.0], ""Manganese, Mn"": [1.8, 11.0], ""Phosphorus, P"": [700.0, 4000.0], ""Sodium, Na"": [1500.0, 2300.0], ""Potassium, K"": [4700.0, 10000.0], ""Zinc, Zn"": [8.0, 40.0], ""Carbohydrate, by difference"": [170.0, 300.0], ""Fiber, total dietary"": [20.0, 9999.0], ""Protein"": [40.0, 100.0], ""Energy"": [2000.0, 2400.0], ""Vitamin A"": [700.0, 3000.0], ""Vitamin B-6"": [1.3, 100.0], ""Vitamin B-12"": [2.4, 10000.0], ""Vitamin C, total ascorbic acid"": [75.0, 2000.0], ""Vitamin D"": [600.0, 4000.0], ""Vitamin E (alpha-tocopherol)"": [15.0, 1000.0], ""Thiamin"": [1.1, 10000.0], ""Riboflavin"": [1.1, 10000.0], ""Niacin"": [14.0, 35.0], ""Pantothenic acid"": [5.0, 10000.0], ""Vitamin B-9 Folic acid"": [400.0, 1000.0], ""Vitamin B-7"": [30.0, 10000.0], ""Total lipid (fat)"": [40.0, 120.0]}"
SPEA2,2,with_diversity,6,53.4,11.19,510.0,0.786614,0.786614,5,[60],"[177, 189, 111, 379, 286, 350, 284]","[60, 177, 189, 111, 379, 286, 350, 284]","{""Calcium, Ca"": 594.305838, ""Copper, Cu"": 2.065284, ""Iron, Fe"": 21.772976300000007, ""Magnesium, Mg"": 514.64995, ""Manganese, Mn"": 9.677305800000001, ""Phosphorus, P"": 1535.2472128, ""Sodium, Na"": 1283.4434, ""Potassium, K"": 4164.9149879999995, ""Zinc, Zn"": 15.617739, ""Carbohydrate, by difference"": 344.18539999999996, ""Fiber, total dietary"": 45.913470000000004, ""Protein"": 59.6449733, ""Energy"": 2321.3792, ""Vitamin A"": 332.44696999999996, ""Vitamin B-6"": 3.5556735, ""Vitamin B-12"": 8.322204, ""Vitamin C, total ascorbic acid"": 359.3358630000001, ""Vitamin D"": 1.1093123999999999, ""Vitamin E (alpha-tocopherol)"": 40.8637, ""Thiamin"": 4.8238903, ""Riboflavin"": 4.0789961, ""Niacin"": 22.078547, ""Pantothenic acid"": 14.900444, ""Vitamin B-9 Folic acid"": 654.1522, ""Vitamin B-7"": 40.112559000000005, ""Total lipid (fat)"": 86.73434}","{""Calcium, Ca"": [1000.0, 2500.0], ""Copper, Cu"": [0.9, 10.0], ""Iron, Fe"": [18.0, 45.0], ""Magnesium, Mg"": [310.0, 660.0], ""Manganese, Mn"": [1.8, 11.0], ""Phosphorus, P"": [700.0, 4000.0], ""Sodium, Na"": [1500.0, 2300.0], ""Potassium, K"": [4700.0, 10000.0], ""Zinc, Zn"": [8.0, 40.0], ""Carbohydrate, by difference"": [170.0, 300.0], ""Fiber, total dietary"": [20.0, 9999.0], ""Protein"": [40.0, 100.0], ""Energy"": [2000.0, 2400.0], ""Vitamin A"": [700.0, 3000.0], ""Vitamin B-6"": [1.3, 100.0], ""Vitamin B-12"": [2.4, 10000.0], ""Vitamin C, total ascorbic acid"": [75.0, 2000.0], ""Vitamin D"": [600.0, 4000.0], ""Vitamin E (alpha-tocopherol)"": [15.0, 1000.0], ""Thiamin"": [1.1, 10000.0], ""Riboflavin"": [1.1, 10000.0], ""Niacin"": [14.0, 35.0], ""Pantothenic acid"": [5.0, 10000.0], ""Vitamin B-9 Folic acid"": [400.0, 1000.0], ""Vitamin B-7"": [30.0, 10000.0], ""Total lipid (fat)"": [40.0, 120.0]}"
SPEA2,2,with_diversity,7,51.4,24.83,132.0,1.188314,1.188314,7,"[62, 90, 75, 84]","[233, 114, 147, 361, 336, 266]","[62, 90, 75, 84, 233, 114, 147, 361, 336, 266]","{""Calcium, Ca"": 875.65134, ""Copper, Cu"": 1.0023582, ""Iron, Fe"": 19.710931, ""Magnesium, Mg"": 236.83105999999998, ""Manganese, Mn"": 1.6640402, ""Phosphorus, P"": 1433.6687200000001, ""Sodium, Na"": 2403.3029100000003, ""Potassium, K"": 4114.4344, ""Zinc, Zn"": 20.010620999999997, ""Carbohydrate, by difference"": 323.54821, ""Fiber, total dietary"": 36.017162, ""Protein"": 109.36474199999999, ""Energy"": 2749.5320300000003, ""Vitamin A"": 144.315, ""Vitamin B-6"": 1.9093300000000002, ""Vitamin B-12"": 23.26012, ""Vitamin C, total ascorbic acid"": 227.832702, ""Vitamin D"": 8.664808, ""Vitamin E (alpha-tocopherol)"": 27.233760000000004, ""Thiamin"": 5.222660000000001, ""Riboflavin"": 1.5407666999999998, ""Niacin"": 20.5899602, ""Pantothenic acid"": 4.972989999999999, ""Vitamin B-9 Folic acid"": 282.91561, ""Vitamin B-7"": 13.62893, ""Total lipid (fat)"": 137.4913602}","{""Calcium, Ca"": [1000.0, 2500.0], ""Copper, Cu"": [0.9, 10.0], ""Iron, Fe"": [18.0, 45.0], ""Magnesium, Mg"": [310.0, 660.0], ""Manganese, Mn"": [1.8, 11.0], ""Phosphorus, P"": [700.0, 4000.0], ""Sodium, Na"": [1500.0, 2300.0], ""Potassium, K"": [4700.0, 10000.0], ""Zinc, Zn"": [8.0, 40.0], ""Carbohydrate, by difference"": [170.0, 300.0], ""Fiber, total dietary"": [20.0, 9999.0], ""Protein"": [40.0, 100.0], ""Energy"": [2000.0, 2400.0], ""Vitamin A"": [700.0, 3000.0], ""Vitamin B-6"": [1.3, 100.0], ""Vitamin B-12"": [2.4, 10000.0], ""Vitamin C, total ascorbic acid"": [75.0, 2000.0], ""Vitamin D"": [600.0, 4000.0], ""Vitamin E (alpha-tocopherol)"": [15.0, 1000.0], ""Thiamin"": [1.1, 10000.0], ""Riboflavin"": [1.1, 10000.0], ""Niacin"": [14.0, 35.0], ""Pantothenic acid"": [5.0, 10000.0], ""Vitamin B-9 Folic acid"": [400.0, 1000.0], ""Vitamin B-7"": [30.0, 10000.0], ""Total lipid (fat)"": [40.0, 120.0]}"
SPEA2,2,with_diversity,8,134.5,30.75,390.0,0.442094,0.442094,11,"[36, 44, 55, 3, 8, 52, 91, 13]","[177, 250, 281, 139, 158, 312, 161, 245, 252]","[36, 44, 55, 3, 8, 52, 91, 13, 177, 250, 281, 139, 158, 312, 161, 245, 252]","{""Calcium, Ca"": 862.7054500000002, ""Copper, Cu"": 1.7087202000000001, ""Iron, Fe"": 19.5656548, ""Magnesium, Mg"": 376.5683, ""Manganese, Mn"": 3.4363869, ""Phosphorus, P"": 1480.3973, ""Sodium, Na"": 2630.4693, ""Potassium, K"": 6694.686000000001, ""Zinc, Zn"": 21.720377000000003, ""Carbohydrate, by difference"": 224.86738999999997, ""Fiber, total dietary"": 39.17096000000001, ""Protein"": 108.40164000000001, ""Energy"": 2427.5692, ""Vitamin A"": 1037.14815, ""Vitamin B-6"": 4.326391999999999, ""Vitamin B-12"": 24.0578935, ""Vitamin C, total ascorbic acid"": 484.39448000000004, ""Vitamin D"": 0.21063959999999998, ""Vitamin E (alpha-tocopherol)"": 33.7723435, ""Thiamin"": 4.7847937, ""Riboflavin"": 4.9165401, ""Niacin"": 27.547254000000002, ""Pantothenic acid"": 36.759550999999995, ""Vitamin B-9 Folic acid"": 403.94780000000003, ""Vitamin B-7"": 21.101095, ""Total lipid (fat)"": 137.9471}","{""Calcium, Ca"": [1000.0, 2500.0], ""Copper, Cu"": [0.9, 10.0], ""Iron, Fe"": [18.0, 45.0], ""Magnesium, Mg"": [310.0, 660.0], ""Manganese, Mn"": [1.8, 11.0], ""Phosphorus, P"": [700.0, 4000.0], ""Sodium, Na"": [1500.0, 2300.0], ""Potassium, K"": [4700.0, 10000.0], ""Zinc, Zn"": [8.0, 40.0], ""Carbohydrate, by difference"": [170.0, 300.0], ""Fiber, total dietary"": [20.0, 9999.0], ""Protein"": [40.0, 100.0], ""Energy"": [2000.0, 2400.0], ""Vitamin A"": [700.0, 3000.0], ""Vitamin B-6"": [1.3, 100.0], ""Vitamin B-12"": [2.4, 10000.0], ""Vitamin C, total ascorbic acid"": [75.0, 2000.0], ""Vitamin D"": [600.0, 4000.0], ""Vitamin E (alpha-tocopherol)"": [15.0, 1000.0], ""Thiamin"": [1.1, 10000.0], ""Riboflavin"": [1.1, 10000.0], ""Niacin"": [14.0, 35.0], ""Pantothenic acid"": [5.0, 10000.0], ""Vitamin B-9 Folic acid"": [400.0, 1000.0], ""Vitamin B-7"": [30.0, 10000.0], ""Total lipid (fat)"": [40.0, 120.0]}"
SPEA2,2,with_diversity,9,122.2,20.07,595.0,0.652162,0.652162,11,"[22, 36, 44, 55, 13, 20]","[308, 379, 309, 214, 274, 188, 234, 331, 336, 252]","[22, 36, 44, 55, 13, 20, 308, 379, 309, 214, 274, 188, 234, 331, 336, 252]","{""Calcium, Ca"": 844.2315, ""Copper, Cu"": 2.0946182, ""Iron, Fe"": 17.40266, ""Magnesium, Mg"": 443.11939, ""Manganese, Mn"": 7.4580687999999995, ""Phosphorus, P"": 1447.889, ""Sodium, Na"": 1801.5961, ""Potassium, K"": 5321.648900000001, ""Zinc, Zn"": 12.706460000000003, ""Carbohydrate, by difference"": 329.9946, ""Fiber, total dietary"": 29.977155999999997, ""Protein"": 62.9484, ""Energy"": 2759.5283000000004, ""Vitamin A"": 2306.09479, ""Vitamin B-6"": 3.5412562000000003, ""Vitamin B-12"": 3.6569942999999996, ""Vitamin C, total ascorbic acid"": 316.541221, ""Vitamin D"": 0.7111234999999999, ""Vitamin E (alpha-tocopherol)"": 51.77194, ""Thiamin"": 11.385884999999998, ""Riboflavin"": 2.5178275, ""Niacin"": 12.845538000000001, ""Pantothenic acid"": 18.399632000000004, ""Vitamin B-9 Folic acid"": 433.8594, ""Vitamin B-7"": 28.194454999999998, ""Total lipid (fat)"": 136.83389}","{""Calcium, Ca"": [1000.0, 2500.0], ""Copper, Cu"": [0.9, 10.0], ""Iron, Fe"": [18.0, 45.0], ""Magnesium, Mg"": [310.0, 660.0], ""Manganese, Mn"": [1.8, 11.0], ""Phosphorus, P"": [700.0, 4000.0], ""Sodium, Na"": [1500.0, 2300.0], ""Potassium, K"": [4700.0, 10000.0], ""Zinc, Zn"": [8.0, 40.0], ""Carbohydrate, by difference"": [170.0, 300.0], ""Fiber, total dietary"": [20.0, 9999.0], ""Protein"": [40.0, 100.0], ""Energy"": [2000.0, 2400.0], ""Vitamin A"": [700.0, 3000.0], ""Vitamin B-6"": [1.3, 100.0], ""Vitamin B-12"": [2.4, 10000.0], ""Vitamin C, total ascorbic acid"": [75.0, 2000.0], ""Vitamin D"": [600.0, 4000.0], ""Vitamin E (alpha-tocopherol)"": [15.0, 1000.0], ""Thiamin"": [1.1, 10000.0], ""Riboflavin"": [1.1, 10000.0], ""Niacin"": [14.0, 35.0], ""Pantothenic acid"": [5.0, 10000.0], ""Vitamin B-9 Folic acid"": [400.0, 1000.0], ""Vitamin B-7"": [30.0, 10000.0], ""Total lipid (fat)"": [40.0, 120.0]}"
SPEA2,2,with_diversity,10,129.6,38.15,275.0,1.639141,1.639141,11,"[35, 70, 42, 74, 22, 36, 44, 55, 13, 3, 12, 92, 7, 76]","[302, 225, 295, 161, 284]","[35, 70, 42, 74, 22, 36, 44, 55, 13, 3, 12, 92, 7, 76, 302, 225, 295, 161, 284]","{""Calcium, Ca"": 400.69303800000006, ""Copper, Cu"": 1.0060365, ""Iron, Fe"": 12.073413299999997, ""Magnesium, Mg"": 361.79178999999993, ""Manganese, Mn"": 2.7462890000000004, ""Phosphorus, P"": 481.5853128, ""Sodium, Na"": 947.1481, ""Potassium, K"": 4817.150788, ""Zinc, Zn"": 2.526165, ""Carbohydrate, by difference"": 344.2966119999999, ""Fiber, total dietary"": 30.616979999999998, ""Protein"": 38.4946433, ""Energy"": 2153.41562, ""Vitamin A"": 2180.54072, ""Vitamin B-6"": 2.734273, ""Vitamin B-12"": 8.88691, ""Vitamin C, total ascorbic acid"": 409.61017999999996, ""Vitamin D"": 0.0997866, ""Vitamin E (alpha-tocopherol)"": 32.28349, ""Thiamin"": 2.8114, ""Riboflavin"": 2.6163898999999997, ""Niacin"": 10.246425, ""Pantothenic acid"": 23.180419, ""Vitamin B-9 Folic acid"": 239.9031, ""Vitamin B-7"": 18.55621, ""Total lipid (fat)"": 90.59341000000002}","{""Calcium, Ca"": [1000.0, 2500.0], ""Copper, Cu"": [0.9, 10.0], ""Iron, Fe"": [18.0, 45.0], ""Magnesium, Mg"": [310.0, 660.0], ""Manganese, Mn"": [1.8, 11.0], ""Phosphorus, P"": [700.0, 4000.0], ""Sodium, Na"": [1500.0, 2300.0], ""Potassium, K"": [4700.0, 10000.0], ""Zinc, Zn"": [8.0, 40.0], ""Carbohydrate, by difference"": [170.0, 300.0], ""Fiber, total dietary"": [20.0, 9999.0], ""Protein"": [40.0, 100.0], ""Energy"": [2000.0, 2400.0], ""Vitamin A"": [700.0, 3000.0], ""Vitamin B-6"": [1.3, 100.0], ""Vitamin B-12"": [2.4, 10000.0], ""Vitamin C, total ascorbic acid"": [75.0, 2000.0], ""Vitamin D"": [600.0, 4000.0], ""Vitamin E (alpha-tocopherol)"": [15.0, 1000.0], ""Thiamin"": [1.1, 10000.0], ""Riboflavin"": [1.1, 10000.0], ""Niacin"": [14.0, 35.0], ""Pantothenic acid"": [5.0, 10000.0], ""Vitamin B-9 Folic acid"": [400.0, 1000.0], ""Vitamin B-7"": [30.0, 10000.0], ""Total lipid (fat)"": [40.0, 120.0]}"
SPEA2,2,with_diversity,11,108.9,19.07,645.0,0.619093,0.619093,12,"[36, 44, 55, 13, 20, 51]","[372, 190, 167, 353, 108, 273, 155, 107, 286, 376]","[36, 44, 55, 13, 20, 51, 372, 190, 167, 353, 108, 273, 155, 107, 286, 376]","{""Calcium, Ca"": 708.6009300000001, ""Copper, Cu"": 1.726685, ""Iron, Fe"": 22.382355999999994, ""Magnesium, Mg"": 560.94392, ""Manganese, Mn"": 4.6318047, ""Phosphorus, P"": 1220.4952999999998, ""Sodium, Na"": 2538.6499, ""Potassium, K"": 5291.5653999999995, ""Zinc, Zn"": 11.207792099999999, ""Carbohydrate, by difference"": 276.6125, ""Fiber, total dietary"": 46.61534199999999, ""Protein"": 69.06819999999999, ""Energy"": 2597.2377, ""Vitamin A"": 566.7083999999999, ""Vitamin B-6"": 3.9018240000000004, ""Vitamin B-12"": 19.1821847, ""Vitamin C, total ascorbic acid"": 332.09313499999996, ""Vitamin D"": 0.1950053, ""Vitamin E (alpha-tocopherol)"": 58.09026, ""Thiamin"": 11.1844216, ""Riboflavin"": 5.0321777999999995, ""Niacin"": 13.593605000000002, ""Pantothenic acid"": 43.399490500000006, ""Vitamin B-9 Folic acid"": 446.14286999999996, ""Vitamin B-7"": 16.013638999999998, ""Total lipid (fat)"": 137.89323}","{""Calcium, Ca"": [1000.0, 2500.0], ""Copper, Cu"": [0.9, 10.0], ""Iron, Fe"": [18.0, 45.0], ""Magnesium, Mg"": [310.0, 660.0], ""Manganese, Mn"": [1.8, 11.0], ""Phosphorus, P"": [700.0, 4000.0], ""Sodium, Na"": [1500.0, 2300.0], ""Potassium, K"": [4700.0, 10000.0], ""Zinc, Zn"": [8.0, 40.0], ""Carbohydrate, by difference"": [170.0, 300.0], ""Fiber, total dietary"": [20.0, 9999.0], ""Protein"": [40.0, 100.0], ""Energy"": [2000.0, 2400.0], ""Vitamin A"": [700.0, 3000.0], ""Vitamin B-6"": [1.3, 100.0], ""Vitamin B-12"": [2.4, 10000.0], ""Vitamin C, total ascorbic acid"": [75.0, 2000.0], ""Vitamin D"": [600.0, 4000.0], ""Vitamin E (alpha-tocopherol)"": [15.0, 1000.0], ""Thiamin"": [1.1, 10000.0], ""Riboflavin"": [1.1, 10000.0], ""Niacin"": [14.0, 35.0], ""Pantothenic acid"": [5.0, 10000.0], ""Vitamin B-9 Folic acid"": [400.0, 1000.0], ""Vitamin B-7"": [30.0, 10000.0], ""Total lipid (fat)"": [40.0, 120.0]}"
SPEA2,2,with_diversity,12,104.5,16.61,432.0,0.589024,0.589024,11,"[8, 52, 91, 73]","[129, 190, 331, 252, 385, 344, 253, 336, 139, 147]","[8, 52, 91, 73, 129, 190, 331, 252, 385, 344, 253, 336, 139, 147]","{""Calcium, Ca"": 1236.64255, ""Copper, Cu"": 2.1543490000000003, ""Iron, Fe"": 23.776837799999996, ""Magnesium, Mg"": 554.76674, ""Manganese, Mn"": 8.479484500000002, ""Phosphorus, P"": 1849.4847800000002, ""Sodium, Na"": 2611.703965, ""Potassium, K"": 6023.461899999999, ""Zinc, Zn"": 15.738798, ""Carbohydrate, by difference"": 340.0381500000001, ""Fiber, total dietary"": 43.457664, ""Protein"": 81.80604999999997, ""Energy"": 2679.6631, ""Vitamin A"": 1479.4626300000002, ""Vitamin B-6"": 5.139844, ""Vitamin B-12"": 7.3315339999999996, ""Vitamin C, total ascorbic acid"": 504.14619000000005, ""Vitamin D"": 0.705394, ""Vitamin E (alpha-tocopherol)"": 60.45893999999999, ""Thiamin"": 12.659686, ""Riboflavin"": 4.385832000000001, ""Niacin"": 26.762903999999995, ""Pantothenic acid"": 17.401025999999998, ""Vitamin B-9 Folic acid"": 601.88753, ""Vitamin B-7"": 41.91149, ""Total lipid (fat)"": 132.42872000000003}","{""Calcium, Ca"": [1000.0, 2500.0], ""Copper, Cu"": [0.9, 10.0], ""Iron, Fe"": [18.0, 45.0], ""Magnesium, Mg"": [310.0, 660.0], ""Manganese, Mn"": [1.8, 11.0], ""Phosphorus, P"": [700.0, 4000.0], ""Sodium, Na"": [1500.0, 2300.0], ""Potassium, K"": [4700.0, 10000.0], ""Zinc, Zn"": [8.0, 40.0], ""Carbohydrate, by difference"": [170.0, 300.0], ""Fiber, total dietary"": [20.0, 9999.0], ""Protein"": [40.0, 100.0], ""Energy"": [2000.0, 2400.0], ""Vitamin A"": [700.0, 3000.0], ""Vitamin B-6"": [1.3, 100.0], ""Vitamin B-12"": [2.4, 10000.0], ""Vitamin C, total ascorbic acid"": [75.0, 2000.0], ""Vitamin D"": [600.0, 4000.0], ""Vitamin E (alpha-tocopherol)"": [15.0, 1000.0], ""Thiamin"": [1.1, 10000.0], ""Riboflavin"": [1.1, 10000.0], ""Niacin"": [14.0, 35.0], ""Pantothenic acid"": [5.0, 10000.0], ""Vitamin B-9 Folic acid"": [400.0, 1000.0], ""Vitamin B-7"": [30.0, 10000.0], ""Total lipid (fat)"": [40.0, 120.0]}"
SPEA2,2,with_diversity,13,115.2,17.32,900.0,0.818923,0.818923,10,"[55, 13, 20, 51, 43]","[314, 107, 155, 372, 207, 163, 312, 328, 206, 309, 113, 252]","[55, 13, 20, 51, 43, 314, 107, 155, 372, 207, 163, 312, 328, 206, 309, 113, 252]","{""Calcium, Ca"": 844.3981, ""Copper, Cu"": 1.4188230000000002, ""Iron, Fe"": 16.979435, ""Magnesium, Mg"": 418.0161800000001, ""Manganese, Mn"": 4.034953799999999, ""Phosphorus, P"": 1191.8980666999998, ""Sodium, Na"": 2641.1950400000005, ""Potassium, K"": 5362.6188999999995, ""Zinc, Zn"": 9.413533499999998, ""Carbohydrate, by difference"": 343.45124, ""Fiber, total dietary"": 43.447078999999995, ""Protein"": 60.05313999999999, ""Energy"": 2626.1512000000002, ""Vitamin A"": 861.37482, ""Vitamin B-6"": 3.6238159000000008, ""Vitamin B-12"": 13.7875915, ""Vitamin C, total ascorbic acid"": 187.833045, ""Vitamin D"": 0.8341869000000001, ""Vitamin E (alpha-tocopherol)"": 46.25239350000001, ""Thiamin"": 21.415502499999995, ""Riboflavin"": 4.351710199999999, ""Niacin"": 11.170112000000001, ""Pantothenic acid"": 35.81568899999999, ""Vitamin B-9 Folic acid"": 310.83621, ""Vitamin B-7"": 25.665867, ""Total lipid (fat)"": 116.385758}","{""Calcium, Ca"": [1000.0, 2500.0], ""Copper, Cu"": [0.9, 10.0], ""Iron, Fe"": [18.0, 45.0], ""Magnesium, Mg"": [310.0, 660.0], ""Manganese, Mn"": [1.8, 11.0], ""Phosphorus, P"": [700.0, 4000.0], ""Sodium, Na"": [1500.0, 2300.0], ""Potassium, K"": [4700.0, 10000.0], ""Zinc, Zn"": [8.0, 40.0], ""Carbohydrate, by difference"": [170.0, 300.0], ""Fiber, total dietary"": [20.0, 9999.0], ""Protein"": [40.0, 100.0], ""Energy"": [2000.0, 2400.0], ""Vitamin A"": [700.0, 3000.0], ""Vitamin B-6"": [1.3, 100.0], ""Vitamin B-12"": [2.4, 10000.0], ""Vitamin C, total ascorbic acid"": [75.0, 2000.0], ""Vitamin D"": [600.0, 4000.0], ""Vitamin E (alpha-tocopherol)"": [15.0, 1000.0], ""Thiamin"": [1.1, 10000.0], ""Riboflavin"": [1.1, 10000.0], ""Niacin"": [14.0, 35.0], ""Pantothenic acid"": [5.0, 10000.0], ""Vitamin B-9 Folic acid"": [400.0, 1000.0], ""Vitamin B-7"": [30.0, 10000.0], ""Total lipid (fat)"": [40.0, 120.0]}"
SPEA2,2,with_diversity,14,143.9,25.62,625.0,0.580817,0.580817,13,"[70, 42, 74, 22, 36, 44, 55, 13, 20]","[309, 214, 274, 188, 304, 284, 331, 336, 362, 245, 161]","[70, 42, 74, 22, 36, 44, 55, 13, 20, 309, 214, 274, 188, 304, 284, 331, 336, 362, 245, 161]","{""Calcium, Ca"": 1381.1613380000001, ""Copper, Cu"": 2.3650740000000003, ""Iron, Fe"": 20.319194300000003, ""Magnesium, Mg"": 567.98238, ""Manganese, Mn"": 6.304120400000001, ""Phosphorus, P"": 1758.1545127999998, ""Sodium, Na"": 2644.6630999999998, ""Potassium, K"": 6420.822688, ""Zinc, Zn"": 12.485648000000001, ""Carbohydrate, by difference"": 310.05233, ""Fiber, total dietary"": 38.18285, ""Protein"": 76.3689533, ""Energy"": 2718.0844000000006, ""Vitamin A"": 2224.79194, ""Vitamin B-6"": 3.6356722, ""Vitamin B-12"": 10.4731933, ""Vitamin C, total ascorbic acid"": 367.928811, ""Vitamin D"": 0.2542181, ""Vitamin E (alpha-tocopherol)"": 54.17396000000001, ""Thiamin"": 9.312767, ""Riboflavin"": 4.3233075, ""Niacin"": 14.270302000000001, ""Pantothenic acid"": 30.069562, ""Vitamin B-9 Folic acid"": 473.6181, ""Vitamin B-7"": 26.090308, ""Total lipid (fat)"": 137.61487}","{""Calcium, Ca"": [1000.0, 2500.0], ""Copper, Cu"": [0.9, 10.0], ""Iron, Fe"": [18.0, 45.0], ""Magnesium, Mg"": [310.0, 660.0], ""Manganese, Mn"": [1.8, 11.0], ""Phosphorus, P"": [700.0, 4000.0], ""Sodium, Na"": [1500.0, 2300.0], ""Potassium, K"": [4700.0, 10000.0], ""Zinc, Zn"": [8.0, 40.0], ""Carbohydrate, by difference"": [170.0, 300.0], ""Fiber, total dietary"": [20.0, 9999.0], ""Protein"": [40.0, 100.0], ""Energy"": [2000.0, 2400.0], ""Vitamin A"": [700.0, 3000.0], ""Vitamin B-6"": [1.3, 100.0], ""Vitamin B-12"": [2.4, 10000.0], ""Vitamin C, total ascorbic acid"": [75.0, 2000.0], ""Vitamin D"": [600.0, 4000.0], ""Vitamin E (alpha-tocopherol)"": [15.0, 1000.0], ""Thiamin"": [1.1, 10000.0], ""Riboflavin"": [1.1, 10000.0], ""Niacin"": [14.0, 35.0], ""Pantothenic acid"": [5.0, 10000.0], ""Vitamin B-9 Folic acid"": [400.0, 1000.0], ""Vitamin B-7"": [30.0, 10000.0], ""Total lipid (fat)"": [40.0, 120.0]}"
SPEA2,2,with_diversity,15,76.0,15.61,360.0,1.208403,1.208403,8,"[65, 91]","[405, 314, 330, 280, 249, 250, 370, 113, 162, 266, 245]","[65, 91, 405, 314, 330, 280, 249, 250, 370, 113, 162, 266, 245]","{""Calcium, Ca"": 677.93388, ""Copper, Cu"": 1.1269782, ""Iron, Fe"": 10.4314018, ""Magnesium, Mg"": 278.49544999999995, ""Manganese, Mn"": 2.2172242000000004, ""Phosphorus, P"": 668.7804067, ""Sodium, Na"": 2247.83234, ""Potassium, K"": 3948.2261, ""Zinc, Zn"": 4.8998315, ""Carbohydrate, by difference"": 283.65776, ""Fiber, total dietary"": 49.157302, ""Protein"": 45.340672, ""Energy"": 2372.40253, ""Vitamin A"": 1244.2155100000002, ""Vitamin B-6"": 3.3590885, ""Vitamin B-12"": 1.77461, ""Vitamin C, total ascorbic acid"": 361.866452, ""Vitamin D"": 2.7928347000000002, ""Vitamin E (alpha-tocopherol)"": 30.88664, ""Thiamin"": 4.2550952, ""Riboflavin"": 0.9107764000000003, ""Niacin"": 8.271534199999998, ""Pantothenic acid"": 129.990744, ""Vitamin B-9 Folic acid"": 192.38959000000003, ""Vitamin B-7"": 8.215663, ""Total lipid (fat)"": 137.9845782}","{""Calcium, Ca"": [1000.0, 2500.0], ""Copper, Cu"": [0.9, 10.0], ""Iron, Fe"": [18.0, 45.0], ""Magnesium, Mg"": [310.0, 660.0], ""Manganese, Mn"": [1.8, 11.0], ""Phosphorus, P"": [700.0, 4000.0], ""Sodium, Na"": [1500.0, 2300.0], ""Potassium, K"": [4700.0, 10000.0], ""Zinc, Zn"": [8.0, 40.0], ""Carbohydrate, by difference"": [170.0, 300.0], ""Fiber, total dietary"": [20.0, 9999.0], ""Protein"": [40.0, 100.0], ""Energy"": [2000.0, 2400.0], ""Vitamin A"": [700.0, 3000.0], ""Vitamin B-6"": [1.3, 100.0], ""Vitamin B-12"": [2.4, 10000.0], ""Vitamin C, total ascorbic acid"": [75.0, 2000.0], ""Vitamin D"": [600.0, 4000.0], ""Vitamin E (alpha-tocopherol)"": [15.0, 1000.0], ""Thiamin"": [1.1, 10000.0], ""Riboflavin"": [1.1, 10000.0], ""Niacin"": [14.0, 35.0], ""Pantothenic acid"": [5.0, 10000.0], ""Vitamin B-9 Folic acid"": [400.0, 1000.0], ""Vitamin B-7"": [30.0, 10000.0], ""Total lipid (fat)"": [40.0, 120.0]}"
SPEA2,2,with_diversity,16,99.7,26.77,202.0,1.680731,1.680731,12,"[16, 89, 81, 82, 74, 22, 36, 44, 55]","[220, 316, 222, 280, 286, 266, 336]","[16, 89, 81, 82, 74, 22, 36, 44, 55, 220, 316, 222, 280, 286, 266, 336]","{""Calcium, Ca"": 433.51128, ""Copper, Cu"": 0.7059641999999999, ""Iron, Fe"": 12.184566, ""Magnesium, Mg"": 291.58671999999996, ""Manganese, Mn"": 0.9632242, ""Phosphorus, P"": 551.2290399999999, ""Sodium, Na"": 1432.9773699999998, ""Potassium, K"": 3878.5987999999998, ""Zinc, Zn"": 7.1798210000000005, ""Carbohydrate, by difference"": 335.12995, ""Fiber, total dietary"": 25.2242329, ""Protein"": 65.980058, ""Energy"": 2749.1581300000007, ""Vitamin A"": 1789.3745399999998, ""Vitamin B-6"": 1.753344, ""Vitamin B-12"": 8.72755, ""Vitamin C, total ascorbic acid"": 308.582422, ""Vitamin D"": 0.092398, ""Vitamin E (alpha-tocopherol)"": 24.552030000000002, ""Thiamin"": 3.39635, ""Riboflavin"": 1.8768307, ""Niacin"": 8.8938002, ""Pantothenic acid"": 14.046880000000002, ""Vitamin B-9 Folic acid"": 188.77821, ""Vitamin B-7"": 2.84, ""Total lipid (fat)"": 132.9495502}","{""Calcium, Ca"": [1000.0, 2500.0], ""Copper, Cu"": [0.9, 10.0], ""Iron, Fe"": [18.0, 45.0], ""Magnesium, Mg"": [310.0, 660.0], ""Manganese, Mn"": [1.8, 11.0], ""Phosphorus, P"": [700.0, 4000.0], ""Sodium, Na"": [1500.0, 2300.0], ""Potassium, K"": [4700.0, 10000.0], ""Zinc, Zn"": [8.0, 40.0], ""Carbohydrate, by difference"": [170.0, 300.0], ""Fiber, total dietary"": [20.0, 9999.0], ""Protein"": [40.0, 100.0], ""Energy"": [2000.0, 2400.0], ""Vitamin A"": [700.0, 3000.0], ""Vitamin B-6"": [1.3, 100.0], ""Vitamin B-12"": [2.4, 10000.0], ""Vitamin C, total ascorbic acid"": [75.0, 2000.0], ""Vitamin D"": [600.0, 4000.0], ""Vitamin E (alpha-tocopherol)"": [15.0, 1000.0], ""Thiamin"": [1.1, 10000.0], ""Riboflavin"": [1.1, 10000.0], ""Niacin"": [14.0, 35.0], ""Pantothenic acid"": [5.0, 10000.0], ""Vitamin B-9 Folic acid"": [400.0, 1000.0], ""Vitamin B-7"": [30.0, 10000.0], ""Total lipid (fat)"": [40.0, 120.0]}"
SPEA2,2,with_diversity,17,37.3,28.86,125.0,2.090013,2.090013,7,"[62, 90, 75, 84]","[220, 363, 222, 160, 245]","[62, 90, 75, 84, 220, 363, 222, 160, 245]","{""Calcium, Ca"": 524.0978, ""Copper, Cu"": 0.833836, ""Iron, Fe"": 12.51774, ""Magnesium, Mg"": 149.74939999999998, ""Manganese, Mn"": 1.206274, ""Phosphorus, P"": 954.702, ""Sodium, Na"": 2381.7490000000003, ""Potassium, K"": 2247.1000000000004, ""Zinc, Zn"": 14.8884, ""Carbohydrate, by difference"": 320.5856, ""Fiber, total dietary"": 11.657889999999998, ""Protein"": 105.92880000000001, ""Energy"": 2755.22, ""Vitamin A"": 49.295460000000006, ""Vitamin B-6"": 1.057797, ""Vitamin B-12"": 21.13422, ""Vitamin C, total ascorbic acid"": 157.48329999999999, ""Vitamin D"": 8.5906094, ""Vitamin E (alpha-tocopherol)"": 15.6825, ""Thiamin"": 2.50882, ""Riboflavin"": 0.975969, ""Niacin"": 14.5417, ""Pantothenic acid"": 2.81773, ""Vitamin B-9 Folic acid"": 163.7897, ""Vitamin B-7"": 5.43053, ""Total lipid (fat)"": 135.2719}","{""Calcium, Ca"": [1000.0, 2500.0], ""Copper, Cu"": [0.9, 10.0], ""Iron, Fe"": [18.0, 45.0], ""Magnesium, Mg"": [310.0, 660.0], ""Manganese, Mn"": [1.8, 11.0], ""Phosphorus, P"": [700.0, 4000.0], ""Sodium, Na"": [1500.0, 2300.0], ""Potassium, K"": [4700.0, 10000.0], ""Zinc, Zn"": [8.0, 40.0], ""Carbohydrate, by difference"": [170.0, 300.0], ""Fiber, total dietary"": [20.0, 9999.0], ""Protein"": [40.0, 100.0], ""Energy"": [2000.0, 2400.0], ""Vitamin A"": [700.0, 3000.0], ""Vitamin B-6"": [1.3, 100.0], ""Vitamin B-12"": [2.4, 10000.0], ""Vitamin C, total ascorbic acid"": [75.0, 2000.0], ""Vitamin D"": [600.0, 4000.0], ""Vitamin E (alpha-tocopherol)"": [15.0, 1000.0], ""Thiamin"": [1.1, 10000.0], ""Riboflavin"": [1.1, 10000.0], ""Niacin"": [14.0, 35.0], ""Pantothenic acid"": [5.0, 10000.0], ""Vitamin B-9 Folic acid"": [400.0, 1000.0], ""Vitamin B-7"": [30.0, 10000.0], ""Total lipid (fat)"": [40.0, 120.0]}"
SPEA2,2,with_diversity,18,42.6,11.92,250.0,1.088853,1.088853,7,"[3, 91, 73]","[300, 339, 108, 336, 266, 245]","[3, 91, 73, 300, 339, 108, 336, 266, 245]","{""Calcium, Ca"": 891.51902, ""Copper, Cu"": 1.6935315000000002, ""Iron, Fe"": 17.590083799999995, ""Magnesium, Mg"": 388.54672, ""Manganese, Mn"": 10.188664699999999, ""Phosphorus, P"": 1402.53144, ""Sodium, Na"": 2041.759, ""Potassium, K"": 2442.4884, ""Zinc, Zn"": 12.015732000000003, ""Carbohydrate, by difference"": 341.66598000000005, ""Fiber, total dietary"": 27.319252, ""Protein"": 62.658362000000004, ""Energy"": 2667.0400300000006, ""Vitamin A"": 439.70939999999996, ""Vitamin B-6"": 1.8833370999999999, ""Vitamin B-12"": 1.18858, ""Vitamin C, total ascorbic acid"": 16.407542, ""Vitamin D"": 3.6939325000000003, ""Vitamin E (alpha-tocopherol)"": 25.46911, ""Thiamin"": 2.3773445, ""Riboflavin"": 3.0327100999999996, ""Niacin"": 19.027300200000003, ""Pantothenic acid"": 3.8930403, ""Vitamin B-9 Folic acid"": 277.06732999999997, ""Vitamin B-7"": 33.425101, ""Total lipid (fat)"": 137.63445019999997}","{""Calcium, Ca"": [1000.0, 2500.0], ""Copper, Cu"": [0.9, 10.0], ""Iron, Fe"": [18.0, 45.0], ""Magnesium, Mg"": [310.0, 660.0], ""Manganese, Mn"": [1.8, 11.0], ""Phosphorus, P"": [700.0, 4000.0], ""Sodium, Na"": [1500.0, 2300.0], ""Potassium, K"": [4700.0, 10000.0], ""Zinc, Zn"": [8.0, 40.0], ""Carbohydrate, by difference"": [170.0, 300.0], ""Fiber, total dietary"": [20.0, 9999.0], ""Protein"": [40.0, 100.0], ""Energy"": [2000.0, 2400.0], ""Vitamin A"": [700.0, 3000.0], ""Vitamin B-6"": [1.3, 100.0], ""Vitamin B-12"": [2.4, 10000.0], ""Vitamin C, total ascorbic acid"": [75.0, 2000.0], ""Vitamin D"": [600.0, 4000.0], ""Vitamin E (alpha-tocopherol)"": [15.0, 1000.0], ""Thiamin"": [1.1, 10000.0], ""Riboflavin"": [1.1, 10000.0], ""Niacin"": [14.0, 35.0], ""Pantothenic acid"": [5.0, 10000.0], ""Vitamin B-9 Folic acid"": [400.0, 1000.0], ""Vitamin B-7"": [30.0, 10000.0], ""Total lipid (fat)"": [40.0, 120.0]}"
SPEA2,2,with_diversity,19,61.2,22.48,175.0,1.159677,1.159677,10,"[93, 35, 86, 5, 42, 54, 26]","[233, 114, 217, 266]","[93, 35, 86, 5, 42, 54, 26, 233, 114, 217, 266]","{""Calcium, Ca"": 1105.62826, ""Copper, Cu"": 0.9107647000000001, ""Iron, Fe"": 15.422064599999999, ""Magnesium, Mg"": 249.57998999999998, ""Manganese, Mn"": 0.9313664, ""Phosphorus, P"": 1638.0936199999999, ""Sodium, Na"": 1244.6750299999999, ""Potassium, K"": 4483.662900000001, ""Zinc, Zn"": 20.7254076, ""Carbohydrate, by difference"": 295.81829, ""Fiber, total dietary"": 22.0963246, ""Protein"": 104.1503515, ""Energy"": 2673.70623, ""Vitamin A"": 811.30868, ""Vitamin B-6"": 2.1665699999999997, ""Vitamin B-12"": 11.57908, ""Vitamin C, total ascorbic acid"": 87.770734, ""Vitamin D"": 0.32756799999999997, ""Vitamin E (alpha-tocopherol)"": 30.58715, ""Thiamin"": 5.4200800000000005, ""Riboflavin"": 3.4192166999999998, ""Niacin"": 17.9970002, ""Pantothenic acid"": 17.87939, ""Vitamin B-9 Folic acid"": 197.63540999999998, ""Vitamin B-7"": 15.3381, ""Total lipid (fat)"": 137.95020019999998}","{""Calcium, Ca"": [1000.0, 2500.0], ""Copper, Cu"": [0.9, 10.0], ""Iron, Fe"": [18.0, 45.0], ""Magnesium, Mg"": [310.0, 660.0], ""Manganese, Mn"": [1.8, 11.0], ""Phosphorus, P"": [700.0, 4000.0], ""Sodium, Na"": [1500.0, 2300.0], ""Potassium, K"": [4700.0, 10000.0], ""Zinc, Zn"": [8.0, 40.0], ""Carbohydrate, by difference"": [170.0, 300.0], ""Fiber, total dietary"": [20.0, 9999.0], ""Protein"": [40.0, 100.0], ""Energy"": [2000.0, 2400.0], ""Vitamin A"": [700.0, 3000.0], ""Vitamin B-6"": [1.3, 100.0], ""Vitamin B-12"": [2.4, 10000.0], ""Vitamin C, total ascorbic acid"": [75.0, 2000.0], ""Vitamin D"": [600.0, 4000.0], ""Vitamin E (alpha-tocopherol)"": [15.0, 1000.0], ""Thiamin"": [1.1, 10000.0], ""Riboflavin"": [1.1, 10000.0], ""Niacin"": [14.0, 35.0], ""Pantothenic acid"": [5.0, 10000.0], ""Vitamin B-9 Folic acid"": [400.0, 1000.0], ""Vitamin B-7"": [30.0, 10000.0], ""Total lipid (fat)"": [40.0, 120.0]}"
SPEA2,2,with_diversity,20,142.0,23.88,547.0,0.548217,0.548217,11,"[70, 42, 74, 22, 36, 44, 55, 13, 20]","[265, 155, 372, 317, 163, 358, 379, 234, 147]","[70, 42, 74, 22, 36, 44, 55, 13, 20, 265, 155, 372, 317, 163, 358, 379, 234, 147]","{""Calcium, Ca"": 1149.3116000000002, ""Copper, Cu"": 1.6720573, ""Iron, Fe"": 19.229165000000002, ""Magnesium, Mg"": 495.76804000000004, ""Manganese, Mn"": 8.4017984, ""Phosphorus, P"": 1702.947, ""Sodium, Na"": 2630.9459, ""Potassium, K"": 4996.4026, ""Zinc, Zn"": 15.026505, ""Carbohydrate, by difference"": 342.76907, ""Fiber, total dietary"": 20.498416, ""Protein"": 70.54406999999999, ""Energy"": 2631.3954, ""Vitamin A"": 1308.53453, ""Vitamin B-6"": 4.1903801000000005, ""Vitamin B-12"": 28.102702, ""Vitamin C, total ascorbic acid"": 417.81263500000006, ""Vitamin D"": 9.4335877, ""Vitamin E (alpha-tocopherol)"": 45.603030000000004, ""Thiamin"": 10.29737, ""Riboflavin"": 4.278236, ""Niacin"": 13.281467, ""Pantothenic acid"": 32.834230000000005, ""Vitamin B-9 Folic acid"": 508.17085000000003, ""Vitamin B-7"": 38.82909399999999, ""Total lipid (fat)"": 121.68781}","{""Calcium, Ca"": [1000.0, 2500.0], ""Copper, Cu"": [0.9, 10.0], ""Iron, Fe"": [18.0, 45.0], ""Magnesium, Mg"": [310.0, 660.0], ""Manganese, Mn"": [1.8, 11.0], ""Phosphorus, P"": [700.0, 4000.0], ""Sodium, Na"": [1500.0, 2300.0], ""Potassium, K"": [4700.0, 10000.0], ""Zinc, Zn"": [8.0, 40.0], ""Carbohydrate, by difference"": [170.0, 300.0], ""Fiber, total dietary"": [20.0, 9999.0], ""Protein"": [40.0, 100.0], ""Energy"": [2000.0, 2400.0], ""Vitamin A"": [700.0, 3000.0], ""Vitamin B-6"": [1.3, 100.0], ""Vitamin B-12"": [2.4, 10000.0], ""Vitamin C, total ascorbic acid"": [75.0, 2000.0], ""Vitamin D"": [600.0, 4000.0], ""Vitamin E (alpha-tocopherol)"": [15.0, 1000.0], ""Thiamin"": [1.1, 10000.0], ""Riboflavin"": [1.1, 10000.0], ""Niacin"": [14.0, 35.0], ""Pantothenic acid"": [5.0, 10000.0], ""Vitamin B-9 Folic acid"": [400.0, 1000.0], ""Vitamin B-7"": [30.0, 10000.0], ""Total lipid (fat)"": [40.0, 120.0]}"
SPEA2,2,with_diversity,21,126.8,21.94,415.0,0.57404,0.57404,11,"[74, 22, 36, 44, 55, 13, 39]","[200, 190, 331, 252, 358, 367, 284, 353, 336, 245, 266]","[74, 22, 36, 44, 55, 13, 39, 200, 190, 331, 252, 358, 367, 284, 353, 336, 245, 266]","{""Calcium, Ca"": 847.3702780000001, ""Copper, Cu"": 1.6765123000000002, ""Iron, Fe"": 18.394524299999993, ""Magnesium, Mg"": 496.32206999999994, ""Manganese, Mn"": 5.704334299999999, ""Phosphorus, P"": 1237.5100528000003, ""Sodium, Na"": 1920.0482000000002, ""Potassium, K"": 4681.402188, ""Zinc, Zn"": 9.977207100000001, ""Carbohydrate, by difference"": 344.9743, ""Fiber, total dietary"": 19.003123, ""Protein"": 53.81500529999999, ""Energy"": 2580.4634300000002, ""Vitamin A"": 2500.6014799999994, ""Vitamin B-6"": 3.8040400000000005, ""Vitamin B-12"": 17.009169999999997, ""Vitamin C, total ascorbic acid"": 404.56618199999997, ""Vitamin D"": 0.8314079999999999, ""Vitamin E (alpha-tocopherol)"": 44.81716, ""Thiamin"": 4.350446100000001, ""Riboflavin"": 4.656412700000001, ""Niacin"": 16.7885212, ""Pantothenic acid"": 36.74916, ""Vitamin B-9 Folic acid"": 299.30942, ""Vitamin B-7"": 26.0783, ""Total lipid (fat)"": 125.3456402}","{""Calcium, Ca"": [1000.0, 2500.0], ""Copper, Cu"": [0.9, 10.0], ""Iron, Fe"": [18.0, 45.0], ""Magnesium, Mg"": [310.0, 660.0], ""Manganese, Mn"": [1.8, 11.0], ""Phosphorus, P"": [700.0, 4000.0], ""Sodium, Na"": [1500.0, 2300.0], ""Potassium, K"": [4700.0, 10000.0], ""Zinc, Zn"": [8.0, 40.0], ""Carbohydrate, by difference"": [170.0, 300.0], ""Fiber, total dietary"": [20.0, 9999.0], ""Protein"": [40.0, 100.0], ""Energy"": [2000.0, 2400.0], ""Vitamin A"": [700.0, 3000.0], ""Vitamin B-6"": [1.3, 100.0], ""Vitamin B-12"": [2.4, 10000.0], ""Vitamin C, total ascorbic acid"": [75.0, 2000.0], ""Vitamin D"": [600.0, 4000.0], ""Vitamin E (alpha-tocopherol)"": [15.0, 1000.0], ""Thiamin"": [1.1, 10000.0], ""Riboflavin"": [1.1, 10000.0], ""Niacin"": [14.0, 35.0], ""Pantothenic acid"": [5.0, 10000.0], ""Vitamin B-9 Folic acid"": [400.0, 1000.0], ""Vitamin B-7"": [30.0, 10000.0], ""Total lipid (fat)"": [40.0, 120.0]}"
SPEA2,2,with_diversity,22,118.9,28.83,410.0,1.199354,1.199354,12,"[87, 26, 35, 70, 42, 74, 22, 36, 14]","[350, 269, 294, 404, 277, 112, 331, 266, 245]","[87, 26, 35, 70, 42, 74, 22, 36, 14, 350, 269, 294, 404, 277, 112, 331, 266, 245]","{""Calcium, Ca"": 858.97984, ""Copper, Cu"": 1.2372225000000001, ""Iron, Fe"": 17.417173999999996, ""Magnesium, Mg"": 406.68985999999995, ""Manganese, Mn"": 1.3581120999999998, ""Phosphorus, P"": 845.14214, ""Sodium, Na"": 2174.6452, ""Potassium, K"": 3138.0267999999996, ""Zinc, Zn"": 9.762257900000002, ""Carbohydrate, by difference"": 329.28824000000003, ""Fiber, total dietary"": 14.565954, ""Protein"": 80.41343199999999, ""Energy"": 2753.6311299999998, ""Vitamin A"": 2392.94837, ""Vitamin B-6"": 1.6316693, ""Vitamin B-12"": 21.7540266, ""Vitamin C, total ascorbic acid"": 316.34037299999994, ""Vitamin D"": 0.365222, ""Vitamin E (alpha-tocopherol)"": 30.511060000000008, ""Thiamin"": 1.2713194, ""Riboflavin"": 4.8162601, ""Niacin"": 12.370547199999999, ""Pantothenic acid"": 37.13536, ""Vitamin B-9 Folic acid"": 130.42696999999998, ""Vitamin B-7"": 10.900549999999999, ""Total lipid (fat)"": 133.7890102}","{""Calcium, Ca"": [1000.0, 2500.0], ""Copper, Cu"": [0.9, 10.0], ""Iron, Fe"": [18.0, 45.0], ""Magnesium, Mg"": [310.0, 660.0], ""Manganese, Mn"": [1.8, 11.0], ""Phosphorus, P"": [700.0, 4000.0], ""Sodium, Na"": [1500.0, 2300.0], ""Potassium, K"": [4700.0, 10000.0], ""Zinc, Zn"": [8.0, 40.0], ""Carbohydrate, by difference"": [170.0, 300.0], ""Fiber, total dietary"": [20.0, 9999.0], ""Protein"": [40.0, 100.0], ""Energy"": [2000.0, 2400.0], ""Vitamin A"": [700.0, 3000.0], ""Vitamin B-6"": [1.3, 100.0], ""Vitamin B-12"": [2.4, 10000.0], ""Vitamin C, total ascorbic acid"": [75.0, 2000.0], ""Vitamin D"": [600.0, 4000.0], ""Vitamin E (alpha-tocopherol)"": [15.0, 1000.0], ""Thiamin"": [1.1, 10000.0], ""Riboflavin"": [1.1, 10000.0], ""Niacin"": [14.0, 35.0], ""Pantothenic acid"": [5.0, 10000.0], ""Vitamin B-9 Folic acid"": [400.0, 1000.0], ""Vitamin B-7"": [30.0, 10000.0], ""Total lipid (fat)"": [40.0, 120.0]}"
SPEA2,2,with_diversity,23,173.1,32.58,545.0,0.594494,0.594494,13,"[35, 70, 42, 74, 22, 36, 44, 55, 13, 3, 12, 92, 7, 76]","[200, 190, 331, 358, 284, 353, 377, 192, 336, 266]","[35, 70, 42, 74, 22, 36, 44, 55, 13, 3, 12, 92, 7, 76, 200, 190, 331, 358, 284, 353, 377, 192, 336, 266]","{""Calcium, Ca"": 1145.857878, ""Copper, Cu"": 1.5559051, ""Iron, Fe"": 21.081373299999992, ""Magnesium, Mg"": 565.5567100000001, ""Manganese, Mn"": 6.0763145, ""Phosphorus, P"": 1213.2139528000002, ""Sodium, Na"": 2170.1362000000004, ""Potassium, K"": 5432.104688, ""Zinc, Zn"": 10.8171731, ""Carbohydrate, by difference"": 343.737692, ""Fiber, total dietary"": 24.914649, ""Protein"": 51.3592753, ""Energy"": 2744.9222500000005, ""Vitamin A"": 2374.3181199999995, ""Vitamin B-6"": 4.1761355, ""Vitamin B-12"": 17.887945999999996, ""Vitamin C, total ascorbic acid"": 436.112785, ""Vitamin D"": 0.8682300999999999, ""Vitamin E (alpha-tocopherol)"": 57.69596, ""Thiamin"": 5.976896099999999, ""Riboflavin"": 4.9697487, ""Niacin"": 12.6175382, ""Pantothenic acid"": 39.778980000000004, ""Vitamin B-9 Folic acid"": 529.9166899999999, ""Vitamin B-7"": 28.15384, ""Total lipid (fat)"": 137.4151002}","{""Calcium, Ca"": [1000.0, 2500.0], ""Copper, Cu"": [0.9, 10.0], ""Iron, Fe"": [18.0, 45.0], ""Magnesium, Mg"": [310.0, 660.0], ""Manganese, Mn"": [1.8, 11.0], ""Phosphorus, P"": [700.0, 4000.0], ""Sodium, Na"": [1500.0, 2300.0], ""Potassium, K"": [4700.0, 10000.0], ""Zinc, Zn"": [8.0, 40.0], ""Carbohydrate, by difference"": [170.0, 300.0], ""Fiber, total dietary"": [20.0, 9999.0], ""Protein"": [40.0, 100.0], ""Energy"": [2000.0, 2400.0], ""Vitamin A"": [700.0, 3000.0], ""Vitamin B-6"": [1.3, 100.0], ""Vitamin B-12"": [2.4, 10000.0], ""Vitamin C, total ascorbic acid"": [75.0, 2000.0], ""Vitamin D"": [600.0, 4000.0], ""Vitamin E (alpha-tocopherol)"": [15.0, 1000.0], ""Thiamin"": [1.1, 10000.0], ""Riboflavin"": [1.1, 10000.0], ""Niacin"": [14.0, 35.0], ""Pantothenic acid"": [5.0, 10000.0], ""Vitamin B-9 Folic acid"": [400.0, 1000.0], ""Vitamin B-7"": [30.0, 10000.0], ""Total lipid (fat)"": [40.0, 120.0]}"
SPEA2,2,with_diversity,24,137.6,37.84,335.0,0.416867,0.416867,11,"[35, 3, 70, 42, 74, 22, 36, 44, 55, 13, 12, 92, 7, 76]","[270, 316, 168, 265, 266, 161, 336]","[35, 3, 70, 42, 74, 22, 36, 44, 55, 13, 12, 92, 7, 76, 270, 316, 168, 265, 266, 161, 336]","{""Calcium, Ca"": 611.59364, ""Copper, Cu"": 2.0748105999999997, ""Iron, Fe"": 20.614194, ""Magnesium, Mg"": 454.21182999999996, ""Manganese, Mn"": 3.8539464999999997, ""Phosphorus, P"": 1136.5258400000002, ""Sodium, Na"": 2012.2549999999999, ""Potassium, K"": 5976.786900000001, ""Zinc, Zn"": 12.850702, ""Carbohydrate, by difference"": 233.519152, ""Fiber, total dietary"": 37.09279800000001, ""Protein"": 72.73918199999999, ""Energy"": 2422.70645, ""Vitamin A"": 1706.23947, ""Vitamin B-6"": 3.0030548, ""Vitamin B-12"": 12.0822647, ""Vitamin C, total ascorbic acid"": 431.2552319999999, ""Vitamin D"": 0.12146739999999999, ""Vitamin E (alpha-tocopherol)"": 47.17669, ""Thiamin"": 7.4013599999999995, ""Riboflavin"": 3.1361730999999993, ""Niacin"": 17.8793662, ""Pantothenic acid"": 24.1271341, ""Vitamin B-9 Folic acid"": 377.58540999999997, ""Vitamin B-7"": 8.834915999999998, ""Total lipid (fat)"": 137.9839102}","{""Calcium, Ca"": [1000.0, 2500.0], ""Copper, Cu"": [0.9, 10.0], ""Iron, Fe"": [18.0, 45.0], ""Magnesium, Mg"": [310.0, 660.0], ""Manganese, Mn"": [1.8, 11.0], ""Phosphorus, P"": [700.0, 4000.0], ""Sodium, Na"": [1500.0, 2300.0], ""Potassium, K"": [4700.0, 10000.0], ""Zinc, Zn"": [8.0, 40.0], ""Carbohydrate, by difference"": [170.0, 300.0], ""Fiber, total dietary"": [20.0, 9999.0], ""Protein"": [40.0, 100.0], ""Energy"": [2000.0, 2400.0], ""Vitamin A"": [700.0, 3000.0], ""Vitamin B-6"": [1.3, 100.0], ""Vitamin B-12"": [2.4, 10000.0], ""Vitamin C, total ascorbic acid"": [75.0, 2000.0], ""Vitamin D"": [600.0, 4000.0], ""Vitamin E (alpha-tocopherol)"": [15.0, 1000.0], ""Thiamin"": [1.1, 10000.0], ""Riboflavin"": [1.1, 10000.0], ""Niacin"": [14.0, 35.0], ""Pantothenic acid"": [5.0, 10000.0], ""Vitamin B-9 Folic acid"": [400.0, 1000.0], ""Vitamin B-7"": [30.0, 10000.0], ""Total lipid (fat)"": [40.0, 120.0]}"
SPEA2,2,with_diversity,25,96.1,38.12,180.0,0.866466,0.866466,8,"[36, 51, 3, 8, 52]","[384, 161, 209, 114, 245, 252, 248, 208, 353, 251]","[36, 51, 3, 8, 52, 384, 161, 209, 114, 245, 252, 248, 208, 353, 251]","{""Calcium, Ca"": 1245.3419, ""Copper, Cu"": 1.2790711000000001, ""Iron, Fe"": 20.99051, ""Magnesium, Mg"": 420.79304, ""Manganese, Mn"": 1.4785111000000004, ""Phosphorus, P"": 1038.31798, ""Sodium, Na"": 2588.0225100000007, ""Potassium, K"": 4475.8764, ""Zinc, Zn"": 11.6034001, ""Carbohydrate, by difference"": 343.7653899999999, ""Fiber, total dietary"": 29.744251, ""Protein"": 77.71430000000002, ""Energy"": 2703.9711, ""Vitamin A"": 2009.0280300000002, ""Vitamin B-6"": 2.367728, ""Vitamin B-12"": 23.1556, ""Vitamin C, total ascorbic acid"": 256.0684, ""Vitamin D"": 0.27566799999999997, ""Vitamin E (alpha-tocopherol)"": 26.571009999999994, ""Thiamin"": 2.8691001000000003, ""Riboflavin"": 5.234434, ""Niacin"": 15.610461000000003, ""Pantothenic acid"": 37.04326, ""Vitamin B-9 Folic acid"": 184.92411, ""Vitamin B-7"": 15.39757, ""Total lipid (fat)"": 115.20252}","{""Calcium, Ca"": [1000.0, 2500.0], ""Copper, Cu"": [0.9, 10.0], ""Iron, Fe"": [18.0, 45.0], ""Magnesium, Mg"": [310.0, 660.0], ""Manganese, Mn"": [1.8, 11.0], ""Phosphorus, P"": [700.0, 4000.0], ""Sodium, Na"": [1500.0, 2300.0], ""Potassium, K"": [4700.0, 10000.0], ""Zinc, Zn"": [8.0, 40.0], ""Carbohydrate, by difference"": [170.0, 300.0], ""Fiber, total dietary"": [20.0, 9999.0], ""Protein"": [40.0, 100.0], ""Energy"": [2000.0, 2400.0], ""Vitamin A"": [700.0, 3000.0], ""Vitamin B-6"": [1.3, 100.0], ""Vitamin B-12"": [2.4, 10000.0], ""Vitamin C, total ascorbic acid"": [75.0, 2000.0], ""Vitamin D"": [600.0, 4000.0], ""Vitamin E (alpha-tocopherol)"": [15.0, 1000.0], ""Thiamin"": [1.1, 10000.0], ""Riboflavin"": [1.1, 10000.0], ""Niacin"": [14.0, 35.0], ""Pantothenic acid"": [5.0, 10000.0], ""Vitamin B-9 Folic acid"": [400.0, 1000.0], ""Vitamin B-7"": [30.0, 10000.0], ""Total lipid (fat)"": [40.0, 120.0]}"
SPEA2,2,with_diversity,26,181.9,33.68,490.0,0.897745,0.897745,14,"[35, 70, 42, 74, 22, 36, 44, 55, 13, 3, 12, 92, 7, 76]","[200, 190, 331, 252, 344, 367, 284, 377, 336, 245, 266]","[35, 70, 42, 74, 22, 36, 44, 55, 13, 3, 12, 92, 7, 76, 200, 190, 331, 252, 344, 367, 284, 377, 336, 245, 266]","{""Calcium, Ca"": 730.0173780000001, ""Copper, Cu"": 1.5776990000000002, ""Iron, Fe"": 17.576623299999994, ""Magnesium, Mg"": 447.14690999999993, ""Manganese, Mn"": 5.818937399999999, ""Phosphorus, P"": 1134.7067528000002, ""Sodium, Na"": 2541.4695, ""Potassium, K"": 5530.449488000001, ""Zinc, Zn"": 9.744433, ""Carbohydrate, by difference"": 342.10082200000005, ""Fiber, total dietary"": 26.107668, ""Protein"": 49.129625299999994, ""Energy"": 2748.4006500000005, ""Vitamin A"": 2921.47453, ""Vitamin B-6"": 4.3207585, ""Vitamin B-12"": 10.276774, ""Vitamin C, total ascorbic acid"": 429.14578499999993, ""Vitamin D"": 0.7667500999999999, ""Vitamin E (alpha-tocopherol)"": 55.11062999999999, ""Thiamin"": 8.372016, ""Riboflavin"": 3.3854246999999997, ""Niacin"": 11.673257199999998, ""Pantothenic acid"": 27.740546000000002, ""Vitamin B-9 Folic acid"": 362.83788000000004, ""Vitamin B-7"": 25.639590000000002, ""Total lipid (fat)"": 137.91419019999998}","{""Calcium, Ca"": [1000.0, 2500.0], ""Copper, Cu"": [0.9, 10.0], ""Iron, Fe"": [18.0, 45.0], ""Magnesium, Mg"": [310.0, 660.0], ""Manganese, Mn"": [1.8, 11.0], ""Phosphorus, P"": [700.0, 4000.0], ""Sodium, Na"": [1500.0, 2300.0], ""Potassium, K"": [4700.0, 10000.0], ""Zinc, Zn"": [8.0, 40.0], ""Carbohydrate, by difference"": [170.0, 300.0], ""Fiber, total dietary"": [20.0, 9999.0], ""Protein"": [40.0, 100.0], ""Energy"": [2000.0, 2400.0], ""Vitamin A"": [700.0, 3000.0], ""Vitamin B-6"": [1.3, 100.0], ""Vitamin B-12"": [2.4, 10000.0], ""Vitamin C, total ascorbic acid"": [75.0, 2000.0], ""Vitamin D"": [600.0, 4000.0], ""Vitamin E (alpha-tocopherol)"": [15.0, 1000.0], ""Thiamin"": [1.1, 10000.0], ""Riboflavin"": [1.1, 10000.0], ""Niacin"": [14.0, 35.0], ""Pantothenic acid"": [5.0, 10000.0], ""Vitamin B-9 Folic acid"": [400.0, 1000.0], ""Vitamin B-7"": [30.0, 10000.0], ""Total lipid (fat)"": [40.0, 120.0]}"
SPEA2,2,with_diversity,27,66.6,14.51,205.0,1.504916,1.504916,6,"[56, 27, 35]","[339, 199, 286, 113, 336, 266, 245]","[56, 27, 35, 339, 199, 286, 113, 336, 266, 245]","{""Calcium, Ca"": 578.85844, ""Copper, Cu"": 1.6508603000000002, ""Iron, Fe"": 17.026640999999998, ""Magnesium, Mg"": 290.09381999999994, ""Manganese, Mn"": 7.7783701999999995, ""Phosphorus, P"": 664.2401067, ""Sodium, Na"": 1259.97154, ""Potassium, K"": 3976.5582, ""Zinc, Zn"": 5.454074500000001, ""Carbohydrate, by difference"": 339.16981, ""Fiber, total dietary"": 49.01979200000001, ""Protein"": 49.09435199999999, ""Energy"": 2729.186530000001, ""Vitamin A"": 1095.85198, ""Vitamin B-6"": 1.7835467999999997, ""Vitamin B-12"": 21.608659999999997, ""Vitamin C, total ascorbic acid"": 227.90854199999998, ""Vitamin D"": 3.2419200000000004, ""Vitamin E (alpha-tocopherol)"": 23.14591, ""Thiamin"": 1.6770468, ""Riboflavin"": 19.228860199999996, ""Niacin"": 7.023201199999999, ""Pantothenic acid"": 108.995927, ""Vitamin B-9 Folic acid"": 301.33302, ""Vitamin B-7"": 22.482861, ""Total lipid (fat)"": 137.63766819999998}","{""Calcium, Ca"": [1000.0, 2500.0], ""Copper, Cu"": [0.9, 10.0], ""Iron, Fe"": [18.0, 45.0], ""Magnesium, Mg"": [310.0, 660.0], ""Manganese, Mn"": [1.8, 11.0], ""Phosphorus, P"": [700.0, 4000.0], ""Sodium, Na"": [1500.0, 2300.0], ""Potassium, K"": [4700.0, 10000.0], ""Zinc, Zn"": [8.0, 40.0], ""Carbohydrate, by difference"": [170.0, 300.0], ""Fiber, total dietary"": [20.0, 9999.0], ""Protein"": [40.0, 100.0], ""Energy"": [2000.0, 2400.0], ""Vitamin A"": [700.0, 3000.0], ""Vitamin B-6"": [1.3, 100.0], ""Vitamin B-12"": [2.4, 10000.0], ""Vitamin C, total ascorbic acid"": [75.0, 2000.0], ""Vitamin D"": [600.0, 4000.0], ""Vitamin E (alpha-tocopherol)"": [15.0, 1000.0], ""Thiamin"": [1.1, 10000.0], ""Riboflavin"": [1.1, 10000.0], ""Niacin"": [14.0, 35.0], ""Pantothenic acid"": [5.0, 10000.0], ""Vitamin B-9 Folic acid"": [400.0, 1000.0], ""Vitamin B-7"": [30.0, 10000.0], ""Total lipid (fat)"": [40.0, 120.0]}"
SPEA2,2,with_diversity,28,60.8,27.97,155.0,1.790156,1.790156,9,"[62, 90, 75, 84]","[220, 316, 222, 280, 286, 376, 266, 336, 245]","[62, 90, 75, 84, 220, 316, 222, 280, 286, 376, 266, 336, 245]","{""Calcium, Ca"": 715.18474, ""Copper, Cu"": 0.6627641999999999, ""Iron, Fe"": 12.227231000000002, ""Magnesium, Mg"": 210.25771999999998, ""Manganese, Mn"": 1.1216342000000001, ""Phosphorus, P"": 691.5866399999999, ""Sodium, Na"": 2535.17, ""Potassium, K"": 3468.9022, ""Zinc, Zn"": 8.402551, ""Carbohydrate, by difference"": 338.83901000000003, ""Fiber, total dietary"": 28.272602, ""Protein"": 78.46514199999999, ""Energy"": 2720.9500300000004, ""Vitamin A"": 305.48614, ""Vitamin B-6"": 1.338424, ""Vitamin B-12"": 17.87724, ""Vitamin C, total ascorbic acid"": 216.694202, ""Vitamin D"": 8.575278, ""Vitamin E (alpha-tocopherol)"": 22.7703, ""Thiamin"": 3.0712, ""Riboflavin"": 0.6594207000000001, ""Niacin"": 7.523330199999999, ""Pantothenic acid"": 2.74748, ""Vitamin B-9 Folic acid"": 286.44341000000003, ""Vitamin B-7"": 4.2291, ""Total lipid (fat)"": 136.83038019999998}","{""Calcium, Ca"": [1000.0, 2500.0], ""Copper, Cu"": [0.9, 10.0], ""Iron, Fe"": [18.0, 45.0], ""Magnesium, Mg"": [310.0, 660.0], ""Manganese, Mn"": [1.8, 11.0], ""Phosphorus, P"": [700.0, 4000.0], ""Sodium, Na"": [1500.0, 2300.0], ""Potassium, K"": [4700.0, 10000.0], ""Zinc, Zn"": [8.0, 40.0], ""Carbohydrate, by difference"": [170.0, 300.0], ""Fiber, total dietary"": [20.0, 9999.0], ""Protein"": [40.0, 100.0], ""Energy"": [2000.0, 2400.0], ""Vitamin A"": [700.0, 3000.0], ""Vitamin B-6"": [1.3, 100.0], ""Vitamin B-12"": [2.4, 10000.0], ""Vitamin C, total ascorbic acid"": [75.0, 2000.0], ""Vitamin D"": [600.0, 4000.0], ""Vitamin E (alpha-tocopherol)"": [15.0, 1000.0], ""Thiamin"": [1.1, 10000.0], ""Riboflavin"": [1.1, 10000.0], ""Niacin"": [14.0, 35.0], ""Pantothenic acid"": [5.0, 10000.0], ""Vitamin B-9 Folic acid"": [400.0, 1000.0], ""Vitamin B-7"": [30.0, 10000.0], ""Total lipid (fat)"": [40.0, 120.0]}"
SPEA2,2,with_diversity,29,152.0,25.53,687.0,0.688234,0.688234,11,"[3, 4, 70, 42, 74, 22, 36, 44, 55, 90]","[402, 147, 383, 353, 200, 206, 276, 282, 217, 266, 336, 245]","[3, 4, 70, 42, 74, 22, 36, 44, 55, 90, 402, 147, 383, 353, 200, 206, 276, 282, 217, 266, 336, 245]","{""Calcium, Ca"": 1086.3810399999998, ""Copper, Cu"": 1.5016411, ""Iron, Fe"": 20.422106999999997, ""Magnesium, Mg"": 550.76806, ""Manganese, Mn"": 7.8366069, ""Phosphorus, P"": 1533.6746400000004, ""Sodium, Na"": 2473.5434999999998, ""Potassium, K"": 4692.393000000001, ""Zinc, Zn"": 14.100251100000003, ""Carbohydrate, by difference"": 341.04498000000007, ""Fiber, total dietary"": 22.352519, ""Protein"": 65.282892, ""Energy"": 2655.4160300000003, ""Vitamin A"": 1356.1824700000002, ""Vitamin B-6"": 4.207228999999999, ""Vitamin B-12"": 16.715005399999995, ""Vitamin C, total ascorbic acid"": 243.42448, ""Vitamin D"": 1.0693153, ""Vitamin E (alpha-tocopherol)"": 45.11769, ""Thiamin"": 6.7132761, ""Riboflavin"": 4.6581682, ""Niacin"": 9.8882102, ""Pantothenic acid"": 33.909059, ""Vitamin B-9 Folic acid"": 386.73434000000003, ""Vitamin B-7"": 36.130009, ""Total lipid (fat)"": 136.00642019999998}","{""Calcium, Ca"": [1000.0, 2500.0], ""Copper, Cu"": [0.9, 10.0], ""Iron, Fe"": [18.0, 45.0], ""Magnesium, Mg"": [310.0, 660.0], ""Manganese, Mn"": [1.8, 11.0], ""Phosphorus, P"": [700.0, 4000.0], ""Sodium, Na"": [1500.0, 2300.0], ""Potassium, K"": [4700.0, 10000.0], ""Zinc, Zn"": [8.0, 40.0], ""Carbohydrate, by difference"": [170.0, 300.0], ""Fiber, total dietary"": [20.0, 9999.0], ""Protein"": [40.0, 100.0], ""Energy"": [2000.0, 2400.0], ""Vitamin A"": [700.0, 3000.0], ""Vitamin B-6"": [1.3, 100.0], ""Vitamin B-12"": [2.4, 10000.0], ""Vitamin C, total ascorbic acid"": [75.0, 2000.0], ""Vitamin D"": [600.0, 4000.0], ""Vitamin E (alpha-tocopherol)"": [15.0, 1000.0], ""Thiamin"": [1.1, 10000.0], ""Riboflavin"": [1.1, 10000.0], ""Niacin"": [14.0, 35.0], ""Pantothenic acid"": [5.0, 10000.0], ""Vitamin B-9 Folic acid"": [400.0, 1000.0], ""Vitamin B-7"": [30.0, 10000.0], ""Total lipid (fat)"": [40.0, 120.0]}"
SPEA2,2,with_diversity,30,161.7,29.2,705.0,0.826498,0.826498,15,"[3, 4, 70, 42, 74, 22, 36, 44, 55, 90]","[309, 214, 381, 116, 284, 331, 310, 336, 127, 245, 250, 253, 286, 266]","[3, 4, 70, 42, 74, 22, 36, 44, 55, 90, 309, 214, 381, 116, 284, 331, 310, 336, 127, 245, 250, 253, 286, 266]","{""Calcium, Ca"": 1383.9101779999999, ""Copper, Cu"": 1.2433597, ""Iron, Fe"": 15.4528643, ""Magnesium, Mg"": 480.5091499999999, ""Manganese, Mn"": 3.6761281, ""Phosphorus, P"": 1378.5461328000001, ""Sodium, Na"": 2417.6571649999996, ""Potassium, K"": 5706.106887999999, ""Zinc, Zn"": 9.979862000000002, ""Carbohydrate, by difference"": 342.69814, ""Fiber, total dietary"": 29.450965, ""Protein"": 60.25876529999999, ""Energy"": 2654.00403, ""Vitamin A"": 1905.6555099999998, ""Vitamin B-6"": 3.3420615000000002, ""Vitamin B-12"": 12.0457116, ""Vitamin C, total ascorbic acid"": 485.25883400000004, ""Vitamin D"": 0.2496151, ""Vitamin E (alpha-tocopherol)"": 37.71423, ""Thiamin"": 4.3527556, ""Riboflavin"": 3.7561538999999997, ""Niacin"": 9.640611199999999, ""Pantothenic acid"": 23.524150000000002, ""Vitamin B-9 Folic acid"": 308.49179, ""Vitamin B-7"": 24.69397, ""Total lipid (fat)"": 133.70126020000004}","{""Calcium, Ca"": [1000.0, 2500.0], ""Copper, Cu"": [0.9, 10.0], ""Iron, Fe"": [18.0, 45.0], ""Magnesium, Mg"": [310.0, 660.0], ""Manganese, Mn"": [1.8, 11.0], ""Phosphorus, P"": [700.0, 4000.0], ""Sodium, Na"": [1500.0, 2300.0], ""Potassium, K"": [4700.0, 10000.0], ""Zinc, Zn"": [8.0, 40.0], ""Carbohydrate, by difference"": [170.0, 300.0], ""Fiber, total dietary"": [20.0, 9999.0], ""Protein"": [40.0, 100.0], ""Energy"": [2000.0, 2400.0], ""Vitamin A"": [700.0, 3000.0], ""Vitamin B-6"": [1.3, 100.0], ""Vitamin B-12"": [2.4, 10000.0], ""Vitamin C, total ascorbic acid"": [75.0, 2000.0], ""Vitamin D"": [600.0, 4000.0], ""Vitamin E (alpha-tocopherol)"": [15.0, 1000.0], ""Thiamin"": [1.1, 10000.0], ""Riboflavin"": [1.1, 10000.0], ""Niacin"": [14.0, 35.0], ""Pantothenic acid"": [5.0, 10000.0], ""Vitamin B-9 Folic acid"": [400.0, 1000.0], ""Vitamin B-7"": [30.0, 10000.0], ""Total lipid (fat)"": [40.0, 120.0]}"
SPEA2,2,with_diversity,31,150.6,21.21,700.0,0.538613,0.538613,11,"[35, 70, 42, 74, 22, 36, 44, 55, 13, 90]","[129, 172, 309, 188, 304, 234, 374, 252, 336]","[35, 70, 42, 74, 22, 36, 44, 55, 13, 90, 129, 172, 309, 188, 304, 234, 374, 252, 336]","{""Calcium, Ca"": 1195.7406, ""Copper, Cu"": 2.7715172, ""Iron, Fe"": 28.046438999999996, ""Magnesium, Mg"": 732.29154, ""Manganese, Mn"": 12.6264394, ""Phosphorus, P"": 2192.5519000000004, ""Sodium, Na"": 2208.8419999999996, ""Potassium, K"": 6795.8296, ""Zinc, Zn"": 20.731308, ""Carbohydrate, by difference"": 311.45857000000007, ""Fiber, total dietary"": 42.871784000000005, ""Protein"": 97.78902999999998, ""Energy"": 2678.3454, ""Vitamin A"": 2362.25778, ""Vitamin B-6"": 4.986878000000001, ""Vitamin B-12"": 9.6486832, ""Vitamin C, total ascorbic acid"": 248.78324999999998, ""Vitamin D"": 0.2814537, ""Vitamin E (alpha-tocopherol)"": 56.56488, ""Thiamin"": 8.643031, ""Riboflavin"": 4.0558069, ""Niacin"": 14.878488, ""Pantothenic acid"": 115.40431300000003, ""Vitamin B-9 Folic acid"": 673.9880999999999, ""Vitamin B-7"": 32.848811, ""Total lipid (fat)"": 137.31709999999995}","{""Calcium, Ca"": [1000.0, 2500.0], ""Copper, Cu"": [0.9, 10.0], ""Iron, Fe"": [18.0, 45.0], ""Magnesium, Mg"": [310.0, 660.0], ""Manganese, Mn"": [1.8, 11.0], ""Phosphorus, P"": [700.0, 4000.0], ""Sodium, Na"": [1500.0, 2300.0], ""Potassium, K"": [4700.0, 10000.0], ""Zinc, Zn"": [8.0, 40.0], ""Carbohydrate, by difference"": [170.0, 300.0], ""Fiber, total dietary"": [20.0, 9999.0], ""Protein"": [40.0, 100.0], ""Energy"": [2000.0, 2400.0], ""Vitamin A"": [700.0, 3000.0], ""Vitamin B-6"": [1.3, 100.0], ""Vitamin B-12"": [2.4, 10000.0], ""Vitamin C, total ascorbic acid"": [75.0, 2000.0], ""Vitamin D"": [600.0, 4000.0], ""Vitamin E (alpha-tocopherol)"": [15.0, 1000.0], ""Thiamin"": [1.1, 10000.0], ""Riboflavin"": [1.1, 10000.0], ""Niacin"": [14.0, 35.0], ""Pantothenic acid"": [5.0, 10000.0], ""Vitamin B-9 Folic acid"": [400.0, 1000.0], ""Vitamin B-7"": [30.0, 10000.0], ""Total lipid (fat)"": [40.0, 120.0]}"
SPEA2,2,with_diversity,32,108.4,18.76,565.0,0.673552,0.673552,13,"[70, 42, 74, 22, 36, 44, 55, 13, 20]","[131, 380, 333, 392, 372, 190, 245]","[70, 42, 74, 22, 36, 44, 55, 13, 20, 131, 380, 333, 392, 372, 190, 245]","{""Calcium, Ca"": 1090.2803, ""Copper, Cu"": 1.5690983000000003, ""Iron, Fe"": 16.718228999999997, ""Magnesium, Mg"": 461.86334, ""Manganese, Mn"": 5.2382181999999995, ""Phosphorus, P"": 1604.0569999999998, ""Sodium, Na"": 2577.7426, ""Potassium, K"": 4659.1448, ""Zinc, Zn"": 11.637046, ""Carbohydrate, by difference"": 342.25907, ""Fiber, total dietary"": 22.704864999999998, ""Protein"": 69.29118000000001, ""Energy"": 2690.2232, ""Vitamin A"": 1253.7232199999999, ""Vitamin B-6"": 3.85424, ""Vitamin B-12"": 11.365959000000002, ""Vitamin C, total ascorbic acid"": 258.662665, ""Vitamin D"": 0.7484919, ""Vitamin E (alpha-tocopherol)"": 49.75637, ""Thiamin"": 8.027897, ""Riboflavin"": 4.111376, ""Niacin"": 11.957598, ""Pantothenic acid"": 29.707838, ""Vitamin B-9 Folic acid"": 404.33969999999994, ""Vitamin B-7"": 29.464154000000004, ""Total lipid (fat)"": 126.42414}","{""Calcium, Ca"": [1000.0, 2500.0], ""Copper, Cu"": [0.9, 10.0], ""Iron, Fe"": [18.0, 45.0], ""Magnesium, Mg"": [310.0, 660.0], ""Manganese, Mn"": [1.8, 11.0], ""Phosphorus, P"": [700.0, 4000.0], ""Sodium, Na"": [1500.0, 2300.0], ""Potassium, K"": [4700.0, 10000.0], ""Zinc, Zn"": [8.0, 40.0], ""Carbohydrate, by difference"": [170.0, 300.0], ""Fiber, total dietary"": [20.0, 9999.0], ""Protein"": [40.0, 100.0], ""Energy"": [2000.0, 2400.0], ""Vitamin A"": [700.0, 3000.0], ""Vitamin B-6"": [1.3, 100.0], ""Vitamin B-12"": [2.4, 10000.0], ""Vitamin C, total ascorbic acid"": [75.0, 2000.0], ""Vitamin D"": [600.0, 4000.0], ""Vitamin E (alpha-tocopherol)"": [15.0, 1000.0], ""Thiamin"": [1.1, 10000.0], ""Riboflavin"": [1.1, 10000.0], ""Niacin"": [14.0, 35.0], ""Pantothenic acid"": [5.0, 10000.0], ""Vitamin B-9 Folic acid"": [400.0, 1000.0], ""Vitamin B-7"": [30.0, 10000.0], ""Total lipid (fat)"": [40.0, 120.0]}"
SPEA2,2,with_diversity,33,89.6,26.78,255.0,0.754734,0.754734,9,"[51, 43, 62, 90]","[316, 222, 286, 134, 246, 252, 331, 336, 375, 139]","[51, 43, 62, 90, 316, 222, 286, 134, 246, 252, 331, 336, 375, 139]","{""Calcium, Ca"": 847.2302, ""Copper, Cu"": 1.591403, ""Iron, Fe"": 15.593552999999998, ""Magnesium, Mg"": 408.4608, ""Manganese, Mn"": 5.711544, ""Phosphorus, P"": 976.9552, ""Sodium, Na"": 2411.7580000000003, ""Potassium, K"": 5668.043, ""Zinc, Zn"": 10.077283000000001, ""Carbohydrate, by difference"": 333.96452000000005, ""Fiber, total dietary"": 39.767540000000004, ""Protein"": 74.46549999999998, ""Energy"": 2756.6527, ""Vitamin A"": 1328.24632, ""Vitamin B-6"": 2.4271203000000003, ""Vitamin B-12"": 30.48888, ""Vitamin C, total ascorbic acid"": 556.8778, ""Vitamin D"": 8.575278, ""Vitamin E (alpha-tocopherol)"": 32.91964000000001, ""Thiamin"": 3.83548, ""Riboflavin"": 3.2695372000000003, ""Niacin"": 12.56198, ""Pantothenic acid"": 24.985449, ""Vitamin B-9 Folic acid"": 409.53880000000004, ""Vitamin B-7"": 12.5986, ""Total lipid (fat)"": 136.62768999999997}","{""Calcium, Ca"": [1000.0, 2500.0], ""Copper, Cu"": [0.9, 10.0], ""Iron, Fe"": [18.0, 45.0], ""Magnesium, Mg"": [310.0, 660.0], ""Manganese, Mn"": [1.8, 11.0], ""Phosphorus, P"": [700.0, 4000.0], ""Sodium, Na"": [1500.0, 2300.0], ""Potassium, K"": [4700.0, 10000.0], ""Zinc, Zn"": [8.0, 40.0], ""Carbohydrate, by difference"": [170.0, 300.0], ""Fiber, total dietary"": [20.0, 9999.0], ""Protein"": [40.0, 100.0], ""Energy"": [2000.0, 2400.0], ""Vitamin A"": [700.0, 3000.0], ""Vitamin B-6"": [1.3, 100.0], ""Vitamin B-12"": [2.4, 10000.0], ""Vitamin C, total ascorbic acid"": [75.0, 2000.0], ""Vitamin D"": [600.0, 4000.0], ""Vitamin E (alpha-tocopherol)"": [15.0, 1000.0], ""Thiamin"": [1.1, 10000.0], ""Riboflavin"": [1.1, 10000.0], ""Niacin"": [14.0, 35.0], ""Pantothenic acid"": [5.0, 10000.0], ""Vitamin B-9 Folic acid"": [400.0, 1000.0], ""Vitamin B-7"": [30.0, 10000.0], ""Total lipid (fat)"": [40.0, 120.0]}"
SPEA2,2,with_diversity,34,100.3,16.18,730.0,0.77874,0.77874,8,"[55, 13, 20, 51, 43]","[207, 317, 163, 312, 206, 379, 199, 309]","[55, 13, 20, 51, 43, 207, 317, 163, 312, 206, 379, 199, 309]","{""Calcium, Ca"": 1062.9183, ""Copper, Cu"": 1.7728533, ""Iron, Fe"": 19.585652999999997, ""Magnesium, Mg"": 513.2817, ""Manganese, Mn"": 6.7122569, ""Phosphorus, P"": 1697.5851, ""Sodium, Na"": 2626.270700000001, ""Potassium, K"": 5070.518999999999, ""Zinc, Zn"": 14.78513, ""Carbohydrate, by difference"": 322.29454, ""Fiber, total dietary"": 39.8803, ""Protein"": 77.41525999999999, ""Energy"": 2736.1387000000004, ""Vitamin A"": 328.74413, ""Vitamin B-6"": 3.6782111, ""Vitamin B-12"": 33.1290905, ""Vitamin C, total ascorbic acid"": 158.718524, ""Vitamin D"": 9.9671815, ""Vitamin E (alpha-tocopherol)"": 46.2833135, ""Thiamin"": 15.876253699999998, ""Riboflavin"": 10.680190099999999, ""Niacin"": 11.488706999999998, ""Pantothenic acid"": 66.466721, ""Vitamin B-9 Folic acid"": 518.07865, ""Vitamin B-7"": 40.873852, ""Total lipid (fat)"": 129.24201}","{""Calcium, Ca"": [1000.0, 2500.0], ""Copper, Cu"": [0.9, 10.0], ""Iron, Fe"": [18.0, 45.0], ""Magnesium, Mg"": [310.0, 660.0], ""Manganese, Mn"": [1.8, 11.0], ""Phosphorus, P"": [700.0, 4000.0], ""Sodium, Na"": [1500.0, 2300.0], ""Potassium, K"": [4700.0, 10000.0], ""Zinc, Zn"": [8.0, 40.0], ""Carbohydrate, by difference"": [170.0, 300.0], ""Fiber, total dietary"": [20.0, 9999.0], ""Protein"": [40.0, 100.0], ""Energy"": [2000.0, 2400.0], ""Vitamin A"": [700.0, 3000.0], ""Vitamin B-6"": [1.3, 100.0], ""Vitamin B-12"": [2.4, 10000.0], ""Vitamin C, total ascorbic acid"": [75.0, 2000.0], ""Vitamin D"": [600.0, 4000.0], ""Vitamin E (alpha-tocopherol)"": [15.0, 1000.0], ""Thiamin"": [1.1, 10000.0], ""Riboflavin"": [1.1, 10000.0], ""Niacin"": [14.0, 35.0], ""Pantothenic acid"": [5.0, 10000.0], ""Vitamin B-9 Folic acid"": [400.0, 1000.0], ""Vitamin B-7"": [30.0, 10000.0], ""Total lipid (fat)"": [40.0, 120.0]}"
SPEA2,2,with_diversity,35,101.4,32.54,212.0,0.697697,0.697697,10,"[65, 86, 5, 21, 92]","[255, 191, 147, 208, 264, 286, 376, 362, 113, 331, 336, 266]","[65, 86, 5, 21, 92, 255, 191, 147, 208, 264, 286, 376, 362, 113, 331, 336, 266]","{""Calcium, Ca"": 738.17935, ""Copper, Cu"": 1.2282097, ""Iron, Fe"": 18.278582399999994, ""Magnesium, Mg"": 374.62955, ""Manganese, Mn"": 2.7842684, ""Phosphorus, P"": 1081.2600067000003, ""Sodium, Na"": 1862.5634099999997, ""Potassium, K"": 6154.4831, ""Zinc, Zn"": 8.4906841, ""Carbohydrate, by difference"": 344.68346099999997, ""Fiber, total dietary"": 63.557594599999995, ""Protein"": 60.438881499999994, ""Energy"": 2729.07405, ""Vitamin A"": 2482.886926, ""Vitamin B-6"": 2.2551348000000004, ""Vitamin B-12"": 1.56118, ""Vitamin C, total ascorbic acid"": 522.9338417, ""Vitamin D"": 2.8206107, ""Vitamin E (alpha-tocopherol)"": 35.06623999999999, ""Thiamin"": 6.6016568, ""Riboflavin"": 1.0780997999999997, ""Niacin"": 17.4505412, ""Pantothenic acid"": 5.8699829999999995, ""Vitamin B-9 Folic acid"": 369.09152, ""Vitamin B-7"": 11.162373, ""Total lipid (fat)"": 137.38713819999998}","{""Calcium, Ca"": [1000.0, 2500.0], ""Copper, Cu"": [0.9, 10.0], ""Iron, Fe"": [18.0, 45.0], ""Magnesium, Mg"": [310.0, 660.0], ""Manganese, Mn"": [1.8, 11.0], ""Phosphorus, P"": [700.0, 4000.0], ""Sodium, Na"": [1500.0, 2300.0], ""Potassium, K"": [4700.0, 10000.0], ""Zinc, Zn"": [8.0, 40.0], ""Carbohydrate, by difference"": [170.0, 300.0], ""Fiber, total dietary"": [20.0, 9999.0], ""Protein"": [40.0, 100.0], ""Energy"": [2000.0, 2400.0], ""Vitamin A"": [700.0, 3000.0], ""Vitamin B-6"": [1.3, 100.0], ""Vitamin B-12"": [2.4, 10000.0], ""Vitamin C, total ascorbic acid"": [75.0, 2000.0], ""Vitamin D"": [600.0, 4000.0], ""Vitamin E (alpha-tocopherol)"": [15.0, 1000.0], ""Thiamin"": [1.1, 10000.0], ""Riboflavin"": [1.1, 10000.0], ""Niacin"": [14.0, 35.0], ""Pantothenic acid"": [5.0, 10000.0], ""Vitamin B-9 Folic acid"": [400.0, 1000.0], ""Vitamin B-7"": [30.0, 10000.0], ""Total lipid (fat)"": [40.0, 120.0]}"
SPEA2,2,with_diversity,36,169.9,40.58,467.0,0.357027,0.357027,13,"[35, 3, 70, 42, 74, 22, 36, 44, 55, 13, 12, 92, 7, 76]","[147, 270, 316, 280, 127, 390, 265, 266, 139, 161]","[35, 3, 70, 42, 74, 22, 36, 44, 55, 13, 12, 92, 7, 76, 147, 270, 316, 280, 127, 390, 265, 266, 139, 161]","{""Calcium, Ca"": 742.73384, ""Copper, Cu"": 1.7237715999999998, ""Iron, Fe"": 19.667544, ""Magnesium, Mg"": 489.18343, ""Manganese, Mn"": 5.7015965, ""Phosphorus, P"": 1400.27244, ""Sodium, Na"": 2071.567, ""Potassium, K"": 7021.447900000001, ""Zinc, Zn"": 12.974702, ""Carbohydrate, by difference"": 249.12441199999998, ""Fiber, total dietary"": 38.117006, ""Protein"": 64.260442, ""Energy"": 2461.02045, ""Vitamin A"": 1731.1243299999999, ""Vitamin B-6"": 4.057794800000001, ""Vitamin B-12"": 15.1427147, ""Vitamin C, total ascorbic acid"": 682.292694, ""Vitamin D"": 0.122998, ""Vitamin E (alpha-tocopherol)"": 51.24255000000001, ""Thiamin"": 7.040334, ""Riboflavin"": 3.9549880999999996, ""Niacin"": 19.6782362, ""Pantothenic acid"": 30.7050541, ""Vitamin B-9 Folic acid"": 480.55661, ""Vitamin B-7"": 25.466200999999998, ""Total lipid (fat)"": 137.96853019999998}","{""Calcium, Ca"": [1000.0, 2500.0], ""Copper, Cu"": [0.9, 10.0], ""Iron, Fe"": [18.0, 45.0], ""Magnesium, Mg"": [310.0, 660.0], ""Manganese, Mn"": [1.8, 11.0], ""Phosphorus, P"": [700.0, 4000.0], ""Sodium, Na"": [1500.0, 2300.0], ""Potassium, K"": [4700.0, 10000.0], ""Zinc, Zn"": [8.0, 40.0], ""Carbohydrate, by difference"": [170.0, 300.0], ""Fiber, total dietary"": [20.0, 9999.0], ""Protein"": [40.0, 100.0], ""Energy"": [2000.0, 2400.0], ""Vitamin A"": [700.0, 3000.0], ""Vitamin B-6"": [1.3, 100.0], ""Vitamin B-12"": [2.4, 10000.0], ""Vitamin C, total ascorbic acid"": [75.0, 2000.0], ""Vitamin D"": [600.0, 4000.0], ""Vitamin E (alpha-tocopherol)"": [15.0, 1000.0], ""Thiamin"": [1.1, 10000.0], ""Riboflavin"": [1.1, 10000.0], ""Niacin"": [14.0, 35.0], ""Pantothenic acid"": [5.0, 10000.0], ""Vitamin B-9 Folic acid"": [400.0, 1000.0], ""Vitamin B-7"": [30.0, 10000.0], ""Total lipid (fat)"": [40.0, 120.0]}"
SPEA2,2,with_diversity,37,85.1,22.99,160.0,1.013403,1.013403,10,"[51, 27, 35, 86]","[316, 225, 200, 280, 286, 160, 336, 266, 245]","[51, 27, 35, 86, 316, 225, 200, 280, 286, 160, 336, 266, 245]","{""Calcium, Ca"": 514.90538, ""Copper, Cu"": 1.1336241999999999, ""Iron, Fe"": 17.227586, ""Magnesium, Mg"": 376.34781999999996, ""Manganese, Mn"": 5.452894199999999, ""Phosphorus, P"": 924.12884, ""Sodium, Na"": 1603.2684000000002, ""Potassium, K"": 4682.671200000001, ""Zinc, Zn"": 13.141611000000003, ""Carbohydrate, by difference"": 338.45092, ""Fiber, total dietary"": 28.293002000000005, ""Protein"": 63.094896000000006, ""Energy"": 2725.9745300000004, ""Vitamin A"": 890.69282, ""Vitamin B-6"": 2.608064, ""Vitamin B-12"": 8.772, ""Vitamin C, total ascorbic acid"": 322.931542, ""Vitamin D"": 0.543678, ""Vitamin E (alpha-tocopherol)"": 36.465680000000006, ""Thiamin"": 3.9844600000000003, ""Riboflavin"": 2.1524607, ""Niacin"": 10.305690199999999, ""Pantothenic acid"": 14.58358, ""Vitamin B-9 Folic acid"": 292.69761, ""Vitamin B-7"": 15.906039999999999, ""Total lipid (fat)"": 135.6696202}","{""Calcium, Ca"": [1000.0, 2500.0], ""Copper, Cu"": [0.9, 10.0], ""Iron, Fe"": [18.0, 45.0], ""Magnesium, Mg"": [310.0, 660.0], ""Manganese, Mn"": [1.8, 11.0], ""Phosphorus, P"": [700.0, 4000.0], ""Sodium, Na"": [1500.0, 2300.0], ""Potassium, K"": [4700.0, 10000.0], ""Zinc, Zn"": [8.0, 40.0], ""Carbohydrate, by difference"": [170.0, 300.0], ""Fiber, total dietary"": [20.0, 9999.0], ""Protein"": [40.0, 100.0], ""Energy"": [2000.0, 2400.0], ""Vitamin A"": [700.0, 3000.0], ""Vitamin B-6"": [1.3, 100.0], ""Vitamin B-12"": [2.4, 10000.0], ""Vitamin C, total ascorbic acid"": [75.0, 2000.0], ""Vitamin D"": [600.0, 4000.0], ""Vitamin E (alpha-tocopherol)"": [15.0, 1000.0], ""Thiamin"": [1.1, 10000.0], ""Riboflavin"": [1.1, 10000.0], ""Niacin"": [14.0, 35.0], ""Pantothenic acid"": [5.0, 10000.0], ""Vitamin B-9 Folic acid"": [400.0, 1000.0], ""Vitamin B-7"": [30.0, 10000.0], ""Total lipid (fat)"": [40.0, 120.0]}"
SPEA2,2,with_diversity,38,89.8,17.81,420.0,0.808626,0.808626,9,"[20, 51, 43, 62]","[126, 181, 312, 328, 114, 252, 208, 353]","[20, 51, 43, 62, 126, 181, 312, 328, 114, 252, 208, 353]","{""Calcium, Ca"": 812.1255000000001, ""Copper, Cu"": 1.7410144, ""Iron, Fe"": 26.616260000000004, ""Magnesium, Mg"": 450.9574, ""Manganese, Mn"": 2.5994659, ""Phosphorus, P"": 956.4881800000002, ""Sodium, Na"": 2606.7335100000005, ""Potassium, K"": 3781.2794000000004, ""Zinc, Zn"": 8.142726099999999, ""Carbohydrate, by difference"": 340.65142999999995, ""Fiber, total dietary"": 23.172254, ""Protein"": 60.93017, ""Energy"": 2281.2442, ""Vitamin A"": 1558.32951, ""Vitamin B-6"": 2.5858271999999998, ""Vitamin B-12"": 38.5063785, ""Vitamin C, total ascorbic acid"": 243.684204, ""Vitamin D"": 8.680319, ""Vitamin E (alpha-tocopherol)"": 28.5761835, ""Thiamin"": 5.922375799999999, ""Riboflavin"": 5.2673871, ""Niacin"": 7.356857, ""Pantothenic acid"": 41.086680099999995, ""Vitamin B-9 Folic acid"": 360.45101999999997, ""Vitamin B-7"": 9.288295, ""Total lipid (fat)"": 78.74941000000001}","{""Calcium, Ca"": [1000.0, 2500.0], ""Copper, Cu"": [0.9, 10.0], ""Iron, Fe"": [18.0, 45.0], ""Magnesium, Mg"": [310.0, 660.0], ""Manganese, Mn"": [1.8, 11.0], ""Phosphorus, P"": [700.0, 4000.0], ""Sodium, Na"": [1500.0, 2300.0], ""Potassium, K"": [4700.0, 10000.0], ""Zinc, Zn"": [8.0, 40.0], ""Carbohydrate, by difference"": [170.0, 300.0], ""Fiber, total dietary"": [20.0, 9999.0], ""Protein"": [40.0, 100.0], ""Energy"": [2000.0, 2400.0], ""Vitamin A"": [700.0, 3000.0], ""Vitamin B-6"": [1.3, 100.0], ""Vitamin B-12"": [2.4, 10000.0], ""Vitamin C, total ascorbic acid"": [75.0, 2000.0], ""Vitamin D"": [600.0, 4000.0], ""Vitamin E (alpha-tocopherol)"": [15.0, 1000.0], ""Thiamin"": [1.1, 10000.0], ""Riboflavin"": [1.1, 10000.0], ""Niacin"": [14.0, 35.0], ""Pantothenic acid"": [5.0, 10000.0], ""Vitamin B-9 Folic acid"": [400.0, 1000.0], ""Vitamin B-7"": [30.0, 10000.0], ""Total lipid (fat)"": [40.0, 120.0]}"
SPEA2,2,with_diversity,39,110.8,31.18,295.0,0.769645,0.769645,12,"[51, 84, 3, 8, 52, 91, 54]","[182, 222, 311, 286, 336, 251, 385, 139]","[51, 84, 3, 8, 52, 91, 54, 182, 222, 311, 286, 336, 251, 385, 139]","{""Calcium, Ca"": 1123.99675, ""Copper, Cu"": 1.2490850000000002, ""Iron, Fe"": 16.7437178, ""Magnesium, Mg"": 365.3179, ""Manganese, Mn"": 2.3363000000000005, ""Phosphorus, P"": 906.3117, ""Sodium, Na"": 2622.533, ""Potassium, K"": 5745.665, ""Zinc, Zn"": 8.835882, ""Carbohydrate, by difference"": 324.48905, ""Fiber, total dietary"": 45.46537, ""Protein"": 77.02664999999999, ""Energy"": 2755.8255, ""Vitamin A"": 460.20932, ""Vitamin B-6"": 3.3628780000000003, ""Vitamin B-12"": 14.79064, ""Vitamin C, total ascorbic acid"": 520.9373, ""Vitamin D"": 0.10083929999999999, ""Vitamin E (alpha-tocopherol)"": 39.922560000000004, ""Thiamin"": 8.309182, ""Riboflavin"": 3.3389073, ""Niacin"": 13.022534, ""Pantothenic acid"": 25.774082000000003, ""Vitamin B-9 Folic acid"": 406.3471, ""Vitamin B-7"": 12.3697, ""Total lipid (fat)"": 136.64903}","{""Calcium, Ca"": [1000.0, 2500.0], ""Copper, Cu"": [0.9, 10.0], ""Iron, Fe"": [18.0, 45.0], ""Magnesium, Mg"": [310.0, 660.0], ""Manganese, Mn"": [1.8, 11.0], ""Phosphorus, P"": [700.0, 4000.0], ""Sodium, Na"": [1500.0, 2300.0], ""Potassium, K"": [4700.0, 10000.0], ""Zinc, Zn"": [8.0, 40.0], ""Carbohydrate, by difference"": [170.0, 300.0], ""Fiber, total dietary"": [20.0, 9999.0], ""Protein"": [40.0, 100.0], ""Energy"": [2000.0, 2400.0], ""Vitamin A"": [700.0, 3000.0], ""Vitamin B-6"": [1.3, 100.0], ""Vitamin B-12"": [2.4, 10000.0], ""Vitamin C, total ascorbic acid"": [75.0, 2000.0], ""Vitamin D"": [600.0, 4000.0], ""Vitamin E (alpha-tocopherol)"": [15.0, 1000.0], ""Thiamin"": [1.1, 10000.0], ""Riboflavin"": [1.1, 10000.0], ""Niacin"": [14.0, 35.0], ""Pantothenic acid"": [5.0, 10000.0], ""Vitamin B-9 Folic acid"": [400.0, 1000.0], ""Vitamin B-7"": [30.0, 10000.0], ""Total lipid (fat)"": [40.0, 120.0]}"
SPEA2,2,with_diversity,40,147.4,30.29,340.0,1.319661,1.319661,12,"[35, 70, 42, 74, 22, 36, 44, 55, 13, 3, 12, 92, 76, 7]","[339, 127, 265, 252, 266, 336]","[35, 70, 42, 74, 22, 36, 44, 55, 13, 3, 12, 92, 76, 7, 339, 127, 265, 252, 266, 336]","{""Calcium, Ca"": 564.67804, ""Copper, Cu"": 1.6052582000000002, ""Iron, Fe"": 15.096700999999998, ""Magnesium, Mg"": 359.17006, ""Manganese, Mn"": 9.7335502, ""Phosphorus, P"": 759.5150399999999, ""Sodium, Na"": 1589.8659999999998, ""Potassium, K"": 4053.1258, ""Zinc, Zn"": 6.623471, ""Carbohydrate, by difference"": 343.2772819999999, ""Fiber, total dietary"": 16.347100000000005, ""Protein"": 36.608902, ""Energy"": 2706.8884500000004, ""Vitamin A"": 2578.0469, ""Vitamin B-6"": 2.5273120000000002, ""Vitamin B-12"": 13.122340000000001, ""Vitamin C, total ascorbic acid"": 383.7461939999999, ""Vitamin D"": 3.1563600000000003, ""Vitamin E (alpha-tocopherol)"": 25.134649999999997, ""Thiamin"": 1.7691540000000001, ""Riboflavin"": 3.3137646999999992, ""Niacin"": 10.0378402, ""Pantothenic acid"": 27.25463, ""Vitamin B-9 Folic acid"": 199.25501000000003, ""Vitamin B-7"": 19.15115, ""Total lipid (fat)"": 137.57877019999995}","{""Calcium, Ca"": [1000.0, 2500.0], ""Copper, Cu"": [0.9, 10.0], ""Iron, Fe"": [18.0, 45.0], ""Magnesium, Mg"": [310.0, 660.0], ""Manganese, Mn"": [1.8, 11.0], ""Phosphorus, P"": [700.0, 4000.0], ""Sodium, Na"": [1500.0, 2300.0], ""Potassium, K"": [4700.0, 10000.0], ""Zinc, Zn"": [8.0, 40.0], ""Carbohydrate, by difference"": [170.0, 300.0], ""Fiber, total dietary"": [20.0, 9999.0], ""Protein"": [40.0, 100.0], ""Energy"": [2000.0, 2400.0], ""Vitamin A"": [700.0, 3000.0], ""Vitamin B-6"": [1.3, 100.0], ""Vitamin B-12"": [2.4, 10000.0], ""Vitamin C, total ascorbic acid"": [75.0, 2000.0], ""Vitamin D"": [600.0, 4000.0], ""Vitamin E (alpha-tocopherol)"": [15.0, 1000.0], ""Thiamin"": [1.1, 10000.0], ""Riboflavin"": [1.1, 10000.0], ""Niacin"": [14.0, 35.0], ""Pantothenic acid"": [5.0, 10000.0], ""Vitamin B-9 Folic acid"": [400.0, 1000.0], ""Vitamin B-7"": [30.0, 10000.0], ""Total lipid (fat)"": [40.0, 120.0]}"
SPEA2,2,with_diversity,41,139.4,22.98,465.0,0.920151,0.920151,12,"[70, 42, 74, 22, 36, 44, 55, 13, 20]","[190, 331, 252, 305, 344, 358, 367, 336, 266, 245]","[70, 42, 74, 22, 36, 44, 55, 13, 20, 190, 331, 252, 305, 344, 358, 367, 336, 266, 245]","{""Calcium, Ca"": 870.16504, ""Copper, Cu"": 1.4850382, ""Iron, Fe"": 17.553840999999995, ""Magnesium, Mg"": 392.29265999999996, ""Manganese, Mn"": 2.2794882, ""Phosphorus, P"": 1027.01184, ""Sodium, Na"": 2471.7331, ""Potassium, K"": 5167.4908000000005, ""Zinc, Zn"": 6.465755000000001, ""Carbohydrate, by difference"": 342.02898000000005, ""Fiber, total dietary"": 28.212141999999997, ""Protein"": 52.39456200000001, ""Energy"": 2727.65423, ""Vitamin A"": 2381.0615099999995, ""Vitamin B-6"": 3.5360940000000003, ""Vitamin B-12"": 10.9109566, ""Vitamin C, total ascorbic acid"": 414.145106, ""Vitamin D"": 0.420902, ""Vitamin E (alpha-tocopherol)"": 49.38571, ""Thiamin"": 7.816942500000001, ""Riboflavin"": 3.3999265999999997, ""Niacin"": 11.0385752, ""Pantothenic acid"": 27.817118, ""Vitamin B-9 Folic acid"": 296.04161, ""Vitamin B-7"": 16.304972, ""Total lipid (fat)"": 136.77301020000002}","{""Calcium, Ca"": [1000.0, 2500.0], ""Copper, Cu"": [0.9, 10.0], ""Iron, Fe"": [18.0, 45.0], ""Magnesium, Mg"": [310.0, 660.0], ""Manganese, Mn"": [1.8, 11.0], ""Phosphorus, P"": [700.0, 4000.0], ""Sodium, Na"": [1500.0, 2300.0], ""Potassium, K"": [4700.0, 10000.0], ""Zinc, Zn"": [8.0, 40.0], ""Carbohydrate, by difference"": [170.0, 300.0], ""Fiber, total dietary"": [20.0, 9999.0], ""Protein"": [40.0, 100.0], ""Energy"": [2000.0, 2400.0], ""Vitamin A"": [700.0, 3000.0], ""Vitamin B-6"": [1.3, 100.0], ""Vitamin B-12"": [2.4, 10000.0], ""Vitamin C, total ascorbic acid"": [75.0, 2000.0], ""Vitamin D"": [600.0, 4000.0], ""Vitamin E (alpha-tocopherol)"": [15.0, 1000.0], ""Thiamin"": [1.1, 10000.0], ""Riboflavin"": [1.1, 10000.0], ""Niacin"": [14.0, 35.0], ""Pantothenic acid"": [5.0, 10000.0], ""Vitamin B-9 Folic acid"": [400.0, 1000.0], ""Vitamin B-7"": [30.0, 10000.0], ""Total lipid (fat)"": [40.0, 120.0]}"
SPEA2,2,with_diversity,42,106.2,38.44,250.0,0.647366,0.647366,11,"[27, 35, 86, 5, 42, 8]","[304, 210, 295, 286, 251, 113, 331, 336, 266, 245]","[27, 35, 86, 5, 42, 8, 304, 210, 295, 286, 251, 113, 331, 336, 266, 245]","{""Calcium, Ca"": 1288.02856, ""Copper, Cu"": 1.6528263000000005, ""Iron, Fe"": 22.8441846, ""Magnesium, Mg"": 423.62834999999995, ""Manganese, Mn"": 4.3480164, ""Phosphorus, P"": 1639.0135067000003, ""Sodium, Na"": 2591.87366, ""Potassium, K"": 6516.6857, ""Zinc, Zn"": 18.3253661, ""Carbohydrate, by difference"": 311.7737, ""Fiber, total dietary"": 42.2681346, ""Protein"": 112.12405150000001, ""Energy"": 2755.15203, ""Vitamin A"": 1963.13656, ""Vitamin B-6"": 3.3476758, ""Vitamin B-12"": 10.732873999999999, ""Vitamin C, total ascorbic acid"": 536.685614, ""Vitamin D"": 0.6202771, ""Vitamin E (alpha-tocopherol)"": 39.12909, ""Thiamin"": 5.782558799999999, ""Riboflavin"": 3.2191921000000003, ""Niacin"": 18.2990162, ""Pantothenic acid"": 16.122226, ""Vitamin B-9 Folic acid"": 461.00332000000003, ""Vitamin B-7"": 18.916451, ""Total lipid (fat)"": 135.88777819999999}","{""Calcium, Ca"": [1000.0, 2500.0], ""Copper, Cu"": [0.9, 10.0], ""Iron, Fe"": [18.0, 45.0], ""Magnesium, Mg"": [310.0, 660.0], ""Manganese, Mn"": [1.8, 11.0], ""Phosphorus, P"": [700.0, 4000.0], ""Sodium, Na"": [1500.0, 2300.0], ""Potassium, K"": [4700.0, 10000.0], ""Zinc, Zn"": [8.0, 40.0], ""Carbohydrate, by difference"": [170.0, 300.0], ""Fiber, total dietary"": [20.0, 9999.0], ""Protein"": [40.0, 100.0], ""Energy"": [2000.0, 2400.0], ""Vitamin A"": [700.0, 3000.0], ""Vitamin B-6"": [1.3, 100.0], ""Vitamin B-12"": [2.4, 10000.0], ""Vitamin C, total ascorbic acid"": [75.0, 2000.0], ""Vitamin D"": [600.0, 4000.0], ""Vitamin E (alpha-tocopherol)"": [15.0, 1000.0], ""Thiamin"": [1.1, 10000.0], ""Riboflavin"": [1.1, 10000.0], ""Niacin"": [14.0, 35.0], ""Pantothenic acid"": [5.0, 10000.0], ""Vitamin B-9 Folic acid"": [400.0, 1000.0], ""Vitamin B-7"": [30.0, 10000.0], ""Total lipid (fat)"": [40.0, 120.0]}"
SPEA2,2,with_diversity,43,148.5,36.79,464.0,0.827492,0.827492,13,"[35, 70, 42, 74, 22, 36, 44, 55, 13, 3, 12, 92, 7, 76]","[397, 254, 151, 125, 283, 376, 336, 245]","[35, 70, 42, 74, 22, 36, 44, 55, 13, 3, 12, 92, 7, 76, 397, 254, 151, 125, 283, 376, 336, 245]","{""Calcium, Ca"": 461.5149, ""Copper, Cu"": 2.0042370000000003, ""Iron, Fe"": 22.731474, ""Magnesium, Mg"": 451.24474000000004, ""Manganese, Mn"": 6.124922, ""Phosphorus, P"": 1404.0438, ""Sodium, Na"": 2541.7599999999998, ""Potassium, K"": 4458.6126, ""Zinc, Zn"": 18.767287000000003, ""Carbohydrate, by difference"": 264.650802, ""Fiber, total dietary"": 24.9982, ""Protein"": 79.38952, ""Energy"": 2580.10742, ""Vitamin A"": 1807.2696678, ""Vitamin B-6"": 3.1477457, ""Vitamin B-12"": 30.978659999999998, ""Vitamin C, total ascorbic acid"": 505.71713, ""Vitamin D"": 0.106517, ""Vitamin E (alpha-tocopherol)"": 49.04426, ""Thiamin"": 3.7746067, ""Riboflavin"": 10.212157599999998, ""Niacin"": 21.241039999999998, ""Pantothenic acid"": 68.321903, ""Vitamin B-9 Folic acid"": 290.2888, ""Vitamin B-7"": 100.264578, ""Total lipid (fat)"": 137.88607}","{""Calcium, Ca"": [1000.0, 2500.0], ""Copper, Cu"": [0.9, 10.0], ""Iron, Fe"": [18.0, 45.0], ""Magnesium, Mg"": [310.0, 660.0], ""Manganese, Mn"": [1.8, 11.0], ""Phosphorus, P"": [700.0, 4000.0], ""Sodium, Na"": [1500.0, 2300.0], ""Potassium, K"": [4700.0, 10000.0], ""Zinc, Zn"": [8.0, 40.0], ""Carbohydrate, by difference"": [170.0, 300.0], ""Fiber, total dietary"": [20.0, 9999.0], ""Protein"": [40.0, 100.0], ""Energy"": [2000.0, 2400.0], ""Vitamin A"": [700.0, 3000.0], ""Vitamin B-6"": [1.3, 100.0], ""Vitamin B-12"": [2.4, 10000.0], ""Vitamin C, total ascorbic acid"": [75.0, 2000.0], ""Vitamin D"": [600.0, 4000.0], ""Vitamin E (alpha-tocopherol)"": [15.0, 1000.0], ""Thiamin"": [1.1, 10000.0], ""Riboflavin"": [1.1, 10000.0], ""Niacin"": [14.0, 35.0], ""Pantothenic acid"": [5.0, 10000.0], ""Vitamin B-9 Folic acid"": [400.0, 1000.0], ""Vitamin B-7"": [30.0, 10000.0], ""Total lipid (fat)"": [40.0, 120.0]}"
SPEA2,2,with_diversity,44,196.2,36.79,555.0,0.63425,0.63425,14,"[35, 70, 42, 74, 22, 36, 44, 55, 13, 3, 12, 92, 7, 76]","[401, 176, 200, 190, 331, 252, 367, 253, 284, 353, 336, 245, 266]","[35, 70, 42, 74, 22, 36, 44, 55, 13, 3, 12, 92, 7, 76, 401, 176, 200, 190, 331, 252, 367, 253, 284, 353, 336, 245, 266]","{""Calcium, Ca"": 914.573978, ""Copper, Cu"": 1.7703823000000003, ""Iron, Fe"": 23.6482343, ""Magnesium, Mg"": 600.88135, ""Manganese, Mn"": 7.3075943, ""Phosphorus, P"": 1169.9270328, ""Sodium, Na"": 2565.339065, ""Potassium, K"": 5987.376087999999, ""Zinc, Zn"": 11.775767100000001, ""Carbohydrate, by difference"": 338.708142, ""Fiber, total dietary"": 31.070802999999998, ""Protein"": 54.15138529999999, ""Energy"": 2698.9808500000004, ""Vitamin A"": 2840.1468299999997, ""Vitamin B-6"": 4.601700999999999, ""Vitamin B-12"": 26.690170000000002, ""Vitamin C, total ascorbic acid"": 488.1504219999999, ""Vitamin D"": 0.6395426999999999, ""Vitamin E (alpha-tocopherol)"": 59.451620000000005, ""Thiamin"": 4.075206100000001, ""Riboflavin"": 6.1099597, ""Niacin"": 13.6421412, ""Pantothenic acid"": 50.42900300000001, ""Vitamin B-9 Folic acid"": 604.2575499999999, ""Vitamin B-7"": 27.31929, ""Total lipid (fat)"": 132.21473020000002}","{""Calcium, Ca"": [1000.0, 2500.0], ""Copper, Cu"": [0.9, 10.0], ""Iron, Fe"": [18.0, 45.0], ""Magnesium, Mg"": [310.0, 660.0], ""Manganese, Mn"": [1.8, 11.0], ""Phosphorus, P"": [700.0, 4000.0], ""Sodium, Na"": [1500.0, 2300.0], ""Potassium, K"": [4700.0, 10000.0], ""Zinc, Zn"": [8.0, 40.0], ""Carbohydrate, by difference"": [170.0, 300.0], ""Fiber, total dietary"": [20.0, 9999.0], ""Protein"": [40.0, 100.0], ""Energy"": [2000.0, 2400.0], ""Vitamin A"": [700.0, 3000.0], ""Vitamin B-6"": [1.3, 100.0], ""Vitamin B-12"": [2.4, 10000.0], ""Vitamin C, total ascorbic acid"": [75.0, 2000.0], ""Vitamin D"": [600.0, 4000.0], ""Vitamin E (alpha-tocopherol)"": [15.0, 1000.0], ""Thiamin"": [1.1, 10000.0], ""Riboflavin"": [1.1, 10000.0], ""Niacin"": [14.0, 35.0], ""Pantothenic acid"": [5.0, 10000.0], ""Vitamin B-9 Folic acid"": [400.0, 1000.0], ""Vitamin B-7"": [30.0, 10000.0], ""Total lipid (fat)"": [40.0, 120.0]}"
SPEA2,2,with_diversity,45,62.6,12.69,375.0,0.622498,0.622498,7,"[13, 66]","[200, 190, 331, 358, 110, 284, 266]","[13, 66, 200, 190, 331, 358, 110, 284, 266]","{""Calcium, Ca"": 750.4502780000001, ""Copper, Cu"": 1.7347111999999998, ""Iron, Fe"": 18.1131453, ""Magnesium, Mg"": 433.63386999999994, ""Manganese, Mn"": 5.5902222, ""Phosphorus, P"": 1546.5277528, ""Sodium, Na"": 1546.5839, ""Potassium, K"": 3806.543388, ""Zinc, Zn"": 12.272884999999999, ""Carbohydrate, by difference"": 344.64441, ""Fiber, total dietary"": 26.954852, ""Protein"": 58.5715053, ""Energy"": 2562.15423, ""Vitamin A"": 853.0349199999999, ""Vitamin B-6"": 3.4171644, ""Vitamin B-12"": 8.15314, ""Vitamin C, total ascorbic acid"": 255.23097199999998, ""Vitamin D"": 1.4910572999999998, ""Vitamin E (alpha-tocopherol)"": 48.52398, ""Thiamin"": 2.982708, ""Riboflavin"": 4.377526700000001, ""Niacin"": 22.6678002, ""Pantothenic acid"": 18.218899999999998, ""Vitamin B-9 Folic acid"": 365.56481, ""Vitamin B-7"": 39.506483, ""Total lipid (fat)"": 115.28103020000002}","{""Calcium, Ca"": [1000.0, 2500.0], ""Copper, Cu"": [0.9, 10.0], ""Iron, Fe"": [18.0, 45.0], ""Magnesium, Mg"": [310.0, 660.0], ""Manganese, Mn"": [1.8, 11.0], ""Phosphorus, P"": [700.0, 4000.0], ""Sodium, Na"": [1500.0, 2300.0], ""Potassium, K"": [4700.0, 10000.0], ""Zinc, Zn"": [8.0, 40.0], ""Carbohydrate, by difference"": [170.0, 300.0], ""Fiber, total dietary"": [20.0, 9999.0], ""Protein"": [40.0, 100.0], ""Energy"": [2000.0, 2400.0], ""Vitamin A"": [700.0, 3000.0], ""Vitamin B-6"": [1.3, 100.0], ""Vitamin B-12"": [2.4, 10000.0], ""Vitamin C, total ascorbic acid"": [75.0, 2000.0], ""Vitamin D"": [600.0, 4000.0], ""Vitamin E (alpha-tocopherol)"": [15.0, 1000.0], ""Thiamin"": [1.1, 10000.0], ""Riboflavin"": [1.1, 10000.0], ""Niacin"": [14.0, 35.0], ""Pantothenic acid"": [5.0, 10000.0], ""Vitamin B-9 Folic acid"": [400.0, 1000.0], ""Vitamin B-7"": [30.0, 10000.0], ""Total lipid (fat)"": [40.0, 120.0]}"
SPEA2,2,with_diversity,46,31.1,18.68,158.0,0.851681,0.851681,8,"[5, 86, 93, 11]","[250, 373, 350, 353, 266]","[5, 86, 93, 11, 250, 373, 350, 353, 266]","{""Calcium, Ca"": 972.53416, ""Copper, Cu"": 1.0072548000000001, ""Iron, Fe"": 18.5501076, ""Magnesium, Mg"": 346.15954999999997, ""Manganese, Mn"": 1.0865395, ""Phosphorus, P"": 1538.53404, ""Sodium, Na"": 1514.61492, ""Potassium, K"": 4528.5136999999995, ""Zinc, Zn"": 20.334396699999996, ""Carbohydrate, by difference"": 237.68392999999998, ""Fiber, total dietary"": 26.237985600000002, ""Protein"": 114.8460915, ""Energy"": 2573.7496300000003, ""Vitamin A"": 206.87903000000003, ""Vitamin B-6"": 3.2844534999999997, ""Vitamin B-12"": 15.03792, ""Vitamin C, total ascorbic acid"": 174.629597, ""Vitamin D"": 0.205884, ""Vitamin E (alpha-tocopherol)"": 29.91577, ""Thiamin"": 3.9370404, ""Riboflavin"": 3.2194868, ""Niacin"": 20.3600312, ""Pantothenic acid"": 17.515714, ""Vitamin B-9 Folic acid"": 212.92112, ""Vitamin B-7"": 11.968278, ""Total lipid (fat)"": 137.1452702}","{""Calcium, Ca"": [1000.0, 2500.0], ""Copper, Cu"": [0.9, 10.0], ""Iron, Fe"": [18.0, 45.0], ""Magnesium, Mg"": [310.0, 660.0], ""Manganese, Mn"": [1.8, 11.0], ""Phosphorus, P"": [700.0, 4000.0], ""Sodium, Na"": [1500.0, 2300.0], ""Potassium, K"": [4700.0, 10000.0], ""Zinc, Zn"": [8.0, 40.0], ""Carbohydrate, by difference"": [170.0, 300.0], ""Fiber, total dietary"": [20.0, 9999.0], ""Protein"": [40.0, 100.0], ""Energy"": [2000.0, 2400.0], ""Vitamin A"": [700.0, 3000.0], ""Vitamin B-6"": [1.3, 100.0], ""Vitamin B-12"": [2.4, 10000.0], ""Vitamin C, total ascorbic acid"": [75.0, 2000.0], ""Vitamin D"": [600.0, 4000.0], ""Vitamin E (alpha-tocopherol)"": [15.0, 1000.0], ""Thiamin"": [1.1, 10000.0], ""Riboflavin"": [1.1, 10000.0], ""Niacin"": [14.0, 35.0], ""Pantothenic acid"": [5.0, 10000.0], ""Vitamin B-9 Folic acid"": [400.0, 1000.0], ""Vitamin B-7"": [30.0, 10000.0], ""Total lipid (fat)"": [40.0, 120.0]}"
SPEA2,2,with_diversity,47,38.5,21.69,165.0,1.433791,1.433791,8,"[62, 90, 75, 84]","[316, 222, 355, 252, 266, 336]","[62, 90, 75, 84, 316, 222, 355, 252, 266, 336]","{""Calcium, Ca"": 623.96784, ""Copper, Cu"": 0.5052162, ""Iron, Fe"": 11.784271, ""Magnesium, Mg"": 202.87822, ""Manganese, Mn"": 1.3900021999999999, ""Phosphorus, P"": 671.5481399999999, ""Sodium, Na"": 2597.4020000000005, ""Potassium, K"": 3530.6602, ""Zinc, Zn"": 8.385047000000002, ""Carbohydrate, by difference"": 219.13591, ""Fiber, total dietary"": 28.996402, ""Protein"": 64.981032, ""Energy"": 2206.0900300000003, ""Vitamin A"": 614.83246, ""Vitamin B-6"": 1.3234, ""Vitamin B-12"": 17.87724, ""Vitamin C, total ascorbic acid"": 110.722002, ""Vitamin D"": 8.597942000000002, ""Vitamin E (alpha-tocopherol)"": 36.7106, ""Thiamin"": 4.35218, ""Riboflavin"": 0.6272727, ""Niacin"": 7.5433502, ""Pantothenic acid"": 2.38996, ""Vitamin B-9 Folic acid"": 299.50121, ""Vitamin B-7"": 4.76186, ""Total lipid (fat)"": 137.92360019999998}","{""Calcium, Ca"": [1000.0, 2500.0], ""Copper, Cu"": [0.9, 10.0], ""Iron, Fe"": [18.0, 45.0], ""Magnesium, Mg"": [310.0, 660.0], ""Manganese, Mn"": [1.8, 11.0], ""Phosphorus, P"": [700.0, 4000.0], ""Sodium, Na"": [1500.0, 2300.0], ""Potassium, K"": [4700.0, 10000.0], ""Zinc, Zn"": [8.0, 40.0], ""Carbohydrate, by difference"": [170.0, 300.0], ""Fiber, total dietary"": [20.0, 9999.0], ""Protein"": [40.0, 100.0], ""Energy"": [2000.0, 2400.0], ""Vitamin A"": [700.0, 3000.0], ""Vitamin B-6"": [1.3, 100.0], ""Vitamin B-12"": [2.4, 10000.0], ""Vitamin C, total ascorbic acid"": [75.0, 2000.0], ""Vitamin D"": [600.0, 4000.0], ""Vitamin E (alpha-tocopherol)"": [15.0, 1000.0], ""Thiamin"": [1.1, 10000.0], ""Riboflavin"": [1.1, 10000.0], ""Niacin"": [14.0, 35.0], ""Pantothenic acid"": [5.0, 10000.0], ""Vitamin B-9 Folic acid"": [400.0, 1000.0], ""Vitamin B-7"": [30.0, 10000.0], ""Total lipid (fat)"": [40.0, 120.0]}"
SPEA2,2,with_diversity,48,111.2,23.18,400.0,0.604964,0.604964,12,"[74, 22, 36, 44, 55, 13, 39]","[262, 200, 190, 331, 252, 367, 110, 336, 245, 266]","[74, 22, 36, 44, 55, 13, 39, 262, 200, 190, 331, 252, 367, 110, 336, 245, 266]","{""Calcium, Ca"": 603.5372400000001, ""Copper, Cu"": 1.8957272, ""Iron, Fe"": 20.212481999999998, ""Magnesium, Mg"": 465.77752, ""Manganese, Mn"": 6.5217702, ""Phosphorus, P"": 1341.33374, ""Sodium, Na"": 2271.9784000000004, ""Potassium, K"": 5093.249800000001, ""Zinc, Zn"": 13.605545000000001, ""Carbohydrate, by difference"": 318.00679, ""Fiber, total dietary"": 28.367191999999992, ""Protein"": 67.31418199999999, ""Energy"": 2649.4976300000003, ""Vitamin A"": 2391.25515, ""Vitamin B-6"": 3.9412124000000004, ""Vitamin B-12"": 14.48018, ""Vitamin C, total ascorbic acid"": 403.40794199999993, ""Vitamin D"": 0.6839612999999999, ""Vitamin E (alpha-tocopherol)"": 50.079550000000005, ""Thiamin"": 6.287807999999998, ""Riboflavin"": 3.7874327, ""Niacin"": 21.182050200000003, ""Pantothenic acid"": 29.353176, ""Vitamin B-9 Folic acid"": 400.75051, ""Vitamin B-7"": 24.053793, ""Total lipid (fat)"": 137.9906002}","{""Calcium, Ca"": [1000.0, 2500.0], ""Copper, Cu"": [0.9, 10.0], ""Iron, Fe"": [18.0, 45.0], ""Magnesium, Mg"": [310.0, 660.0], ""Manganese, Mn"": [1.8, 11.0], ""Phosphorus, P"": [700.0, 4000.0], ""Sodium, Na"": [1500.0, 2300.0], ""Potassium, K"": [4700.0, 10000.0], ""Zinc, Zn"": [8.0, 40.0], ""Carbohydrate, by difference"": [170.0, 300.0], ""Fiber, total dietary"": [20.0, 9999.0], ""Protein"": [40.0, 100.0], ""Energy"": [2000.0, 2400.0], ""Vitamin A"": [700.0, 3000.0], ""Vitamin B-6"": [1.3, 100.0], ""Vitamin B-12"": [2.4, 10000.0], ""Vitamin C, total ascorbic acid"": [75.0, 2000.0], ""Vitamin D"": [600.0, 4000.0], ""Vitamin E (alpha-tocopherol)"": [15.0, 1000.0], ""Thiamin"": [1.1, 10000.0], ""Riboflavin"": [1.1, 10000.0], ""Niacin"": [14.0, 35.0], ""Pantothenic acid"": [5.0, 10000.0], ""Vitamin B-9 Folic acid"": [400.0, 1000.0], ""Vitamin B-7"": [30.0, 10000.0], ""Total lipid (fat)"": [40.0, 120.0]}"
SPEA2,2,with_diversity,49,77.5,15.77,290.0,1.524444,1.524444,8,"[32, 12, 86, 76]","[389, 190, 353, 252, 284, 336, 245]","[32, 12, 86, 76, 389, 190, 353, 252, 284, 336, 245]","{""Calcium, Ca"": 686.2503780000001, ""Copper, Cu"": 0.8405621, ""Iron, Fe"": 10.547388299999998, ""Magnesium, Mg"": 275.75514999999996, ""Manganese, Mn"": 1.5986961000000002, ""Phosphorus, P"": 589.3006128, ""Sodium, Na"": 2038.3207000000002, ""Potassium, K"": 3163.626388, ""Zinc, Zn"": 3.8332761, ""Carbohydrate, by difference"": 190.866891, ""Fiber, total dietary"": 18.980441, ""Protein"": 32.3730973, ""Energy"": 2082.6644, ""Vitamin A"": 891.7518399999999, ""Vitamin B-6"": 2.016995, ""Vitamin B-12"": 7.5262341, ""Vitamin C, total ascorbic acid"": 129.20952, ""Vitamin D"": 2.90364, ""Vitamin E (alpha-tocopherol)"": 37.65015, ""Thiamin"": 8.245107099999998, ""Riboflavin"": 1.9653448000000002, ""Niacin"": 5.815340999999999, ""Pantothenic acid"": 14.76786, ""Vitamin B-9 Folic acid"": 206.97371, ""Vitamin B-7"": 8.17568, ""Total lipid (fat)"": 137.96039999999996}","{""Calcium, Ca"": [1000.0, 2500.0], ""Copper, Cu"": [0.9, 10.0], ""Iron, Fe"": [18.0, 45.0], ""Magnesium, Mg"": [310.0, 660.0], ""Manganese, Mn"": [1.8, 11.0], ""Phosphorus, P"": [700.0, 4000.0], ""Sodium, Na"": [1500.0, 2300.0], ""Potassium, K"": [4700.0, 10000.0], ""Zinc, Zn"": [8.0, 40.0], ""Carbohydrate, by difference"": [170.0, 300.0], ""Fiber, total dietary"": [20.0, 9999.0], ""Protein"": [40.0, 100.0], ""Energy"": [2000.0, 2400.0], ""Vitamin A"": [700.0, 3000.0], ""Vitamin B-6"": [1.3, 100.0], ""Vitamin B-12"": [2.4, 10000.0], ""Vitamin C, total ascorbic acid"": [75.0, 2000.0], ""Vitamin D"": [600.0, 4000.0], ""Vitamin E (alpha-tocopherol)"": [15.0, 1000.0], ""Thiamin"": [1.1, 10000.0], ""Riboflavin"": [1.1, 10000.0], ""Niacin"": [14.0, 35.0], ""Pantothenic acid"": [5.0, 10000.0], ""Vitamin B-9 Folic acid"": [400.0, 1000.0], ""Vitamin B-7"": [30.0, 10000.0], ""Total lipid (fat)"": [40.0, 120.0]}"
SPEA2,2,with_diversity,50,96.6,22.9,360.0,0.861889,0.861889,9,"[62, 90, 75, 84]","[286, 159, 160, 376, 354, 355, 134, 246, 272, 353, 161]","[62, 90, 75, 84, 286, 159, 160, 376, 354, 355, 134, 246, 272, 353, 161]","{""Calcium, Ca"": 855.9338999999999, ""Copper, Cu"": 1.1504451, ""Iron, Fe"": 14.985202999999998, ""Magnesium, Mg"": 382.5251, ""Manganese, Mn"": 5.552686100000001, ""Phosphorus, P"": 814.3318, ""Sodium, Na"": 2610.7386000000006, ""Potassium, K"": 4361.235900000001, ""Zinc, Zn"": 5.9822611000000006, ""Carbohydrate, by difference"": 344.96783, ""Fiber, total dietary"": 38.86691100000001, ""Protein"": 57.11325, ""Energy"": 2435.3463, ""Vitamin A"": 346.72882, ""Vitamin B-6"": 1.8185792, ""Vitamin B-12"": 29.07888, ""Vitamin C, total ascorbic acid"": 416.14098, ""Vitamin D"": 8.590870700000002, ""Vitamin E (alpha-tocopherol)"": 33.931650000000005, ""Thiamin"": 2.8027170999999997, ""Riboflavin"": 3.0994553, ""Niacin"": 10.438861000000001, ""Pantothenic acid"": 24.922423, ""Vitamin B-9 Folic acid"": 373.08515, ""Vitamin B-7"": 9.717202, ""Total lipid (fat)"": 115.82349}","{""Calcium, Ca"": [1000.0, 2500.0], ""Copper, Cu"": [0.9, 10.0], ""Iron, Fe"": [18.0, 45.0], ""Magnesium, Mg"": [310.0, 660.0], ""Manganese, Mn"": [1.8, 11.0], ""Phosphorus, P"": [700.0, 4000.0], ""Sodium, Na"": [1500.0, 2300.0], ""Potassium, K"": [4700.0, 10000.0], ""Zinc, Zn"": [8.0, 40.0], ""Carbohydrate, by difference"": [170.0, 300.0], ""Fiber, total dietary"": [20.0, 9999.0], ""Protein"": [40.0, 100.0], ""Energy"": [2000.0, 2400.0], ""Vitamin A"": [700.0, 3000.0], ""Vitamin B-6"": [1.3, 100.0], ""Vitamin B-12"": [2.4, 10000.0], ""Vitamin C, total ascorbic acid"": [75.0, 2000.0], ""Vitamin D"": [600.0, 4000.0], ""Vitamin E (alpha-tocopherol)"": [15.0, 1000.0], ""Thiamin"": [1.1, 10000.0], ""Riboflavin"": [1.1, 10000.0], ""Niacin"": [14.0, 35.0], ""Pantothenic acid"": [5.0, 10000.0], ""Vitamin B-9 Folic acid"": [400.0, 1000.0], ""Vitamin B-7"": [30.0, 10000.0], ""Total lipid (fat)"": [40.0, 120.0]}"
NSGA-II,2,with_diversity,1,8.6,13.64,435.0,1.493945,1.493945,5,"[79, 73]","[166, 114, 253, 154]","[79, 73, 166, 114, 253, 154]","{""Calcium, Ca"": 594.6776, ""Copper, Cu"": 1.3535541999999998, ""Iron, Fe"": 20.220340999999998, ""Magnesium, Mg"": 297.35857999999996, ""Manganese, Mn"": 0.6834194, ""Phosphorus, P"": 1170.8970599999998, ""Sodium, Na"": 1277.734875, ""Potassium, K"": 3152.5201, ""Zinc, Zn"": 15.748110000000002, ""Carbohydrate, by difference"": 338.6584, ""Fiber, total dietary"": 31.667099999999998, ""Protein"": 82.22577, ""Energy"": 2759.5026, ""Vitamin A"": 356.59583000000003, ""Vitamin B-6"": 2.188341, ""Vitamin B-12"": 6.314536, ""Vitamin C, total ascorbic acid"": 87.02871999999999, ""Vitamin D"": 0.5889655, ""Vitamin E (alpha-tocopherol)"": 34.62442, ""Thiamin"": 8.28313, ""Riboflavin"": 3.1333550000000003, ""Niacin"": 26.5013, ""Pantothenic acid"": 7.178890000000001, ""Vitamin B-9 Folic acid"": 221.57872999999998, ""Vitamin B-7"": 19.041029999999996, ""Total lipid (fat)"": 115.97981999999999}","{""Calcium, Ca"": [1000.0, 2500.0], ""Copper, Cu"": [0.9, 10.0], ""Iron, Fe"": [18.0, 45.0], ""Magnesium, Mg"": [310.0, 660.0], ""Manganese, Mn"": [1.8, 11.0], ""Phosphorus, P"": [700.0, 4000.0], ""Sodium, Na"": [1500.0, 2300.0], ""Potassium, K"": [4700.0, 10000.0], ""Zinc, Zn"": [8.0, 40.0], ""Carbohydrate, by difference"": [170.0, 300.0], ""Fiber, total dietary"": [20.0, 9999.0], ""Protein"": [40.0, 100.0], ""Energy"": [2000.0, 2400.0], ""Vitamin A"": [700.0, 3000.0], ""Vitamin B-6"": [1.3, 100.0], ""Vitamin B-12"": [2.4, 10000.0], ""Vitamin C, total ascorbic acid"": [75.0, 2000.0], ""Vitamin D"": [600.0, 4000.0], ""Vitamin E (alpha-tocopherol)"": [15.0, 1000.0], ""Thiamin"": [1.1, 10000.0], ""Riboflavin"": [1.1, 10000.0], ""Niacin"": [14.0, 35.0], ""Pantothenic acid"": [5.0, 10000.0], ""Vitamin B-9 Folic acid"": [400.0, 1000.0], ""Vitamin B-7"": [30.0, 10000.0], ""Total lipid (fat)"": [40.0, 120.0]}"
NSGA-II,2,with_diversity,2,100.8,56.18,390.0,1.215453,1.215453,15,"[18, 58, 17, 67, 69, 12, 44, 5, 92]","[224, 368, 403, 264, 251, 112, 336, 265, 245, 284]","[18, 58, 17, 67, 69, 12, 44, 5, 92, 224, 368, 403, 264, 251, 112, 336, 265, 245, 284]","{""Calcium, Ca"": 377.76731800000005, ""Copper, Cu"": 1.6200770000000002, ""Iron, Fe"": 14.6208719, ""Magnesium, Mg"": 260.79927999999995, ""Manganese, Mn"": 1.9611242000000004, ""Phosphorus, P"": 995.2602128, ""Sodium, Na"": 1585.80162, ""Potassium, K"": 5117.980688000001, ""Zinc, Zn"": 13.9001786, ""Carbohydrate, by difference"": 310.507211, ""Fiber, total dietary"": 22.5176666, ""Protein"": 95.52635880000001, ""Energy"": 2756.1854200000002, ""Vitamin A"": 534.1389399999999, ""Vitamin B-6"": 2.8633, ""Vitamin B-12"": 7.2456, ""Vitamin C, total ascorbic acid"": 532.9608920000001, ""Vitamin D"": 0.067336, ""Vitamin E (alpha-tocopherol)"": 24.69536, ""Thiamin"": 3.393092, ""Riboflavin"": 2.1230679999999995, ""Niacin"": 17.583318000000002, ""Pantothenic acid"": 12.755310000000001, ""Vitamin B-9 Folic acid"": 221.5881, ""Vitamin B-7"": 6.700620000000001, ""Total lipid (fat)"": 137.04120999999995}","{""Calcium, Ca"": [1000.0, 2500.0], ""Copper, Cu"": [0.9, 10.0], ""Iron, Fe"": [18.0, 45.0], ""Magnesium, Mg"": [310.0, 660.0], ""Manganese, Mn"": [1.8, 11.0], ""Phosphorus, P"": [700.0, 4000.0], ""Sodium, Na"": [1500.0, 2300.0], ""Potassium, K"": [4700.0, 10000.0], ""Zinc, Zn"": [8.0, 40.0], ""Carbohydrate, by difference"": [170.0, 300.0], ""Fiber, total dietary"": [20.0, 9999.0], ""Protein"": [40.0, 100.0], ""Energy"": [2000.0, 2400.0], ""Vitamin A"": [700.0, 3000.0], ""Vitamin B-6"": [1.3, 100.0], ""Vitamin B-12"": [2.4, 10000.0], ""Vitamin C, total ascorbic acid"": [75.0, 2000.0], ""Vitamin D"": [600.0, 4000.0], ""Vitamin E (alpha-tocopherol)"": [15.0, 1000.0], ""Thiamin"": [1.1, 10000.0], ""Riboflavin"": [1.1, 10000.0], ""Niacin"": [14.0, 35.0], ""Pantothenic acid"": [5.0, 10000.0], ""Vitamin B-9 Folic acid"": [400.0, 1000.0], ""Vitamin B-7"": [30.0, 10000.0], ""Total lipid (fat)"": [40.0, 120.0]}"
NSGA-II,2,with_diversity,3,155.7,46.86,582.0,0.62233,0.62233,12,"[30, 48, 4, 7, 29, 44, 82, 34]","[196, 270, 161, 152, 327, 176, 328, 286, 251, 208, 361, 105, 245, 336, 266]","[30, 48, 4, 7, 29, 44, 82, 34, 196, 270, 161, 152, 327, 176, 328, 286, 251, 208, 361, 105, 245, 336, 266]","{""Calcium, Ca"": 954.10448, ""Copper, Cu"": 1.8803767000000002, ""Iron, Fe"": 20.088074999999996, ""Magnesium, Mg"": 419.47337, ""Manganese, Mn"": 4.3082464, ""Phosphorus, P"": 946.2463399999999, ""Sodium, Na"": 2465.5403100000003, ""Potassium, K"": 6231.0469, ""Zinc, Zn"": 8.154228, ""Carbohydrate, by difference"": 342.1331399999999, ""Fiber, total dietary"": 60.7487599, ""Protein"": 51.227267999999995, ""Energy"": 2737.41483, ""Vitamin A"": 1158.54011, ""Vitamin B-6"": 2.4700518000000002, ""Vitamin B-12"": 8.3567477, ""Vitamin C, total ascorbic acid"": 499.843672, ""Vitamin D"": 0.1952902, ""Vitamin E (alpha-tocopherol)"": 56.139379999999996, ""Thiamin"": 9.8760488, ""Riboflavin"": 2.9316777000000007, ""Niacin"": 14.7333282, ""Pantothenic acid"": 22.4876811, ""Vitamin B-9 Folic acid"": 590.7842899999999, ""Vitamin B-7"": 11.276032, ""Total lipid (fat)"": 136.9971482}","{""Calcium, Ca"": [1000.0, 2500.0], ""Copper, Cu"": [0.9, 10.0], ""Iron, Fe"": [18.0, 45.0], ""Magnesium, Mg"": [310.0, 660.0], ""Manganese, Mn"": [1.8, 11.0], ""Phosphorus, P"": [700.0, 4000.0], ""Sodium, Na"": [1500.0, 2300.0], ""Potassium, K"": [4700.0, 10000.0], ""Zinc, Zn"": [8.0, 40.0], ""Carbohydrate, by difference"": [170.0, 300.0], ""Fiber, total dietary"": [20.0, 9999.0], ""Protein"": [40.0, 100.0], ""Energy"": [2000.0, 2400.0], ""Vitamin A"": [700.0, 3000.0], ""Vitamin B-6"": [1.3, 100.0], ""Vitamin B-12"": [2.4, 10000.0], ""Vitamin C, total ascorbic acid"": [75.0, 2000.0], ""Vitamin D"": [600.0, 4000.0], ""Vitamin E (alpha-tocopherol)"": [15.0, 1000.0], ""Thiamin"": [1.1, 10000.0], ""Riboflavin"": [1.1, 10000.0], ""Niacin"": [14.0, 35.0], ""Pantothenic acid"": [5.0, 10000.0], ""Vitamin B-9 Folic acid"": [400.0, 1000.0], ""Vitamin B-7"": [30.0, 10000.0], ""Total lipid (fat)"": [40.0, 120.0]}"
NSGA-II,2,with_diversity,4,60.7,10.0,340.0,1.24821,1.24821,9,"[59, 76, 92, 91]","[214, 128, 282, 134, 395, 248, 362]","[59, 76, 92, 91, 214, 128, 282, 134, 395, 248, 362]","{""Calcium, Ca"": 860.69595, ""Copper, Cu"": 0.9680057, ""Iron, Fe"": 11.8262568, ""Magnesium, Mg"": 344.3103, ""Manganese, Mn"": 5.450495500000001, ""Phosphorus, P"": 888.0369000000001, ""Sodium, Na"": 2056.276, ""Potassium, K"": 2643.462, ""Zinc, Zn"": 6.83444, ""Carbohydrate, by difference"": 244.02569200000002, ""Fiber, total dietary"": 17.940311, ""Protein"": 51.349720000000005, ""Energy"": 2239.84722, ""Vitamin A"": 834.0603100000001, ""Vitamin B-6"": 2.1823232999999997, ""Vitamin B-12"": 0.8798431, ""Vitamin C, total ascorbic acid"": 105.658498, ""Vitamin D"": 2.9242144, ""Vitamin E (alpha-tocopherol)"": 29.202890000000004, ""Thiamin"": 5.37491, ""Riboflavin"": 1.1099229, ""Niacin"": 6.548089, ""Pantothenic acid"": 5.447108999999999, ""Vitamin B-9 Folic acid"": 154.73282, ""Vitamin B-7"": 17.833948, ""Total lipid (fat)"": 137.98728}","{""Calcium, Ca"": [1000.0, 2500.0], ""Copper, Cu"": [0.9, 10.0], ""Iron, Fe"": [18.0, 45.0], ""Magnesium, Mg"": [310.0, 660.0], ""Manganese, Mn"": [1.8, 11.0], ""Phosphorus, P"": [700.0, 4000.0], ""Sodium, Na"": [1500.0, 2300.0], ""Potassium, K"": [4700.0, 10000.0], ""Zinc, Zn"": [8.0, 40.0], ""Carbohydrate, by difference"": [170.0, 300.0], ""Fiber, total dietary"": [20.0, 9999.0], ""Protein"": [40.0, 100.0], ""Energy"": [2000.0, 2400.0], ""Vitamin A"": [700.0, 3000.0], ""Vitamin B-6"": [1.3, 100.0], ""Vitamin B-12"": [2.4, 10000.0], ""Vitamin C, total ascorbic acid"": [75.0, 2000.0], ""Vitamin D"": [600.0, 4000.0], ""Vitamin E (alpha-tocopherol)"": [15.0, 1000.0], ""Thiamin"": [1.1, 10000.0], ""Riboflavin"": [1.1, 10000.0], ""Niacin"": [14.0, 35.0], ""Pantothenic acid"": [5.0, 10000.0], ""Vitamin B-9 Folic acid"": [400.0, 1000.0], ""Vitamin B-7"": [30.0, 10000.0], ""Total lipid (fat)"": [40.0, 120.0]}"
NSGA-II,2,with_diversity,5,60.4,43.17,122.0,0.62423,0.62423,9,"[1, 67, 7, 17, 93]","[100, 220, 266, 285, 251, 147, 248, 245, 161, 336]","[1, 67, 7, 17, 93, 100, 220, 266, 285, 251, 147, 248, 245, 161, 336]","{""Calcium, Ca"": 895.55324, ""Copper, Cu"": 1.4420722, ""Iron, Fe"": 18.987011, ""Magnesium, Mg"": 333.74462, ""Manganese, Mn"": 2.1256412, ""Phosphorus, P"": 1594.93764, ""Sodium, Na"": 1625.875, ""Potassium, K"": 5635.6312, ""Zinc, Zn"": 18.838741, ""Carbohydrate, by difference"": 290.18581, ""Fiber, total dietary"": 28.653411999999996, ""Protein"": 102.93168200000001, ""Energy"": 2749.47503, ""Vitamin A"": 945.1247000000001, ""Vitamin B-6"": 2.831869, ""Vitamin B-12"": 26.83157, ""Vitamin C, total ascorbic acid"": 271.160902, ""Vitamin D"": 0.362885, ""Vitamin E (alpha-tocopherol)"": 31.115699999999997, ""Thiamin"": 3.625705, ""Riboflavin"": 5.0748137, ""Niacin"": 22.470860199999997, ""Pantothenic acid"": 31.543440000000004, ""Vitamin B-9 Folic acid"": 306.02171, ""Vitamin B-7"": 21.67004, ""Total lipid (fat)"": 137.3446802}","{""Calcium, Ca"": [1000.0, 2500.0], ""Copper, Cu"": [0.9, 10.0], ""Iron, Fe"": [18.0, 45.0], ""Magnesium, Mg"": [310.0, 660.0], ""Manganese, Mn"": [1.8, 11.0], ""Phosphorus, P"": [700.0, 4000.0], ""Sodium, Na"": [1500.0, 2300.0], ""Potassium, K"": [4700.0, 10000.0], ""Zinc, Zn"": [8.0, 40.0], ""Carbohydrate, by difference"": [170.0, 300.0], ""Fiber, total dietary"": [20.0, 9999.0], ""Protein"": [40.0, 100.0], ""Energy"": [2000.0, 2400.0], ""Vitamin A"": [700.0, 3000.0], ""Vitamin B-6"": [1.3, 100.0], ""Vitamin B-12"": [2.4, 10000.0], ""Vitamin C, total ascorbic acid"": [75.0, 2000.0], ""Vitamin D"": [600.0, 4000.0], ""Vitamin E (alpha-tocopherol)"": [15.0, 1000.0], ""Thiamin"": [1.1, 10000.0], ""Riboflavin"": [1.1, 10000.0], ""Niacin"": [14.0, 35.0], ""Pantothenic acid"": [5.0, 10000.0], ""Vitamin B-9 Folic acid"": [400.0, 1000.0], ""Vitamin B-7"": [30.0, 10000.0], ""Total lipid (fat)"": [40.0, 120.0]}"
NSGA-II,2,with_diversity,6,92.0,28.86,1090.0,1.0606,1.0606,13,"[47, 55, 20, 94, 5, 12, 78]","[249, 163, 240, 127, 378, 305, 308, 369, 253, 147, 284]","[47, 55, 20, 94, 5, 12, 78, 249, 163, 240, 127, 378, 305, 308, 369, 253, 147, 284]","{""Calcium, Ca"": 524.5635179999999, ""Copper, Cu"": 2.0674908, ""Iron, Fe"": 19.7270139, ""Magnesium, Mg"": 415.44622999999996, ""Manganese, Mn"": 5.4932447, ""Phosphorus, P"": 1462.4015928, ""Sodium, Na"": 2641.7793849999994, ""Potassium, K"": 4249.961188, ""Zinc, Zn"": 13.125662600000002, ""Carbohydrate, by difference"": 338.07644999999997, ""Fiber, total dietary"": 46.640050599999995, ""Protein"": 80.47824879999999, ""Energy"": 2658.5843999999997, ""Vitamin A"": 109.7497, ""Vitamin B-6"": 2.753078, ""Vitamin B-12"": 6.7814156, ""Vitamin C, total ascorbic acid"": 136.041526, ""Vitamin D"": 0.1998965, ""Vitamin E (alpha-tocopherol)"": 51.81053, ""Thiamin"": 12.694376500000002, ""Riboflavin"": 2.2841069000000003, ""Niacin"": 17.377373, ""Pantothenic acid"": 17.953874000000003, ""Vitamin B-9 Folic acid"": 395.91507, ""Vitamin B-7"": 18.143023999999997, ""Total lipid (fat)"": 136.15684000000002}","{""Calcium, Ca"": [1000.0, 2500.0], ""Copper, Cu"": [0.9, 10.0], ""Iron, Fe"": [18.0, 45.0], ""Magnesium, Mg"": [310.0, 660.0], ""Manganese, Mn"": [1.8, 11.0], ""Phosphorus, P"": [700.0, 4000.0], ""Sodium, Na"": [1500.0, 2300.0], ""Potassium, K"": [4700.0, 10000.0], ""Zinc, Zn"": [8.0, 40.0], ""Carbohydrate, by difference"": [170.0, 300.0], ""Fiber, total dietary"": [20.0, 9999.0], ""Protein"": [40.0, 100.0], ""Energy"": [2000.0, 2400.0], ""Vitamin A"": [700.0, 3000.0], ""Vitamin B-6"": [1.3, 100.0], ""Vitamin B-12"": [2.4, 10000.0], ""Vitamin C, total ascorbic acid"": [75.0, 2000.0], ""Vitamin D"": [600.0, 4000.0], ""Vitamin E (alpha-tocopherol)"": [15.0, 1000.0], ""Thiamin"": [1.1, 10000.0], ""Riboflavin"": [1.1, 10000.0], ""Niacin"": [14.0, 35.0], ""Pantothenic acid"": [5.0, 10000.0], ""Vitamin B-9 Folic acid"": [400.0, 1000.0], ""Vitamin B-7"": [30.0, 10000.0], ""Total lipid (fat)"": [40.0, 120.0]}"
NSGA-II,2,with_diversity,7,104.7,43.54,930.0,1.270759,1.270759,11,"[79, 12, 22, 87, 20]","[137, 103, 98, 123, 234, 99, 158, 303, 127, 245, 284, 336, 334, 266]","[79, 12, 22, 87, 20, 137, 103, 98, 123, 234, 99, 158, 303, 127, 245, 284, 336, 334, 266]","{""Calcium, Ca"": 620.679578, ""Copper, Cu"": 1.5630435, ""Iron, Fe"": 15.2542143, ""Magnesium, Mg"": 306.15541999999994, ""Manganese, Mn"": 4.4480632, ""Phosphorus, P"": 890.3285527999998, ""Sodium, Na"": 2218.1063000000004, ""Potassium, K"": 3121.2545880000002, ""Zinc, Zn"": 9.283299000000001, ""Carbohydrate, by difference"": 344.92111000000006, ""Fiber, total dietary"": 32.171449, ""Protein"": 57.3311313, ""Energy"": 2724.8447300000007, ""Vitamin A"": 1175.52138, ""Vitamin B-6"": 2.0087028, ""Vitamin B-12"": 7.317546999999999, ""Vitamin C, total ascorbic acid"": 146.966972, ""Vitamin D"": 0.22600610000000002, ""Vitamin E (alpha-tocopherol)"": 38.808110000000006, ""Thiamin"": 10.302288, ""Riboflavin"": 2.4178013999999997, ""Niacin"": 7.7392632, ""Pantothenic acid"": 76.0647649, ""Vitamin B-9 Folic acid"": 292.1329, ""Vitamin B-7"": 15.237609999999998, ""Total lipid (fat)"": 115.1024602}","{""Calcium, Ca"": [1000.0, 2500.0], ""Copper, Cu"": [0.9, 10.0], ""Iron, Fe"": [18.0, 45.0], ""Magnesium, Mg"": [310.0, 660.0], ""Manganese, Mn"": [1.8, 11.0], ""Phosphorus, P"": [700.0, 4000.0], ""Sodium, Na"": [1500.0, 2300.0], ""Potassium, K"": [4700.0, 10000.0], ""Zinc, Zn"": [8.0, 40.0], ""Carbohydrate, by difference"": [170.0, 300.0], ""Fiber, total dietary"": [20.0, 9999.0], ""Protein"": [40.0, 100.0], ""Energy"": [2000.0, 2400.0], ""Vitamin A"": [700.0, 3000.0], ""Vitamin B-6"": [1.3, 100.0], ""Vitamin B-12"": [2.4, 10000.0], ""Vitamin C, total ascorbic acid"": [75.0, 2000.0], ""Vitamin D"": [600.0, 4000.0], ""Vitamin E (alpha-tocopherol)"": [15.0, 1000.0], ""Thiamin"": [1.1, 10000.0], ""Riboflavin"": [1.1, 10000.0], ""Niacin"": [14.0, 35.0], ""Pantothenic acid"": [5.0, 10000.0], ""Vitamin B-9 Folic acid"": [400.0, 1000.0], ""Vitamin B-7"": [30.0, 10000.0], ""Total lipid (fat)"": [40.0, 120.0]}"
NSGA-II,2,with_diversity,8,92.0,28.86,1090.0,1.0606,1.0606,13,"[47, 55, 20, 94, 5, 12, 78]","[249, 163, 240, 127, 378, 305, 308, 369, 253, 147, 284]","[47, 55, 20, 94, 5, 12, 78, 249, 163, 240, 127, 378, 305, 308, 369, 253, 147, 284]","{""Calcium, Ca"": 524.5635179999999, ""Copper, Cu"": 2.0674908, ""Iron, Fe"": 19.7270139, ""Magnesium, Mg"": 415.44622999999996, ""Manganese, Mn"": 5.4932447, ""Phosphorus, P"": 1462.4015928, ""Sodium, Na"": 2641.7793849999994, ""Potassium, K"": 4249.961188, ""Zinc, Zn"": 13.125662600000002, ""Carbohydrate, by difference"": 338.07644999999997, ""Fiber, total dietary"": 46.640050599999995, ""Protein"": 80.47824879999999, ""Energy"": 2658.5843999999997, ""Vitamin A"": 109.7497, ""Vitamin B-6"": 2.753078, ""Vitamin B-12"": 6.7814156, ""Vitamin C, total ascorbic acid"": 136.041526, ""Vitamin D"": 0.1998965, ""Vitamin E (alpha-tocopherol)"": 51.81053, ""Thiamin"": 12.694376500000002, ""Riboflavin"": 2.2841069000000003, ""Niacin"": 17.377373, ""Pantothenic acid"": 17.953874000000003, ""Vitamin B-9 Folic acid"": 395.91507, ""Vitamin B-7"": 18.143023999999997, ""Total lipid (fat)"": 136.15684000000002}","{""Calcium, Ca"": [1000.0, 2500.0], ""Copper, Cu"": [0.9, 10.0], ""Iron, Fe"": [18.0, 45.0], ""Magnesium, Mg"": [310.0, 660.0], ""Manganese, Mn"": [1.8, 11.0], ""Phosphorus, P"": [700.0, 4000.0], ""Sodium, Na"": [1500.0, 2300.0], ""Potassium, K"": [4700.0, 10000.0], ""Zinc, Zn"": [8.0, 40.0], ""Carbohydrate, by difference"": [170.0, 300.0], ""Fiber, total dietary"": [20.0, 9999.0], ""Protein"": [40.0, 100.0], ""Energy"": [2000.0, 2400.0], ""Vitamin A"": [700.0, 3000.0], ""Vitamin B-6"": [1.3, 100.0], ""Vitamin B-12"": [2.4, 10000.0], ""Vitamin C, total ascorbic acid"": [75.0, 2000.0], ""Vitamin D"": [600.0, 4000.0], ""Vitamin E (alpha-tocopherol)"": [15.0, 1000.0], ""Thiamin"": [1.1, 10000.0], ""Riboflavin"": [1.1, 10000.0], ""Niacin"": [14.0, 35.0], ""Pantothenic acid"": [5.0, 10000.0], ""Vitamin B-9 Folic acid"": [400.0, 1000.0], ""Vitamin B-7"": [30.0, 10000.0], ""Total lipid (fat)"": [40.0, 120.0]}"
NSGA-II,2,with_diversity,9,11.9,16.14,455.0,1.547438,1.547438,6,"[67, 57, 62]","[166, 135, 284]","[67, 57, 62, 166, 135, 284]","{""Calcium, Ca"": 546.2701380000001, ""Copper, Cu"": 1.0312350000000001, ""Iron, Fe"": 10.3663633, ""Magnesium, Mg"": 231.27535, ""Manganese, Mn"": 7.542437, ""Phosphorus, P"": 919.4360128000001, ""Sodium, Na"": 1652.31097, ""Potassium, K"": 3181.535188, ""Zinc, Zn"": 14.26376, ""Carbohydrate, by difference"": 344.0824, ""Fiber, total dietary"": 11.846309999999999, ""Protein"": 72.5188233, ""Energy"": 2752.4572000000003, ""Vitamin A"": 524.5838299999999, ""Vitamin B-6"": 1.95453, ""Vitamin B-12"": 20.349990000000002, ""Vitamin C, total ascorbic acid"": 253.5611, ""Vitamin D"": 8.605038700000001, ""Vitamin E (alpha-tocopherol)"": 31.30465, ""Thiamin"": 4.09959, ""Riboflavin"": 0.9027099999999999, ""Niacin"": 12.647499999999999, ""Pantothenic acid"": 5.01883, ""Vitamin B-9 Folic acid"": 272.3048, ""Vitamin B-7"": 10.96003, ""Total lipid (fat)"": 131.35647999999998}","{""Calcium, Ca"": [1000.0, 2500.0], ""Copper, Cu"": [0.9, 10.0], ""Iron, Fe"": [18.0, 45.0], ""Magnesium, Mg"": [310.0, 660.0], ""Manganese, Mn"": [1.8, 11.0], ""Phosphorus, P"": [700.0, 4000.0], ""Sodium, Na"": [1500.0, 2300.0], ""Potassium, K"": [4700.0, 10000.0], ""Zinc, Zn"": [8.0, 40.0], ""Carbohydrate, by difference"": [170.0, 300.0], ""Fiber, total dietary"": [20.0, 9999.0], ""Protein"": [40.0, 100.0], ""Energy"": [2000.0, 2400.0], ""Vitamin A"": [700.0, 3000.0], ""Vitamin B-6"": [1.3, 100.0], ""Vitamin B-12"": [2.4, 10000.0], ""Vitamin C, total ascorbic acid"": [75.0, 2000.0], ""Vitamin D"": [600.0, 4000.0], ""Vitamin E (alpha-tocopherol)"": [15.0, 1000.0], ""Thiamin"": [1.1, 10000.0], ""Riboflavin"": [1.1, 10000.0], ""Niacin"": [14.0, 35.0], ""Pantothenic acid"": [5.0, 10000.0], ""Vitamin B-9 Folic acid"": [400.0, 1000.0], ""Vitamin B-7"": [30.0, 10000.0], ""Total lipid (fat)"": [40.0, 120.0]}"
NSGA-II,2,with_diversity,10,77.6,53.98,295.0,0.73169,0.73169,12,"[17, 67, 69, 12, 78, 14]","[224, 368, 403, 264, 251, 112, 265, 286, 248, 245, 266, 161]","[17, 67, 69, 12, 78, 14, 224, 368, 403, 264, 251, 112, 265, 286, 248, 245, 266, 161]","{""Calcium, Ca"": 714.65794, ""Copper, Cu"": 2.0144107000000004, ""Iron, Fe"": 18.276210999999996, ""Magnesium, Mg"": 335.77482, ""Manganese, Mn"": 2.0134582, ""Phosphorus, P"": 1216.63684, ""Sodium, Na"": 2012.7441999999999, ""Potassium, K"": 6200.0072, ""Zinc, Zn"": 16.127313, ""Carbohydrate, by difference"": 297.12215, ""Fiber, total dietary"": 33.236335999999994, ""Protein"": 108.30143200000002, ""Energy"": 2739.4076299999997, ""Vitamin A"": 812.02414, ""Vitamin B-6"": 3.6973000000000007, ""Vitamin B-12"": 7.2048000000000005, ""Vitamin C, total ascorbic acid"": 580.257302, ""Vitamin D"": 0.050136, ""Vitamin E (alpha-tocopherol)"": 23.63869, ""Thiamin"": 5.182092, ""Riboflavin"": 2.3191346999999993, ""Niacin"": 24.2513182, ""Pantothenic acid"": 14.47111, ""Vitamin B-9 Folic acid"": 305.60331, ""Vitamin B-7"": 10.387820000000001, ""Total lipid (fat)"": 137.9844202}","{""Calcium, Ca"": [1000.0, 2500.0], ""Copper, Cu"": [0.9, 10.0], ""Iron, Fe"": [18.0, 45.0], ""Magnesium, Mg"": [310.0, 660.0], ""Manganese, Mn"": [1.8, 11.0], ""Phosphorus, P"": [700.0, 4000.0], ""Sodium, Na"": [1500.0, 2300.0], ""Potassium, K"": [4700.0, 10000.0], ""Zinc, Zn"": [8.0, 40.0], ""Carbohydrate, by difference"": [170.0, 300.0], ""Fiber, total dietary"": [20.0, 9999.0], ""Protein"": [40.0, 100.0], ""Energy"": [2000.0, 2400.0], ""Vitamin A"": [700.0, 3000.0], ""Vitamin B-6"": [1.3, 100.0], ""Vitamin B-12"": [2.4, 10000.0], ""Vitamin C, total ascorbic acid"": [75.0, 2000.0], ""Vitamin D"": [600.0, 4000.0], ""Vitamin E (alpha-tocopherol)"": [15.0, 1000.0], ""Thiamin"": [1.1, 10000.0], ""Riboflavin"": [1.1, 10000.0], ""Niacin"": [14.0, 35.0], ""Pantothenic acid"": [5.0, 10000.0], ""Vitamin B-9 Folic acid"": [400.0, 1000.0], ""Vitamin B-7"": [30.0, 10000.0], ""Total lipid (fat)"": [40.0, 120.0]}"
NSGA-II,2,with_diversity,11,135.6,34.03,835.0,0.674536,0.674536,13,"[3, 31, 88, 35, 81, 26]","[341, 193, 251, 254, 123, 272, 234, 99, 303, 116, 208, 334, 284, 266]","[3, 31, 88, 35, 81, 26, 341, 193, 251, 254, 123, 272, 234, 99, 303, 116, 208, 334, 284, 266]","{""Calcium, Ca"": 580.393878, ""Copper, Cu"": 2.0710757000000006, ""Iron, Fe"": 20.161834300000002, ""Magnesium, Mg"": 470.26372000000003, ""Manganese, Mn"": 6.1641499, ""Phosphorus, P"": 1229.0213528000002, ""Sodium, Na"": 2181.2561, ""Potassium, K"": 4925.772788000001, ""Zinc, Zn"": 11.660378999999999, ""Carbohydrate, by difference"": 344.58702999999997, ""Fiber, total dietary"": 39.33835899999999, ""Protein"": 61.9793513, ""Energy"": 2677.9527300000004, ""Vitamin A"": 2111.80381, ""Vitamin B-6"": 2.8866923000000004, ""Vitamin B-12"": 17.3308346, ""Vitamin C, total ascorbic acid"": 252.41905599999998, ""Vitamin D"": 0.1957047, ""Vitamin E (alpha-tocopherol)"": 54.04942, ""Thiamin"": 11.4135526, ""Riboflavin"": 8.7361746, ""Niacin"": 13.455293199999998, ""Pantothenic acid"": 116.3134329, ""Vitamin B-9 Folic acid"": 410.95440999999994, ""Vitamin B-7"": 22.589995999999996, ""Total lipid (fat)"": 126.7188402}","{""Calcium, Ca"": [1000.0, 2500.0], ""Copper, Cu"": [0.9, 10.0], ""Iron, Fe"": [18.0, 45.0], ""Magnesium, Mg"": [310.0, 660.0], ""Manganese, Mn"": [1.8, 11.0], ""Phosphorus, P"": [700.0, 4000.0], ""Sodium, Na"": [1500.0, 2300.0], ""Potassium, K"": [4700.0, 10000.0], ""Zinc, Zn"": [8.0, 40.0], ""Carbohydrate, by difference"": [170.0, 300.0], ""Fiber, total dietary"": [20.0, 9999.0], ""Protein"": [40.0, 100.0], ""Energy"": [2000.0, 2400.0], ""Vitamin A"": [700.0, 3000.0], ""Vitamin B-6"": [1.3, 100.0], ""Vitamin B-12"": [2.4, 10000.0], ""Vitamin C, total ascorbic acid"": [75.0, 2000.0], ""Vitamin D"": [600.0, 4000.0], ""Vitamin E (alpha-tocopherol)"": [15.0, 1000.0], ""Thiamin"": [1.1, 10000.0], ""Riboflavin"": [1.1, 10000.0], ""Niacin"": [14.0, 35.0], ""Pantothenic acid"": [5.0, 10000.0], ""Vitamin B-9 Folic acid"": [400.0, 1000.0], ""Vitamin B-7"": [30.0, 10000.0], ""Total lipid (fat)"": [40.0, 120.0]}"
NSGA-II,2,with_diversity,12,98.7,31.8,880.0,0.729918,0.729918,12,"[18, 54, 29, 53, 26, 80, 48]","[136, 161, 261, 328, 358, 312, 128, 402, 176, 284]","[18, 54, 29, 53, 26, 80, 48, 136, 161, 261, 328, 358, 312, 128, 402, 176, 284]","{""Calcium, Ca"": 1019.989638, ""Copper, Cu"": 1.525768, ""Iron, Fe"": 16.214519300000003, ""Magnesium, Mg"": 291.46090999999996, ""Manganese, Mn"": 4.5910937999999994, ""Phosphorus, P"": 1215.8647128, ""Sodium, Na"": 1969.2978999999998, ""Potassium, K"": 5075.107188, ""Zinc, Zn"": 11.615388, ""Carbohydrate, by difference"": 344.8531800000001, ""Fiber, total dietary"": 33.279852, ""Protein"": 61.735593300000005, ""Energy"": 2724.4574000000007, ""Vitamin A"": 327.9872700000001, ""Vitamin B-6"": 3.6032763999999995, ""Vitamin B-12"": 8.4769665, ""Vitamin C, total ascorbic acid"": 265.782788, ""Vitamin D"": 0.36289650000000007, ""Vitamin E (alpha-tocopherol)"": 48.34511150000001, ""Thiamin"": 10.012631700000002, ""Riboflavin"": 3.5260126999999994, ""Niacin"": 18.203563000000003, ""Pantothenic acid"": 27.632376, ""Vitamin B-9 Folic acid"": 552.81475, ""Vitamin B-7"": 17.089835, ""Total lipid (fat)"": 136.56440999999998}","{""Calcium, Ca"": [1000.0, 2500.0], ""Copper, Cu"": [0.9, 10.0], ""Iron, Fe"": [18.0, 45.0], ""Magnesium, Mg"": [310.0, 660.0], ""Manganese, Mn"": [1.8, 11.0], ""Phosphorus, P"": [700.0, 4000.0], ""Sodium, Na"": [1500.0, 2300.0], ""Potassium, K"": [4700.0, 10000.0], ""Zinc, Zn"": [8.0, 40.0], ""Carbohydrate, by difference"": [170.0, 300.0], ""Fiber, total dietary"": [20.0, 9999.0], ""Protein"": [40.0, 100.0], ""Energy"": [2000.0, 2400.0], ""Vitamin A"": [700.0, 3000.0], ""Vitamin B-6"": [1.3, 100.0], ""Vitamin B-12"": [2.4, 10000.0], ""Vitamin C, total ascorbic acid"": [75.0, 2000.0], ""Vitamin D"": [600.0, 4000.0], ""Vitamin E (alpha-tocopherol)"": [15.0, 1000.0], ""Thiamin"": [1.1, 10000.0], ""Riboflavin"": [1.1, 10000.0], ""Niacin"": [14.0, 35.0], ""Pantothenic acid"": [5.0, 10000.0], ""Vitamin B-9 Folic acid"": [400.0, 1000.0], ""Vitamin B-7"": [30.0, 10000.0], ""Total lipid (fat)"": [40.0, 120.0]}"
NSGA-II,2,with_diversity,13,104.3,51.59,634.0,0.622243,0.622243,12,"[29, 52, 55, 15, 12, 22, 64]","[101, 251, 254, 126, 342, 285, 286, 327, 346, 394, 343, 336, 147]","[29, 52, 55, 15, 12, 22, 64, 101, 251, 254, 126, 342, 285, 286, 327, 346, 394, 343, 336, 147]","{""Calcium, Ca"": 1529.4783999999997, ""Copper, Cu"": 1.4525579000000004, ""Iron, Fe"": 22.557625, ""Magnesium, Mg"": 559.1626200000001, ""Manganese, Mn"": 12.048413, ""Phosphorus, P"": 1779.0079, ""Sodium, Na"": 2505.4900000000002, ""Potassium, K"": 6488.6795999999995, ""Zinc, Zn"": 18.132626, ""Carbohydrate, by difference"": 343.15015999999997, ""Fiber, total dietary"": 38.636882, ""Protein"": 79.81535, ""Energy"": 2759.0613000000003, ""Vitamin A"": 1738.3337599999998, ""Vitamin B-6"": 5.046733000000001, ""Vitamin B-12"": 10.915553999999998, ""Vitamin C, total ascorbic acid"": 470.2901499999999, ""Vitamin D"": 0.295178, ""Vitamin E (alpha-tocopherol)"": 54.0547, ""Thiamin"": 5.8860244, ""Riboflavin"": 7.409804600000001, ""Niacin"": 16.342955999999997, ""Pantothenic acid"": 41.972965, ""Vitamin B-9 Folic acid"": 902.78846, ""Vitamin B-7"": 38.620266, ""Total lipid (fat)"": 124.97466999999999}","{""Calcium, Ca"": [1000.0, 2500.0], ""Copper, Cu"": [0.9, 10.0], ""Iron, Fe"": [18.0, 45.0], ""Magnesium, Mg"": [310.0, 660.0], ""Manganese, Mn"": [1.8, 11.0], ""Phosphorus, P"": [700.0, 4000.0], ""Sodium, Na"": [1500.0, 2300.0], ""Potassium, K"": [4700.0, 10000.0], ""Zinc, Zn"": [8.0, 40.0], ""Carbohydrate, by difference"": [170.0, 300.0], ""Fiber, total dietary"": [20.0, 9999.0], ""Protein"": [40.0, 100.0], ""Energy"": [2000.0, 2400.0], ""Vitamin A"": [700.0, 3000.0], ""Vitamin B-6"": [1.3, 100.0], ""Vitamin B-12"": [2.4, 10000.0], ""Vitamin C, total ascorbic acid"": [75.0, 2000.0], ""Vitamin D"": [600.0, 4000.0], ""Vitamin E (alpha-tocopherol)"": [15.0, 1000.0], ""Thiamin"": [1.1, 10000.0], ""Riboflavin"": [1.1, 10000.0], ""Niacin"": [14.0, 35.0], ""Pantothenic acid"": [5.0, 10000.0], ""Vitamin B-9 Folic acid"": [400.0, 1000.0], ""Vitamin B-7"": [30.0, 10000.0], ""Total lipid (fat)"": [40.0, 120.0]}"
NSGA-II,2,with_diversity,14,121.1,24.69,605.0,0.706489,0.706489,12,"[90, 12, 54, 22, 63]","[280, 391, 336, 341, 179, 215, 385, 354, 286, 245, 266]","[90, 12, 54, 22, 63, 280, 391, 336, 341, 179, 215, 385, 354, 286, 245, 266]","{""Calcium, Ca"": 1019.81474, ""Copper, Cu"": 1.2594528999999999, ""Iron, Fe"": 16.270631, ""Magnesium, Mg"": 336.05632, ""Manganese, Mn"": 4.082035999999999, ""Phosphorus, P"": 1231.07554, ""Sodium, Na"": 2399.938, ""Potassium, K"": 4951.7480000000005, ""Zinc, Zn"": 9.595047000000001, ""Carbohydrate, by difference"": 336.92251000000005, ""Fiber, total dietary"": 40.868691999999996, ""Protein"": 71.36662199999999, ""Energy"": 2704.14003, ""Vitamin A"": 1164.93479, ""Vitamin B-6"": 3.0081917, ""Vitamin B-12"": 1.3865816, ""Vitamin C, total ascorbic acid"": 492.45282999999995, ""Vitamin D"": 0.557442, ""Vitamin E (alpha-tocopherol)"": 38.47783999999999, ""Thiamin"": 17.9729236, ""Riboflavin"": 1.3039381, ""Niacin"": 10.381525199999999, ""Pantothenic acid"": 7.306502999999999, ""Vitamin B-9 Folic acid"": 610.9952599999999, ""Vitamin B-7"": 18.418898, ""Total lipid (fat)"": 137.5869502}","{""Calcium, Ca"": [1000.0, 2500.0], ""Copper, Cu"": [0.9, 10.0], ""Iron, Fe"": [18.0, 45.0], ""Magnesium, Mg"": [310.0, 660.0], ""Manganese, Mn"": [1.8, 11.0], ""Phosphorus, P"": [700.0, 4000.0], ""Sodium, Na"": [1500.0, 2300.0], ""Potassium, K"": [4700.0, 10000.0], ""Zinc, Zn"": [8.0, 40.0], ""Carbohydrate, by difference"": [170.0, 300.0], ""Fiber, total dietary"": [20.0, 9999.0], ""Protein"": [40.0, 100.0], ""Energy"": [2000.0, 2400.0], ""Vitamin A"": [700.0, 3000.0], ""Vitamin B-6"": [1.3, 100.0], ""Vitamin B-12"": [2.4, 10000.0], ""Vitamin C, total ascorbic acid"": [75.0, 2000.0], ""Vitamin D"": [600.0, 4000.0], ""Vitamin E (alpha-tocopherol)"": [15.0, 1000.0], ""Thiamin"": [1.1, 10000.0], ""Riboflavin"": [1.1, 10000.0], ""Niacin"": [14.0, 35.0], ""Pantothenic acid"": [5.0, 10000.0], ""Vitamin B-9 Folic acid"": [400.0, 1000.0], ""Vitamin B-7"": [30.0, 10000.0], ""Total lipid (fat)"": [40.0, 120.0]}"
NSGA-II,2,with_diversity,15,45.8,41.91,430.0,1.334872,1.334872,6,"[40, 88, 35, 84, 46]","[168, 136, 143, 219, 336]","[40, 88, 35, 84, 46, 168, 136, 143, 219, 336]","{""Calcium, Ca"": 392.0655, ""Copper, Cu"": 1.8250515, ""Iron, Fe"": 18.846241999999997, ""Magnesium, Mg"": 278.90389, ""Manganese, Mn"": 2.7933272, ""Phosphorus, P"": 1027.0609000000002, ""Sodium, Na"": 1322.3200000000002, ""Potassium, K"": 3632.924, ""Zinc, Zn"": 16.923582000000003, ""Carbohydrate, by difference"": 317.43854000000005, ""Fiber, total dietary"": 23.356419, ""Protein"": 110.45696999999998, ""Energy"": 2755.625, ""Vitamin A"": 1288.8811200000002, ""Vitamin B-6"": 1.8775088, ""Vitamin B-12"": 5.38864, ""Vitamin C, total ascorbic acid"": 218.259056, ""Vitamin D"": 0.0724693, ""Vitamin E (alpha-tocopherol)"": 32.213432, ""Thiamin"": 6.44805, ""Riboflavin"": 1.2741498, ""Niacin"": 20.110834999999998, ""Pantothenic acid"": 5.046303999999999, ""Vitamin B-9 Folic acid"": 278.71306, ""Vitamin B-7"": 6.9684349999999995, ""Total lipid (fat)"": 137.78476}","{""Calcium, Ca"": [1000.0, 2500.0], ""Copper, Cu"": [0.9, 10.0], ""Iron, Fe"": [18.0, 45.0], ""Magnesium, Mg"": [310.0, 660.0], ""Manganese, Mn"": [1.8, 11.0], ""Phosphorus, P"": [700.0, 4000.0], ""Sodium, Na"": [1500.0, 2300.0], ""Potassium, K"": [4700.0, 10000.0], ""Zinc, Zn"": [8.0, 40.0], ""Carbohydrate, by difference"": [170.0, 300.0], ""Fiber, total dietary"": [20.0, 9999.0], ""Protein"": [40.0, 100.0], ""Energy"": [2000.0, 2400.0], ""Vitamin A"": [700.0, 3000.0], ""Vitamin B-6"": [1.3, 100.0], ""Vitamin B-12"": [2.4, 10000.0], ""Vitamin C, total ascorbic acid"": [75.0, 2000.0], ""Vitamin D"": [600.0, 4000.0], ""Vitamin E (alpha-tocopherol)"": [15.0, 1000.0], ""Thiamin"": [1.1, 10000.0], ""Riboflavin"": [1.1, 10000.0], ""Niacin"": [14.0, 35.0], ""Pantothenic acid"": [5.0, 10000.0], ""Vitamin B-9 Folic acid"": [400.0, 1000.0], ""Vitamin B-7"": [30.0, 10000.0], ""Total lipid (fat)"": [40.0, 120.0]}"
NSGA-II,2,with_diversity,16,129.1,40.78,682.0,0.949699,0.949699,15,"[4, 75, 1, 67, 7, 44, 82, 12, 91]","[136, 161, 261, 328, 358, 312, 128, 362, 336, 284]","[4, 75, 1, 67, 7, 44, 82, 12, 91, 136, 161, 261, 328, 358, 312, 128, 362, 336, 284]","{""Calcium, Ca"": 763.7610280000001, ""Copper, Cu"": 0.944434, ""Iron, Fe"": 13.8806631, ""Magnesium, Mg"": 245.04480999999998, ""Manganese, Mn"": 2.9564247999999997, ""Phosphorus, P"": 970.6758127999999, ""Sodium, Na"": 1904.2692700000002, ""Potassium, K"": 4430.331188, ""Zinc, Zn"": 8.786766000000002, ""Carbohydrate, by difference"": 344.25421, ""Fiber, total dietary"": 25.4406229, ""Protein"": 57.186569299999995, ""Energy"": 2601.1473000000005, ""Vitamin A"": 1161.09314, ""Vitamin B-6"": 2.7595102000000002, ""Vitamin B-12"": 23.1277665, ""Vitamin C, total ascorbic acid"": 243.39885999999996, ""Vitamin D"": 0.39361009999999996, ""Vitamin E (alpha-tocopherol)"": 34.589993500000006, ""Thiamin"": 6.132886699999999, ""Riboflavin"": 4.3911087, ""Niacin"": 11.659443000000003, ""Pantothenic acid"": 28.735668000000004, ""Vitamin B-9 Folic acid"": 347.46121, ""Vitamin B-7"": 15.192274999999999, ""Total lipid (fat)"": 133.42451999999997}","{""Calcium, Ca"": [1000.0, 2500.0], ""Copper, Cu"": [0.9, 10.0], ""Iron, Fe"": [18.0, 45.0], ""Magnesium, Mg"": [310.0, 660.0], ""Manganese, Mn"": [1.8, 11.0], ""Phosphorus, P"": [700.0, 4000.0], ""Sodium, Na"": [1500.0, 2300.0], ""Potassium, K"": [4700.0, 10000.0], ""Zinc, Zn"": [8.0, 40.0], ""Carbohydrate, by difference"": [170.0, 300.0], ""Fiber, total dietary"": [20.0, 9999.0], ""Protein"": [40.0, 100.0], ""Energy"": [2000.0, 2400.0], ""Vitamin A"": [700.0, 3000.0], ""Vitamin B-6"": [1.3, 100.0], ""Vitamin B-12"": [2.4, 10000.0], ""Vitamin C, total ascorbic acid"": [75.0, 2000.0], ""Vitamin D"": [600.0, 4000.0], ""Vitamin E (alpha-tocopherol)"": [15.0, 1000.0], ""Thiamin"": [1.1, 10000.0], ""Riboflavin"": [1.1, 10000.0], ""Niacin"": [14.0, 35.0], ""Pantothenic acid"": [5.0, 10000.0], ""Vitamin B-9 Folic acid"": [400.0, 1000.0], ""Vitamin B-7"": [30.0, 10000.0], ""Total lipid (fat)"": [40.0, 120.0]}"
NSGA-II,2,with_diversity,17,137.9,47.36,519.0,0.767561,0.767561,10,"[29, 53, 26, 48, 8, 27]","[343, 298, 301, 264, 216, 327, 270, 184, 283, 286, 251, 208, 361, 245]","[29, 53, 26, 48, 8, 27, 343, 298, 301, 264, 216, 327, 270, 184, 283, 286, 251, 208, 361, 245]","{""Calcium, Ca"": 766.7017, ""Copper, Cu"": 2.2341620000000004, ""Iron, Fe"": 22.926807000000004, ""Magnesium, Mg"": 436.44039, ""Manganese, Mn"": 9.053482299999999, ""Phosphorus, P"": 1427.357, ""Sodium, Na"": 2558.5175, ""Potassium, K"": 5504.4445, ""Zinc, Zn"": 14.158390999999998, ""Carbohydrate, by difference"": 344.48539, ""Fiber, total dietary"": 47.430057000000005, ""Protein"": 67.12109000000001, ""Energy"": 2759.5053, ""Vitamin A"": 1242.9199268, ""Vitamin B-6"": 3.8067054000000007, ""Vitamin B-12"": 23.270395299999997, ""Vitamin C, total ascorbic acid"": 594.401604, ""Vitamin D"": 0.1303207, ""Vitamin E (alpha-tocopherol)"": 60.965968, ""Thiamin"": 7.809870699999999, ""Riboflavin"": 8.7704943, ""Niacin"": 19.565613000000003, ""Pantothenic acid"": 67.4771341, ""Vitamin B-9 Folic acid"": 640.33689, ""Vitamin B-7"": 24.633401999999997, ""Total lipid (fat)"": 137.48742}","{""Calcium, Ca"": [1000.0, 2500.0], ""Copper, Cu"": [0.9, 10.0], ""Iron, Fe"": [18.0, 45.0], ""Magnesium, Mg"": [310.0, 660.0], ""Manganese, Mn"": [1.8, 11.0], ""Phosphorus, P"": [700.0, 4000.0], ""Sodium, Na"": [1500.0, 2300.0], ""Potassium, K"": [4700.0, 10000.0], ""Zinc, Zn"": [8.0, 40.0], ""Carbohydrate, by difference"": [170.0, 300.0], ""Fiber, total dietary"": [20.0, 9999.0], ""Protein"": [40.0, 100.0], ""Energy"": [2000.0, 2400.0], ""Vitamin A"": [700.0, 3000.0], ""Vitamin B-6"": [1.3, 100.0], ""Vitamin B-12"": [2.4, 10000.0], ""Vitamin C, total ascorbic acid"": [75.0, 2000.0], ""Vitamin D"": [600.0, 4000.0], ""Vitamin E (alpha-tocopherol)"": [15.0, 1000.0], ""Thiamin"": [1.1, 10000.0], ""Riboflavin"": [1.1, 10000.0], ""Niacin"": [14.0, 35.0], ""Pantothenic acid"": [5.0, 10000.0], ""Vitamin B-9 Folic acid"": [400.0, 1000.0], ""Vitamin B-7"": [30.0, 10000.0], ""Total lipid (fat)"": [40.0, 120.0]}"
NSGA-II,2,with_diversity,18,52.8,24.83,332.0,2.253226,2.253226,8,"[71, 58]","[221, 370, 141, 380, 260, 147, 158, 252]","[71, 58, 221, 370, 141, 380, 260, 147, 158, 252]","{""Calcium, Ca"": 264.9234, ""Copper, Cu"": 0.7428527999999999, ""Iron, Fe"": 10.724659999999998, ""Magnesium, Mg"": 200.72082999999998, ""Manganese, Mn"": 2.0494399999999997, ""Phosphorus, P"": 811.0264000000001, ""Sodium, Na"": 817.2293, ""Potassium, K"": 3449.969, ""Zinc, Zn"": 7.196165, ""Carbohydrate, by difference"": 328.91459999999995, ""Fiber, total dietary"": 23.09205, ""Protein"": 71.01551, ""Energy"": 2754.7690000000002, ""Vitamin A"": 598.41682, ""Vitamin B-6"": 1.8663561999999998, ""Vitamin B-12"": 4.219809, ""Vitamin C, total ascorbic acid"": 219.22731, ""Vitamin D"": 0.1044387, ""Vitamin E (alpha-tocopherol)"": 30.50477, ""Thiamin"": 5.2136379999999996, ""Riboflavin"": 1.5474580000000002, ""Niacin"": 12.974067000000002, ""Pantothenic acid"": 13.653636, ""Vitamin B-9 Folic acid"": 286.3717, ""Vitamin B-7"": 18.675987, ""Total lipid (fat)"": 134.94162}","{""Calcium, Ca"": [1000.0, 2500.0], ""Copper, Cu"": [0.9, 10.0], ""Iron, Fe"": [18.0, 45.0], ""Magnesium, Mg"": [310.0, 660.0], ""Manganese, Mn"": [1.8, 11.0], ""Phosphorus, P"": [700.0, 4000.0], ""Sodium, Na"": [1500.0, 2300.0], ""Potassium, K"": [4700.0, 10000.0], ""Zinc, Zn"": [8.0, 40.0], ""Carbohydrate, by difference"": [170.0, 300.0], ""Fiber, total dietary"": [20.0, 9999.0], ""Protein"": [40.0, 100.0], ""Energy"": [2000.0, 2400.0], ""Vitamin A"": [700.0, 3000.0], ""Vitamin B-6"": [1.3, 100.0], ""Vitamin B-12"": [2.4, 10000.0], ""Vitamin C, total ascorbic acid"": [75.0, 2000.0], ""Vitamin D"": [600.0, 4000.0], ""Vitamin E (alpha-tocopherol)"": [15.0, 1000.0], ""Thiamin"": [1.1, 10000.0], ""Riboflavin"": [1.1, 10000.0], ""Niacin"": [14.0, 35.0], ""Pantothenic acid"": [5.0, 10000.0], ""Vitamin B-9 Folic acid"": [400.0, 1000.0], ""Vitamin B-7"": [30.0, 10000.0], ""Total lipid (fat)"": [40.0, 120.0]}"
NSGA-II,2,with_diversity,19,126.9,35.6,451.0,0.440358,0.440358,14,"[76, 1, 67, 7, 89, 13, 17, 44, 82]","[216, 327, 360, 283, 270, 399, 333, 160, 251]","[76, 1, 67, 7, 89, 13, 17, 44, 82, 216, 327, 360, 283, 270, 399, 333, 160, 251]","{""Calcium, Ca"": 1013.60574, ""Copper, Cu"": 1.2915344000000002, ""Iron, Fe"": 16.238178, ""Magnesium, Mg"": 358.71609, ""Manganese, Mn"": 3.7321033, ""Phosphorus, P"": 1114.1911, ""Sodium, Na"": 1894.3823700000003, ""Potassium, K"": 6190.3629, ""Zinc, Zn"": 7.629059999999999, ""Carbohydrate, by difference"": 311.06517099999996, ""Fiber, total dietary"": 38.8558169, ""Protein"": 46.414716, ""Energy"": 2601.6346000000003, ""Vitamin A"": 649.3757807, ""Vitamin B-6"": 2.6527067000000004, ""Vitamin B-12"": 43.351834700000005, ""Vitamin C, total ascorbic acid"": 464.0017600000001, ""Vitamin D"": 0.6689309999999999, ""Vitamin E (alpha-tocopherol)"": 62.27903, ""Thiamin"": 9.249512, ""Riboflavin"": 8.913591399999998, ""Niacin"": 13.907466, ""Pantothenic acid"": 70.55565409999998, ""Vitamin B-9 Folic acid"": 581.5488600000001, ""Vitamin B-7"": 22.564248000000003, ""Total lipid (fat)"": 137.97340999999997}","{""Calcium, Ca"": [1000.0, 2500.0], ""Copper, Cu"": [0.9, 10.0], ""Iron, Fe"": [18.0, 45.0], ""Magnesium, Mg"": [310.0, 660.0], ""Manganese, Mn"": [1.8, 11.0], ""Phosphorus, P"": [700.0, 4000.0], ""Sodium, Na"": [1500.0, 2300.0], ""Potassium, K"": [4700.0, 10000.0], ""Zinc, Zn"": [8.0, 40.0], ""Carbohydrate, by difference"": [170.0, 300.0], ""Fiber, total dietary"": [20.0, 9999.0], ""Protein"": [40.0, 100.0], ""Energy"": [2000.0, 2400.0], ""Vitamin A"": [700.0, 3000.0], ""Vitamin B-6"": [1.3, 100.0], ""Vitamin B-12"": [2.4, 10000.0], ""Vitamin C, total ascorbic acid"": [75.0, 2000.0], ""Vitamin D"": [600.0, 4000.0], ""Vitamin E (alpha-tocopherol)"": [15.0, 1000.0], ""Thiamin"": [1.1, 10000.0], ""Riboflavin"": [1.1, 10000.0], ""Niacin"": [14.0, 35.0], ""Pantothenic acid"": [5.0, 10000.0], ""Vitamin B-9 Folic acid"": [400.0, 1000.0], ""Vitamin B-7"": [30.0, 10000.0], ""Total lipid (fat)"": [40.0, 120.0]}"
NSGA-II,2,with_diversity,20,67.1,33.57,405.0,0.911913,0.911913,11,"[24, 79, 12, 58]","[192, 388, 126, 350, 221, 380, 141, 251, 336]","[24, 79, 12, 58, 192, 388, 126, 350, 221, 380, 141, 251, 336]","{""Calcium, Ca"": 1118.8713, ""Copper, Cu"": 1.151852, ""Iron, Fe"": 14.002903000000002, ""Magnesium, Mg"": 288.5663, ""Manganese, Mn"": 2.6151809999999998, ""Phosphorus, P"": 855.5132, ""Sodium, Na"": 1741.2336, ""Potassium, K"": 4205.9488, ""Zinc, Zn"": 6.188298999999999, ""Carbohydrate, by difference"": 298.64556, ""Fiber, total dietary"": 30.437949999999997, ""Protein"": 69.83030000000001, ""Energy"": 2757.7930000000006, ""Vitamin A"": 286.23196, ""Vitamin B-6"": 1.6439224999999997, ""Vitamin B-12"": 13.357809999999999, ""Vitamin C, total ascorbic acid"": 201.25116299999996, ""Vitamin D"": 0.086374, ""Vitamin E (alpha-tocopherol)"": 42.396209999999996, ""Thiamin"": 8.9412283, ""Riboflavin"": 4.1668881, ""Niacin"": 11.31659, ""Pantothenic acid"": 35.380936, ""Vitamin B-9 Folic acid"": 485.8657, ""Vitamin B-7"": 13.056958, ""Total lipid (fat)"": 133.89639}","{""Calcium, Ca"": [1000.0, 2500.0], ""Copper, Cu"": [0.9, 10.0], ""Iron, Fe"": [18.0, 45.0], ""Magnesium, Mg"": [310.0, 660.0], ""Manganese, Mn"": [1.8, 11.0], ""Phosphorus, P"": [700.0, 4000.0], ""Sodium, Na"": [1500.0, 2300.0], ""Potassium, K"": [4700.0, 10000.0], ""Zinc, Zn"": [8.0, 40.0], ""Carbohydrate, by difference"": [170.0, 300.0], ""Fiber, total dietary"": [20.0, 9999.0], ""Protein"": [40.0, 100.0], ""Energy"": [2000.0, 2400.0], ""Vitamin A"": [700.0, 3000.0], ""Vitamin B-6"": [1.3, 100.0], ""Vitamin B-12"": [2.4, 10000.0], ""Vitamin C, total ascorbic acid"": [75.0, 2000.0], ""Vitamin D"": [600.0, 4000.0], ""Vitamin E (alpha-tocopherol)"": [15.0, 1000.0], ""Thiamin"": [1.1, 10000.0], ""Riboflavin"": [1.1, 10000.0], ""Niacin"": [14.0, 35.0], ""Pantothenic acid"": [5.0, 10000.0], ""Vitamin B-9 Folic acid"": [400.0, 1000.0], ""Vitamin B-7"": [30.0, 10000.0], ""Total lipid (fat)"": [40.0, 120.0]}"
NSGA-II,2,with_diversity,21,28.5,14.33,445.0,1.236102,1.236102,7,"[79, 73]","[203, 114, 253, 405, 154, 336, 284]","[79, 73, 203, 114, 253, 405, 154, 336, 284]","{""Calcium, Ca"": 773.281238, ""Copper, Cu"": 1.0885593000000002, ""Iron, Fe"": 16.811924299999998, ""Magnesium, Mg"": 261.89063, ""Manganese, Mn"": 1.0396534, ""Phosphorus, P"": 855.1243728, ""Sodium, Na"": 1557.262975, ""Potassium, K"": 1880.3152879999996, ""Zinc, Zn"": 6.363866999999999, ""Carbohydrate, by difference"": 344.94808, ""Fiber, total dietary"": 33.326600000000006, ""Protein"": 49.3450833, ""Energy"": 2346.8948000000005, ""Vitamin A"": 453.0498, ""Vitamin B-6"": 0.8998079999999998, ""Vitamin B-12"": 3.059537, ""Vitamin C, total ascorbic acid"": 50.591820000000006, ""Vitamin D"": 0.7915968, ""Vitamin E (alpha-tocopherol)"": 28.585069999999998, ""Thiamin"": 9.08416, ""Riboflavin"": 2.943046, ""Niacin"": 17.188264, ""Pantothenic acid"": 7.65518, ""Vitamin B-9 Folic acid"": 209.18183000000002, ""Vitamin B-7"": 20.912269999999996, ""Total lipid (fat)"": 81.881}","{""Calcium, Ca"": [1000.0, 2500.0], ""Copper, Cu"": [0.9, 10.0], ""Iron, Fe"": [18.0, 45.0], ""Magnesium, Mg"": [310.0, 660.0], ""Manganese, Mn"": [1.8, 11.0], ""Phosphorus, P"": [700.0, 4000.0], ""Sodium, Na"": [1500.0, 2300.0], ""Potassium, K"": [4700.0, 10000.0], ""Zinc, Zn"": [8.0, 40.0], ""Carbohydrate, by difference"": [170.0, 300.0], ""Fiber, total dietary"": [20.0, 9999.0], ""Protein"": [40.0, 100.0], ""Energy"": [2000.0, 2400.0], ""Vitamin A"": [700.0, 3000.0], ""Vitamin B-6"": [1.3, 100.0], ""Vitamin B-12"": [2.4, 10000.0], ""Vitamin C, total ascorbic acid"": [75.0, 2000.0], ""Vitamin D"": [600.0, 4000.0], ""Vitamin E (alpha-tocopherol)"": [15.0, 1000.0], ""Thiamin"": [1.1, 10000.0], ""Riboflavin"": [1.1, 10000.0], ""Niacin"": [14.0, 35.0], ""Pantothenic acid"": [5.0, 10000.0], ""Vitamin B-9 Folic acid"": [400.0, 1000.0], ""Vitamin B-7"": [30.0, 10000.0], ""Total lipid (fat)"": [40.0, 120.0]}"
NSGA-II,2,with_diversity,22,113.7,37.44,785.0,1.010878,1.010878,13,"[84, 3, 44, 53, 64]","[193, 251, 403, 137, 254, 296, 297, 208, 127, 369, 338, 284, 245, 336]","[84, 3, 44, 53, 64, 193, 251, 403, 137, 254, 296, 297, 208, 127, 369, 338, 284, 245, 336]","{""Calcium, Ca"": 474.88203799999997, ""Copper, Cu"": 1.7766667000000005, ""Iron, Fe"": 17.703517299999998, ""Magnesium, Mg"": 344.1715, ""Manganese, Mn"": 7.8801774, ""Phosphorus, P"": 1205.1858128, ""Sodium, Na"": 2563.0778999999998, ""Potassium, K"": 3734.4335880000003, ""Zinc, Zn"": 13.134922000000001, ""Carbohydrate, by difference"": 341.90119, ""Fiber, total dietary"": 31.706787999999996, ""Protein"": 66.3128233, ""Energy"": 2744.3597000000004, ""Vitamin A"": 1007.1720000000001, ""Vitamin B-6"": 3.4592219, ""Vitamin B-12"": 18.958042, ""Vitamin C, total ascorbic acid"": 202.23167299999997, ""Vitamin D"": 0.1176992, ""Vitamin E (alpha-tocopherol)"": 46.93797800000001, ""Thiamin"": 8.916032699999999, ""Riboflavin"": 8.444177899999998, ""Niacin"": 14.944382000000001, ""Pantothenic acid"": 53.66788500000001, ""Vitamin B-9 Folic acid"": 425.20964, ""Vitamin B-7"": 24.337903, ""Total lipid (fat)"": 134.15653999999998}","{""Calcium, Ca"": [1000.0, 2500.0], ""Copper, Cu"": [0.9, 10.0], ""Iron, Fe"": [18.0, 45.0], ""Magnesium, Mg"": [310.0, 660.0], ""Manganese, Mn"": [1.8, 11.0], ""Phosphorus, P"": [700.0, 4000.0], ""Sodium, Na"": [1500.0, 2300.0], ""Potassium, K"": [4700.0, 10000.0], ""Zinc, Zn"": [8.0, 40.0], ""Carbohydrate, by difference"": [170.0, 300.0], ""Fiber, total dietary"": [20.0, 9999.0], ""Protein"": [40.0, 100.0], ""Energy"": [2000.0, 2400.0], ""Vitamin A"": [700.0, 3000.0], ""Vitamin B-6"": [1.3, 100.0], ""Vitamin B-12"": [2.4, 10000.0], ""Vitamin C, total ascorbic acid"": [75.0, 2000.0], ""Vitamin D"": [600.0, 4000.0], ""Vitamin E (alpha-tocopherol)"": [15.0, 1000.0], ""Thiamin"": [1.1, 10000.0], ""Riboflavin"": [1.1, 10000.0], ""Niacin"": [14.0, 35.0], ""Pantothenic acid"": [5.0, 10000.0], ""Vitamin B-9 Folic acid"": [400.0, 1000.0], ""Vitamin B-7"": [30.0, 10000.0], ""Total lipid (fat)"": [40.0, 120.0]}"
NSGA-II,2,with_diversity,23,84.7,17.95,720.0,0.624115,0.624115,10,"[47, 35, 26, 80, 8]","[388, 153, 359, 350, 151, 272, 341, 254, 284, 334]","[47, 35, 26, 80, 8, 388, 153, 359, 350, 151, 272, 341, 254, 284, 334]","{""Calcium, Ca"": 833.885738, ""Copper, Cu"": 1.9054966999999998, ""Iron, Fe"": 19.727680300000003, ""Magnesium, Mg"": 487.00825000000003, ""Manganese, Mn"": 11.0458763, ""Phosphorus, P"": 1792.7567128, ""Sodium, Na"": 2146.4103999999993, ""Potassium, K"": 3760.4230880000005, ""Zinc, Zn"": 19.692811, ""Carbohydrate, by difference"": 344.82939999999996, ""Fiber, total dietary"": 26.715737000000004, ""Protein"": 72.4685833, ""Energy"": 2630.9313, ""Vitamin A"": 744.49739, ""Vitamin B-6"": 3.9024831000000004, ""Vitamin B-12"": 15.157666599999999, ""Vitamin C, total ascorbic acid"": 161.672121, ""Vitamin D"": 0.20323530000000004, ""Vitamin E (alpha-tocopherol)"": 60.74417, ""Thiamin"": 13.8398466, ""Riboflavin"": 8.815177, ""Niacin"": 13.374042, ""Pantothenic acid"": 55.536016000000004, ""Vitamin B-9 Folic acid"": 542.49616, ""Vitamin B-7"": 33.91819100000001, ""Total lipid (fat)"": 115.60833}","{""Calcium, Ca"": [1000.0, 2500.0], ""Copper, Cu"": [0.9, 10.0], ""Iron, Fe"": [18.0, 45.0], ""Magnesium, Mg"": [310.0, 660.0], ""Manganese, Mn"": [1.8, 11.0], ""Phosphorus, P"": [700.0, 4000.0], ""Sodium, Na"": [1500.0, 2300.0], ""Potassium, K"": [4700.0, 10000.0], ""Zinc, Zn"": [8.0, 40.0], ""Carbohydrate, by difference"": [170.0, 300.0], ""Fiber, total dietary"": [20.0, 9999.0], ""Protein"": [40.0, 100.0], ""Energy"": [2000.0, 2400.0], ""Vitamin A"": [700.0, 3000.0], ""Vitamin B-6"": [1.3, 100.0], ""Vitamin B-12"": [2.4, 10000.0], ""Vitamin C, total ascorbic acid"": [75.0, 2000.0], ""Vitamin D"": [600.0, 4000.0], ""Vitamin E (alpha-tocopherol)"": [15.0, 1000.0], ""Thiamin"": [1.1, 10000.0], ""Riboflavin"": [1.1, 10000.0], ""Niacin"": [14.0, 35.0], ""Pantothenic acid"": [5.0, 10000.0], ""Vitamin B-9 Folic acid"": [400.0, 1000.0], ""Vitamin B-7"": [30.0, 10000.0], ""Total lipid (fat)"": [40.0, 120.0]}"
NSGA-II,2,with_diversity,24,37.7,25.02,385.0,0.784832,0.784832,8,"[93, 31, 51]","[390, 387, 260, 336, 284, 160]","[93, 31, 51, 390, 387, 260, 336, 284, 160]","{""Calcium, Ca"": 1156.6838380000002, ""Copper, Cu"": 0.8094200000000001, ""Iron, Fe"": 14.360493299999998, ""Magnesium, Mg"": 330.63924999999995, ""Manganese, Mn"": 1.3496890000000001, ""Phosphorus, P"": 1816.0516128, ""Sodium, Na"": 1913.3011000000001, ""Potassium, K"": 3978.686188, ""Zinc, Zn"": 21.147240000000004, ""Carbohydrate, by difference"": 150.6664, ""Fiber, total dietary"": 13.983668000000002, ""Protein"": 114.8473833, ""Energy"": 2218.5612, ""Vitamin A"": 198.57281, ""Vitamin B-6"": 2.328102, ""Vitamin B-12"": 29.86542, ""Vitamin C, total ascorbic acid"": 266.4787, ""Vitamin D"": 0.296699, ""Vitamin E (alpha-tocopherol)"": 20.912249999999997, ""Thiamin"": 4.4475, ""Riboflavin"": 6.025631999999999, ""Niacin"": 19.20855, ""Pantothenic acid"": 35.290060000000004, ""Vitamin B-9 Folic acid"": 331.6377, ""Vitamin B-7"": 20.82181, ""Total lipid (fat)"": 124.99642}","{""Calcium, Ca"": [1000.0, 2500.0], ""Copper, Cu"": [0.9, 10.0], ""Iron, Fe"": [18.0, 45.0], ""Magnesium, Mg"": [310.0, 660.0], ""Manganese, Mn"": [1.8, 11.0], ""Phosphorus, P"": [700.0, 4000.0], ""Sodium, Na"": [1500.0, 2300.0], ""Potassium, K"": [4700.0, 10000.0], ""Zinc, Zn"": [8.0, 40.0], ""Carbohydrate, by difference"": [170.0, 300.0], ""Fiber, total dietary"": [20.0, 9999.0], ""Protein"": [40.0, 100.0], ""Energy"": [2000.0, 2400.0], ""Vitamin A"": [700.0, 3000.0], ""Vitamin B-6"": [1.3, 100.0], ""Vitamin B-12"": [2.4, 10000.0], ""Vitamin C, total ascorbic acid"": [75.0, 2000.0], ""Vitamin D"": [600.0, 4000.0], ""Vitamin E (alpha-tocopherol)"": [15.0, 1000.0], ""Thiamin"": [1.1, 10000.0], ""Riboflavin"": [1.1, 10000.0], ""Niacin"": [14.0, 35.0], ""Pantothenic acid"": [5.0, 10000.0], ""Vitamin B-9 Folic acid"": [400.0, 1000.0], ""Vitamin B-7"": [30.0, 10000.0], ""Total lipid (fat)"": [40.0, 120.0]}"
NSGA-II,2,with_diversity,25,42.8,23.55,350.0,1.29954,1.29954,7,"[27, 14, 18, 52]","[335, 349, 341, 254, 284]","[27, 14, 18, 52, 335, 349, 341, 254, 284]","{""Calcium, Ca"": 852.7419380000001, ""Copper, Cu"": 1.20896, ""Iron, Fe"": 17.3973033, ""Magnesium, Mg"": 226.62475, ""Manganese, Mn"": 4.5506488, ""Phosphorus, P"": 1256.9864128, ""Sodium, Na"": 2176.9950999999996, ""Potassium, K"": 2493.945188, ""Zinc, Zn"": 21.475067000000003, ""Carbohydrate, by difference"": 139.04430000000002, ""Fiber, total dietary"": 8.051779999999999, ""Protein"": 114.7801733, ""Energy"": 2221.4392000000003, ""Vitamin A"": 398.83381, ""Vitamin B-6"": 2.426417, ""Vitamin B-12"": 8.872074999999999, ""Vitamin C, total ascorbic acid"": 157.0233, ""Vitamin D"": 0.45841529999999997, ""Vitamin E (alpha-tocopherol)"": 23.81336, ""Thiamin"": 5.219012, ""Riboflavin"": 5.650456, ""Niacin"": 19.07528, ""Pantothenic acid"": 26.86326, ""Vitamin B-9 Folic acid"": 199.7475, ""Vitamin B-7"": 17.985072000000002, ""Total lipid (fat)"": 137.62371}","{""Calcium, Ca"": [1000.0, 2500.0], ""Copper, Cu"": [0.9, 10.0], ""Iron, Fe"": [18.0, 45.0], ""Magnesium, Mg"": [310.0, 660.0], ""Manganese, Mn"": [1.8, 11.0], ""Phosphorus, P"": [700.0, 4000.0], ""Sodium, Na"": [1500.0, 2300.0], ""Potassium, K"": [4700.0, 10000.0], ""Zinc, Zn"": [8.0, 40.0], ""Carbohydrate, by difference"": [170.0, 300.0], ""Fiber, total dietary"": [20.0, 9999.0], ""Protein"": [40.0, 100.0], ""Energy"": [2000.0, 2400.0], ""Vitamin A"": [700.0, 3000.0], ""Vitamin B-6"": [1.3, 100.0], ""Vitamin B-12"": [2.4, 10000.0], ""Vitamin C, total ascorbic acid"": [75.0, 2000.0], ""Vitamin D"": [600.0, 4000.0], ""Vitamin E (alpha-tocopherol)"": [15.0, 1000.0], ""Thiamin"": [1.1, 10000.0], ""Riboflavin"": [1.1, 10000.0], ""Niacin"": [14.0, 35.0], ""Pantothenic acid"": [5.0, 10000.0], ""Vitamin B-9 Folic acid"": [400.0, 1000.0], ""Vitamin B-7"": [30.0, 10000.0], ""Total lipid (fat)"": [40.0, 120.0]}"
NSGA-II,2,with_diversity,26,31.2,10.27,415.0,1.975935,1.975935,5,[73],"[135, 253, 405, 336, 334, 284]","[73, 135, 253, 405, 336, 334, 284]","{""Calcium, Ca"": 413.02123800000004, ""Copper, Cu"": 1.2504231, ""Iron, Fe"": 15.2801233, ""Magnesium, Mg"": 296.44989, ""Manganese, Mn"": 7.479604500000001, ""Phosphorus, P"": 652.1005928000001, ""Sodium, Na"": 926.332135, ""Potassium, K"": 1869.4530880000002, ""Zinc, Zn"": 5.736657, ""Carbohydrate, by difference"": 344.07062, ""Fiber, total dietary"": 28.866670000000003, ""Protein"": 29.6515333, ""Energy"": 2003.3294, ""Vitamin A"": 78.6797, ""Vitamin B-6"": 0.9718140000000001, ""Vitamin B-12"": 2.308767, ""Vitamin C, total ascorbic acid"": 107.97651000000002, ""Vitamin D"": 0.513436, ""Vitamin E (alpha-tocopherol)"": 27.35691, ""Thiamin"": 2.18165, ""Riboflavin"": 2.803031, ""Niacin"": 16.262203999999997, ""Pantothenic acid"": 9.83619, ""Vitamin B-9 Folic acid"": 287.71553, ""Vitamin B-7"": 20.98462, ""Total lipid (fat)"": 66.39083000000001}","{""Calcium, Ca"": [1000.0, 2500.0], ""Copper, Cu"": [0.9, 10.0], ""Iron, Fe"": [18.0, 45.0], ""Magnesium, Mg"": [310.0, 660.0], ""Manganese, Mn"": [1.8, 11.0], ""Phosphorus, P"": [700.0, 4000.0], ""Sodium, Na"": [1500.0, 2300.0], ""Potassium, K"": [4700.0, 10000.0], ""Zinc, Zn"": [8.0, 40.0], ""Carbohydrate, by difference"": [170.0, 300.0], ""Fiber, total dietary"": [20.0, 9999.0], ""Protein"": [40.0, 100.0], ""Energy"": [2000.0, 2400.0], ""Vitamin A"": [700.0, 3000.0], ""Vitamin B-6"": [1.3, 100.0], ""Vitamin B-12"": [2.4, 10000.0], ""Vitamin C, total ascorbic acid"": [75.0, 2000.0], ""Vitamin D"": [600.0, 4000.0], ""Vitamin E (alpha-tocopherol)"": [15.0, 1000.0], ""Thiamin"": [1.1, 10000.0], ""Riboflavin"": [1.1, 10000.0], ""Niacin"": [14.0, 35.0], ""Pantothenic acid"": [5.0, 10000.0], ""Vitamin B-9 Folic acid"": [400.0, 1000.0], ""Vitamin B-7"": [30.0, 10000.0], ""Total lipid (fat)"": [40.0, 120.0]}"
NSGA-II,2,with_diversity,27,20.3,19.17,540.0,0.630598,0.630598,5,[33],"[167, 257, 206, 225, 134, 284, 399]","[33, 167, 257, 206, 225, 134, 284, 399]","{""Calcium, Ca"": 1211.6276380000002, ""Copper, Cu"": 2.074072, ""Iron, Fe"": 26.280146300000002, ""Magnesium, Mg"": 515.62975, ""Manganese, Mn"": 5.349060999999999, ""Phosphorus, P"": 1511.2396127999998, ""Sodium, Na"": 1608.2514999999999, ""Potassium, K"": 4081.8331879999996, ""Zinc, Zn"": 14.594913, ""Carbohydrate, by difference"": 344.74926, ""Fiber, total dietary"": 49.52104, ""Protein"": 91.09324330000001, ""Energy"": 2621.0802000000003, ""Vitamin A"": 223.10827389999997, ""Vitamin B-6"": 1.7121843, ""Vitamin B-12"": 12.618355, ""Vitamin C, total ascorbic acid"": 44.75998, ""Vitamin D"": 0.9002787, ""Vitamin E (alpha-tocopherol)"": 35.82747, ""Thiamin"": 4.763122, ""Riboflavin"": 4.5272062, ""Niacin"": 26.44278, ""Pantothenic acid"": 15.176303, ""Vitamin B-9 Folic acid"": 632.4678, ""Vitamin B-7"": 24.39013, ""Total lipid (fat)"": 118.67608}","{""Calcium, Ca"": [1000.0, 2500.0], ""Copper, Cu"": [0.9, 10.0], ""Iron, Fe"": [18.0, 45.0], ""Magnesium, Mg"": [310.0, 660.0], ""Manganese, Mn"": [1.8, 11.0], ""Phosphorus, P"": [700.0, 4000.0], ""Sodium, Na"": [1500.0, 2300.0], ""Potassium, K"": [4700.0, 10000.0], ""Zinc, Zn"": [8.0, 40.0], ""Carbohydrate, by difference"": [170.0, 300.0], ""Fiber, total dietary"": [20.0, 9999.0], ""Protein"": [40.0, 100.0], ""Energy"": [2000.0, 2400.0], ""Vitamin A"": [700.0, 3000.0], ""Vitamin B-6"": [1.3, 100.0], ""Vitamin B-12"": [2.4, 10000.0], ""Vitamin C, total ascorbic acid"": [75.0, 2000.0], ""Vitamin D"": [600.0, 4000.0], ""Vitamin E (alpha-tocopherol)"": [15.0, 1000.0], ""Thiamin"": [1.1, 10000.0], ""Riboflavin"": [1.1, 10000.0], ""Niacin"": [14.0, 35.0], ""Pantothenic acid"": [5.0, 10000.0], ""Vitamin B-9 Folic acid"": [400.0, 1000.0], ""Vitamin B-7"": [30.0, 10000.0], ""Total lipid (fat)"": [40.0, 120.0]}"
NSGA-II,2,with_diversity,28,117.7,30.09,735.0,0.526217,0.526217,13,"[47, 55, 20, 94, 5, 8]","[200, 369, 390, 171, 253, 246, 192, 113, 160, 314, 285, 147, 284]","[47, 55, 20, 94, 5, 8, 200, 369, 390, 171, 253, 246, 192, 113, 160, 314, 285, 147, 284]","{""Calcium, Ca"": 1191.7639179999999, ""Copper, Cu"": 1.8774708000000002, ""Iron, Fe"": 21.325472900000005, ""Magnesium, Mg"": 562.3193299999999, ""Manganese, Mn"": 7.0480537, ""Phosphorus, P"": 1495.2212595000003, ""Sodium, Na"": 2632.1961250000004, ""Potassium, K"": 6006.800988, ""Zinc, Zn"": 14.115194100000004, ""Carbohydrate, by difference"": 344.98135, ""Fiber, total dietary"": 62.2311526, ""Protein"": 72.92067879999999, ""Energy"": 2542.7061000000003, ""Vitamin A"": 478.77474, ""Vitamin B-6"": 4.5331527000000005, ""Vitamin B-12"": 16.556584, ""Vitamin C, total ascorbic acid"": 409.852934, ""Vitamin D"": 0.7007686, ""Vitamin E (alpha-tocopherol)"": 59.80317, ""Thiamin"": 12.487068799999998, ""Riboflavin"": 4.9915091, ""Niacin"": 15.668655999999999, ""Pantothenic acid"": 40.213848, ""Vitamin B-9 Folic acid"": 812.92903, ""Vitamin B-7"": 28.627473, ""Total lipid (fat)"": 114.997068}","{""Calcium, Ca"": [1000.0, 2500.0], ""Copper, Cu"": [0.9, 10.0], ""Iron, Fe"": [18.0, 45.0], ""Magnesium, Mg"": [310.0, 660.0], ""Manganese, Mn"": [1.8, 11.0], ""Phosphorus, P"": [700.0, 4000.0], ""Sodium, Na"": [1500.0, 2300.0], ""Potassium, K"": [4700.0, 10000.0], ""Zinc, Zn"": [8.0, 40.0], ""Carbohydrate, by difference"": [170.0, 300.0], ""Fiber, total dietary"": [20.0, 9999.0], ""Protein"": [40.0, 100.0], ""Energy"": [2000.0, 2400.0], ""Vitamin A"": [700.0, 3000.0], ""Vitamin B-6"": [1.3, 100.0], ""Vitamin B-12"": [2.4, 10000.0], ""Vitamin C, total ascorbic acid"": [75.0, 2000.0], ""Vitamin D"": [600.0, 4000.0], ""Vitamin E (alpha-tocopherol)"": [15.0, 1000.0], ""Thiamin"": [1.1, 10000.0], ""Riboflavin"": [1.1, 10000.0], ""Niacin"": [14.0, 35.0], ""Pantothenic acid"": [5.0, 10000.0], ""Vitamin B-9 Folic acid"": [400.0, 1000.0], ""Vitamin B-7"": [30.0, 10000.0], ""Total lipid (fat)"": [40.0, 120.0]}"
NSGA-II,2,with_diversity,29,115.6,48.85,157.0,0.393719,0.393719,11,"[4, 75, 1, 67, 7, 44, 82, 12, 91]","[247, 264, 286, 251, 208, 361, 245]","[4, 75, 1, 67, 7, 44, 82, 12, 91, 247, 264, 286, 251, 208, 361, 245]","{""Calcium, Ca"": 703.91579, ""Copper, Cu"": 1.3779460000000001, ""Iron, Fe"": 19.2477628, ""Magnesium, Mg"": 375.5692, ""Manganese, Mn"": 2.6278610000000002, ""Phosphorus, P"": 1095.4375, ""Sodium, Na"": 1713.01307, ""Potassium, K"": 7155.589, ""Zinc, Zn"": 13.31217, ""Carbohydrate, by difference"": 279.62823000000003, ""Fiber, total dietary"": 52.89862090000001, ""Protein"": 73.538346, ""Energy"": 2484.1234999999997, ""Vitamin A"": 1594.1080200000001, ""Vitamin B-6"": 2.3678650000000006, ""Vitamin B-12"": 24.17676, ""Vitamin C, total ascorbic acid"": 617.1576399999999, ""Vitamin D"": 0.089343, ""Vitamin E (alpha-tocopherol)"": 39.319399999999995, ""Thiamin"": 4.574075, ""Riboflavin"": 4.410311999999999, ""Niacin"": 18.648609999999998, ""Pantothenic acid"": 29.11092, ""Vitamin B-9 Folic acid"": 408.105, ""Vitamin B-7"": 7.759530000000001, ""Total lipid (fat)"": 137.96841999999998}","{""Calcium, Ca"": [1000.0, 2500.0], ""Copper, Cu"": [0.9, 10.0], ""Iron, Fe"": [18.0, 45.0], ""Magnesium, Mg"": [310.0, 660.0], ""Manganese, Mn"": [1.8, 11.0], ""Phosphorus, P"": [700.0, 4000.0], ""Sodium, Na"": [1500.0, 2300.0], ""Potassium, K"": [4700.0, 10000.0], ""Zinc, Zn"": [8.0, 40.0], ""Carbohydrate, by difference"": [170.0, 300.0], ""Fiber, total dietary"": [20.0, 9999.0], ""Protein"": [40.0, 100.0], ""Energy"": [2000.0, 2400.0], ""Vitamin A"": [700.0, 3000.0], ""Vitamin B-6"": [1.3, 100.0], ""Vitamin B-12"": [2.4, 10000.0], ""Vitamin C, total ascorbic acid"": [75.0, 2000.0], ""Vitamin D"": [600.0, 4000.0], ""Vitamin E (alpha-tocopherol)"": [15.0, 1000.0], ""Thiamin"": [1.1, 10000.0], ""Riboflavin"": [1.1, 10000.0], ""Niacin"": [14.0, 35.0], ""Pantothenic acid"": [5.0, 10000.0], ""Vitamin B-9 Folic acid"": [400.0, 1000.0], ""Vitamin B-7"": [30.0, 10000.0], ""Total lipid (fat)"": [40.0, 120.0]}"
NSGA-II,2,with_diversity,30,109.4,45.7,355.0,0.852616,0.852616,12,"[22, 50, 29, 7, 69, 82, 9]","[140, 350, 151, 383, 334, 327, 286, 251, 161, 158, 336, 252]","[22, 50, 29, 7, 69, 82, 9, 140, 350, 151, 383, 334, 327, 286, 251, 161, 158, 336, 252]","{""Calcium, Ca"": 634.64994, ""Copper, Cu"": 1.66253, ""Iron, Fe"": 23.317442000000003, ""Magnesium, Mg"": 369.46811999999994, ""Manganese, Mn"": 3.778976, ""Phosphorus, P"": 1454.0499000000002, ""Sodium, Na"": 1891.13507, ""Potassium, K"": 5464.5064, ""Zinc, Zn"": 22.226517000000005, ""Carbohydrate, by difference"": 344.68637999999993, ""Fiber, total dietary"": 48.8902709, ""Protein"": 113.11426600000001, ""Energy"": 2756.5737000000004, ""Vitamin A"": 2069.4611800000002, ""Vitamin B-6"": 2.8568853000000005, ""Vitamin B-12"": 9.734176000000001, ""Vitamin C, total ascorbic acid"": 353.3263529999999, ""Vitamin D"": 0.106652, ""Vitamin E (alpha-tocopherol)"": 33.594300000000004, ""Thiamin"": 3.2369499999999998, ""Riboflavin"": 2.7387327, ""Niacin"": 25.710078000000003, ""Pantothenic acid"": 15.754976999999998, ""Vitamin B-9 Folic acid"": 346.48086, ""Vitamin B-7"": 14.119116, ""Total lipid (fat)"": 135.71557}","{""Calcium, Ca"": [1000.0, 2500.0], ""Copper, Cu"": [0.9, 10.0], ""Iron, Fe"": [18.0, 45.0], ""Magnesium, Mg"": [310.0, 660.0], ""Manganese, Mn"": [1.8, 11.0], ""Phosphorus, P"": [700.0, 4000.0], ""Sodium, Na"": [1500.0, 2300.0], ""Potassium, K"": [4700.0, 10000.0], ""Zinc, Zn"": [8.0, 40.0], ""Carbohydrate, by difference"": [170.0, 300.0], ""Fiber, total dietary"": [20.0, 9999.0], ""Protein"": [40.0, 100.0], ""Energy"": [2000.0, 2400.0], ""Vitamin A"": [700.0, 3000.0], ""Vitamin B-6"": [1.3, 100.0], ""Vitamin B-12"": [2.4, 10000.0], ""Vitamin C, total ascorbic acid"": [75.0, 2000.0], ""Vitamin D"": [600.0, 4000.0], ""Vitamin E (alpha-tocopherol)"": [15.0, 1000.0], ""Thiamin"": [1.1, 10000.0], ""Riboflavin"": [1.1, 10000.0], ""Niacin"": [14.0, 35.0], ""Pantothenic acid"": [5.0, 10000.0], ""Vitamin B-9 Folic acid"": [400.0, 1000.0], ""Vitamin B-7"": [30.0, 10000.0], ""Total lipid (fat)"": [40.0, 120.0]}"
NSGA-II,2,with_diversity,31,115.6,48.85,157.0,0.393719,0.393719,11,"[4, 75, 1, 67, 7, 44, 82, 12, 91]","[247, 264, 286, 251, 208, 361, 245]","[4, 75, 1, 67, 7, 44, 82, 12, 91, 247, 264, 286, 251, 208, 361, 245]","{""Calcium, Ca"": 703.91579, ""Copper, Cu"": 1.3779460000000001, ""Iron, Fe"": 19.2477628, ""Magnesium, Mg"": 375.5692, ""Manganese, Mn"": 2.6278610000000002, ""Phosphorus, P"": 1095.4375, ""Sodium, Na"": 1713.01307, ""Potassium, K"": 7155.589, ""Zinc, Zn"": 13.31217, ""Carbohydrate, by difference"": 279.62823000000003, ""Fiber, total dietary"": 52.89862090000001, ""Protein"": 73.538346, ""Energy"": 2484.1234999999997, ""Vitamin A"": 1594.1080200000001, ""Vitamin B-6"": 2.3678650000000006, ""Vitamin B-12"": 24.17676, ""Vitamin C, total ascorbic acid"": 617.1576399999999, ""Vitamin D"": 0.089343, ""Vitamin E (alpha-tocopherol)"": 39.319399999999995, ""Thiamin"": 4.574075, ""Riboflavin"": 4.410311999999999, ""Niacin"": 18.648609999999998, ""Pantothenic acid"": 29.11092, ""Vitamin B-9 Folic acid"": 408.105, ""Vitamin B-7"": 7.759530000000001, ""Total lipid (fat)"": 137.96841999999998}","{""Calcium, Ca"": [1000.0, 2500.0], ""Copper, Cu"": [0.9, 10.0], ""Iron, Fe"": [18.0, 45.0], ""Magnesium, Mg"": [310.0, 660.0], ""Manganese, Mn"": [1.8, 11.0], ""Phosphorus, P"": [700.0, 4000.0], ""Sodium, Na"": [1500.0, 2300.0], ""Potassium, K"": [4700.0, 10000.0], ""Zinc, Zn"": [8.0, 40.0], ""Carbohydrate, by difference"": [170.0, 300.0], ""Fiber, total dietary"": [20.0, 9999.0], ""Protein"": [40.0, 100.0], ""Energy"": [2000.0, 2400.0], ""Vitamin A"": [700.0, 3000.0], ""Vitamin B-6"": [1.3, 100.0], ""Vitamin B-12"": [2.4, 10000.0], ""Vitamin C, total ascorbic acid"": [75.0, 2000.0], ""Vitamin D"": [600.0, 4000.0], ""Vitamin E (alpha-tocopherol)"": [15.0, 1000.0], ""Thiamin"": [1.1, 10000.0], ""Riboflavin"": [1.1, 10000.0], ""Niacin"": [14.0, 35.0], ""Pantothenic acid"": [5.0, 10000.0], ""Vitamin B-9 Folic acid"": [400.0, 1000.0], ""Vitamin B-7"": [30.0, 10000.0], ""Total lipid (fat)"": [40.0, 120.0]}"
NSGA-II,2,with_diversity,32,60.7,11.66,235.0,2.384461,2.384461,6,"[59, 76, 86, 92]","[159, 115, 130, 266, 245, 336]","[59, 76, 86, 92, 159, 115, 130, 266, 245, 336]","{""Calcium, Ca"": 552.6933799999999, ""Copper, Cu"": 0.9452662000000001, ""Iron, Fe"": 6.720616000000001, ""Magnesium, Mg"": 167.28732, ""Manganese, Mn"": 5.7090922, ""Phosphorus, P"": 549.31994, ""Sodium, Na"": 1598.8896, ""Potassium, K"": 1721.3372, ""Zinc, Zn"": 4.190114, ""Carbohydrate, by difference"": 259.109662, ""Fiber, total dietary"": 12.886272, ""Protein"": 30.793436, ""Energy"": 2341.1017500000003, ""Vitamin A"": 533.0886800000001, ""Vitamin B-6"": 0.798139, ""Vitamin B-12"": 0.9562540999999999, ""Vitamin C, total ascorbic acid"": 19.138002, ""Vitamin D"": 4.61428, ""Vitamin E (alpha-tocopherol)"": 11.5248, ""Thiamin"": 0.610995, ""Riboflavin"": 0.5995108, ""Niacin"": 4.1898902, ""Pantothenic acid"": 1.637213, ""Vitamin B-9 Folic acid"": 69.26141000000001, ""Vitamin B-7"": 18.61549, ""Total lipid (fat)"": 137.9872002}","{""Calcium, Ca"": [1000.0, 2500.0], ""Copper, Cu"": [0.9, 10.0], ""Iron, Fe"": [18.0, 45.0], ""Magnesium, Mg"": [310.0, 660.0], ""Manganese, Mn"": [1.8, 11.0], ""Phosphorus, P"": [700.0, 4000.0], ""Sodium, Na"": [1500.0, 2300.0], ""Potassium, K"": [4700.0, 10000.0], ""Zinc, Zn"": [8.0, 40.0], ""Carbohydrate, by difference"": [170.0, 300.0], ""Fiber, total dietary"": [20.0, 9999.0], ""Protein"": [40.0, 100.0], ""Energy"": [2000.0, 2400.0], ""Vitamin A"": [700.0, 3000.0], ""Vitamin B-6"": [1.3, 100.0], ""Vitamin B-12"": [2.4, 10000.0], ""Vitamin C, total ascorbic acid"": [75.0, 2000.0], ""Vitamin D"": [600.0, 4000.0], ""Vitamin E (alpha-tocopherol)"": [15.0, 1000.0], ""Thiamin"": [1.1, 10000.0], ""Riboflavin"": [1.1, 10000.0], ""Niacin"": [14.0, 35.0], ""Pantothenic acid"": [5.0, 10000.0], ""Vitamin B-9 Folic acid"": [400.0, 1000.0], ""Vitamin B-7"": [30.0, 10000.0], ""Total lipid (fat)"": [40.0, 120.0]}"
NSGA-II,2,with_diversity,33,35.5,28.98,225.0,0.727662,0.727662,7,"[79, 73]","[125, 95, 188, 224, 264, 336, 245, 266]","[79, 73, 125, 95, 188, 224, 264, 336, 245, 266]","{""Calcium, Ca"": 803.50014, ""Copper, Cu"": 2.3882752000000003, ""Iron, Fe"": 24.119760999999993, ""Magnesium, Mg"": 419.77422, ""Manganese, Mn"": 3.2244287000000003, ""Phosphorus, P"": 1460.0370400000002, ""Sodium, Na"": 1998.2990000000002, ""Potassium, K"": 4066.3741999999997, ""Zinc, Zn"": 16.998151, ""Carbohydrate, by difference"": 249.4163, ""Fiber, total dietary"": 38.77522200000001, ""Protein"": 103.138242, ""Energy"": 2739.4820300000006, ""Vitamin A"": 370.14034, ""Vitamin B-6"": 1.911984, ""Vitamin B-12"": 32.261946, ""Vitamin C, total ascorbic acid"": 83.26760200000001, ""Vitamin D"": 0.6168606000000001, ""Vitamin E (alpha-tocopherol)"": 35.44631, ""Thiamin"": 4.765685, ""Riboflavin"": 7.2835647, ""Niacin"": 28.1773602, ""Pantothenic acid"": 37.19001, ""Vitamin B-9 Folic acid"": 444.09871000000004, ""Vitamin B-7"": 23.784163999999997, ""Total lipid (fat)"": 135.3980002}","{""Calcium, Ca"": [1000.0, 2500.0], ""Copper, Cu"": [0.9, 10.0], ""Iron, Fe"": [18.0, 45.0], ""Magnesium, Mg"": [310.0, 660.0], ""Manganese, Mn"": [1.8, 11.0], ""Phosphorus, P"": [700.0, 4000.0], ""Sodium, Na"": [1500.0, 2300.0], ""Potassium, K"": [4700.0, 10000.0], ""Zinc, Zn"": [8.0, 40.0], ""Carbohydrate, by difference"": [170.0, 300.0], ""Fiber, total dietary"": [20.0, 9999.0], ""Protein"": [40.0, 100.0], ""Energy"": [2000.0, 2400.0], ""Vitamin A"": [700.0, 3000.0], ""Vitamin B-6"": [1.3, 100.0], ""Vitamin B-12"": [2.4, 10000.0], ""Vitamin C, total ascorbic acid"": [75.0, 2000.0], ""Vitamin D"": [600.0, 4000.0], ""Vitamin E (alpha-tocopherol)"": [15.0, 1000.0], ""Thiamin"": [1.1, 10000.0], ""Riboflavin"": [1.1, 10000.0], ""Niacin"": [14.0, 35.0], ""Pantothenic acid"": [5.0, 10000.0], ""Vitamin B-9 Folic acid"": [400.0, 1000.0], ""Vitamin B-7"": [30.0, 10000.0], ""Total lipid (fat)"": [40.0, 120.0]}"
NSGA-II,2,with_diversity,34,147.1,37.84,465.0,0.551576,0.551576,13,"[26, 48, 36, 53, 80, 22, 91]","[152, 270, 265, 353, 401, 189, 391, 248, 161, 312, 362, 251, 336, 245]","[26, 48, 36, 53, 80, 22, 91, 152, 270, 265, 353, 401, 189, 391, 248, 161, 312, 362, 251, 336, 245]","{""Calcium, Ca"": 939.8904500000001, ""Copper, Cu"": 2.1359467, ""Iron, Fe"": 18.060708799999997, ""Magnesium, Mg"": 453.09767, ""Manganese, Mn"": 3.6125093, ""Phosphorus, P"": 1265.1505000000002, ""Sodium, Na"": 2467.2572999999998, ""Potassium, K"": 6156.4623, ""Zinc, Zn"": 8.0431521, ""Carbohydrate, by difference"": 344.82142000000005, ""Fiber, total dietary"": 40.73473700000001, ""Protein"": 69.28979000000001, ""Energy"": 2631.2008, ""Vitamin A"": 1795.41109, ""Vitamin B-6"": 3.7649070000000004, ""Vitamin B-12"": 23.7619082, ""Vitamin C, total ascorbic acid"": 672.6256680000001, ""Vitamin D"": 0.5460377, ""Vitamin E (alpha-tocopherol)"": 44.6541015, ""Thiamin"": 16.348495800000002, ""Riboflavin"": 6.399042499999999, ""Niacin"": 17.368668, ""Pantothenic acid"": 52.4445581, ""Vitamin B-9 Folic acid"": 610.93675, ""Vitamin B-7"": 20.869827, ""Total lipid (fat)"": 135.97611}","{""Calcium, Ca"": [1000.0, 2500.0], ""Copper, Cu"": [0.9, 10.0], ""Iron, Fe"": [18.0, 45.0], ""Magnesium, Mg"": [310.0, 660.0], ""Manganese, Mn"": [1.8, 11.0], ""Phosphorus, P"": [700.0, 4000.0], ""Sodium, Na"": [1500.0, 2300.0], ""Potassium, K"": [4700.0, 10000.0], ""Zinc, Zn"": [8.0, 40.0], ""Carbohydrate, by difference"": [170.0, 300.0], ""Fiber, total dietary"": [20.0, 9999.0], ""Protein"": [40.0, 100.0], ""Energy"": [2000.0, 2400.0], ""Vitamin A"": [700.0, 3000.0], ""Vitamin B-6"": [1.3, 100.0], ""Vitamin B-12"": [2.4, 10000.0], ""Vitamin C, total ascorbic acid"": [75.0, 2000.0], ""Vitamin D"": [600.0, 4000.0], ""Vitamin E (alpha-tocopherol)"": [15.0, 1000.0], ""Thiamin"": [1.1, 10000.0], ""Riboflavin"": [1.1, 10000.0], ""Niacin"": [14.0, 35.0], ""Pantothenic acid"": [5.0, 10000.0], ""Vitamin B-9 Folic acid"": [400.0, 1000.0], ""Vitamin B-7"": [30.0, 10000.0], ""Total lipid (fat)"": [40.0, 120.0]}"
NSGA-II,2,with_diversity,35,76.7,22.02,780.0,1.131701,1.131701,9,"[6, 72, 27]","[249, 163, 240, 127, 378, 308, 181, 253, 266, 245, 336]","[6, 72, 27, 249, 163, 240, 127, 378, 308, 181, 253, 266, 245, 336]","{""Calcium, Ca"": 644.66794, ""Copper, Cu"": 2.3633273000000004, ""Iron, Fe"": 24.742836999999994, ""Magnesium, Mg"": 413.39145999999994, ""Manganese, Mn"": 5.5809902, ""Phosphorus, P"": 1279.5912200000002, ""Sodium, Na"": 2376.768965, ""Potassium, K"": 3622.3333000000002, ""Zinc, Zn"": 13.204486000000003, ""Carbohydrate, by difference"": 316.67187, ""Fiber, total dietary"": 30.919902000000004, ""Protein"": 89.23432199999999, ""Energy"": 2753.98163, ""Vitamin A"": 137.08814999999998, ""Vitamin B-6"": 2.5015581, ""Vitamin B-12"": 5.280444999999999, ""Vitamin C, total ascorbic acid"": 89.964824, ""Vitamin D"": 0.8510692, ""Vitamin E (alpha-tocopherol)"": 35.906969999999994, ""Thiamin"": 4.206512, ""Riboflavin"": 1.7711227000000003, ""Niacin"": 9.751109199999998, ""Pantothenic acid"": 9.6253511, ""Vitamin B-9 Folic acid"": 399.39269, ""Vitamin B-7"": 12.552057, ""Total lipid (fat)"": 134.0157302}","{""Calcium, Ca"": [1000.0, 2500.0], ""Copper, Cu"": [0.9, 10.0], ""Iron, Fe"": [18.0, 45.0], ""Magnesium, Mg"": [310.0, 660.0], ""Manganese, Mn"": [1.8, 11.0], ""Phosphorus, P"": [700.0, 4000.0], ""Sodium, Na"": [1500.0, 2300.0], ""Potassium, K"": [4700.0, 10000.0], ""Zinc, Zn"": [8.0, 40.0], ""Carbohydrate, by difference"": [170.0, 300.0], ""Fiber, total dietary"": [20.0, 9999.0], ""Protein"": [40.0, 100.0], ""Energy"": [2000.0, 2400.0], ""Vitamin A"": [700.0, 3000.0], ""Vitamin B-6"": [1.3, 100.0], ""Vitamin B-12"": [2.4, 10000.0], ""Vitamin C, total ascorbic acid"": [75.0, 2000.0], ""Vitamin D"": [600.0, 4000.0], ""Vitamin E (alpha-tocopherol)"": [15.0, 1000.0], ""Thiamin"": [1.1, 10000.0], ""Riboflavin"": [1.1, 10000.0], ""Niacin"": [14.0, 35.0], ""Pantothenic acid"": [5.0, 10000.0], ""Vitamin B-9 Folic acid"": [400.0, 1000.0], ""Vitamin B-7"": [30.0, 10000.0], ""Total lipid (fat)"": [40.0, 120.0]}"
NSGA-II,2,with_diversity,36,155.7,46.86,582.0,0.62233,0.62233,12,"[30, 48, 4, 7, 29, 44, 82, 34]","[196, 270, 161, 152, 327, 176, 328, 286, 251, 208, 361, 105, 245, 336, 266]","[30, 48, 4, 7, 29, 44, 82, 34, 196, 270, 161, 152, 327, 176, 328, 286, 251, 208, 361, 105, 245, 336, 266]","{""Calcium, Ca"": 954.10448, ""Copper, Cu"": 1.8803767000000002, ""Iron, Fe"": 20.088074999999996, ""Magnesium, Mg"": 419.47337, ""Manganese, Mn"": 4.3082464, ""Phosphorus, P"": 946.2463399999999, ""Sodium, Na"": 2465.5403100000003, ""Potassium, K"": 6231.0469, ""Zinc, Zn"": 8.154228, ""Carbohydrate, by difference"": 342.1331399999999, ""Fiber, total dietary"": 60.7487599, ""Protein"": 51.227267999999995, ""Energy"": 2737.41483, ""Vitamin A"": 1158.54011, ""Vitamin B-6"": 2.4700518000000002, ""Vitamin B-12"": 8.3567477, ""Vitamin C, total ascorbic acid"": 499.843672, ""Vitamin D"": 0.1952902, ""Vitamin E (alpha-tocopherol)"": 56.139379999999996, ""Thiamin"": 9.8760488, ""Riboflavin"": 2.9316777000000007, ""Niacin"": 14.7333282, ""Pantothenic acid"": 22.4876811, ""Vitamin B-9 Folic acid"": 590.7842899999999, ""Vitamin B-7"": 11.276032, ""Total lipid (fat)"": 136.9971482}","{""Calcium, Ca"": [1000.0, 2500.0], ""Copper, Cu"": [0.9, 10.0], ""Iron, Fe"": [18.0, 45.0], ""Magnesium, Mg"": [310.0, 660.0], ""Manganese, Mn"": [1.8, 11.0], ""Phosphorus, P"": [700.0, 4000.0], ""Sodium, Na"": [1500.0, 2300.0], ""Potassium, K"": [4700.0, 10000.0], ""Zinc, Zn"": [8.0, 40.0], ""Carbohydrate, by difference"": [170.0, 300.0], ""Fiber, total dietary"": [20.0, 9999.0], ""Protein"": [40.0, 100.0], ""Energy"": [2000.0, 2400.0], ""Vitamin A"": [700.0, 3000.0], ""Vitamin B-6"": [1.3, 100.0], ""Vitamin B-12"": [2.4, 10000.0], ""Vitamin C, total ascorbic acid"": [75.0, 2000.0], ""Vitamin D"": [600.0, 4000.0], ""Vitamin E (alpha-tocopherol)"": [15.0, 1000.0], ""Thiamin"": [1.1, 10000.0], ""Riboflavin"": [1.1, 10000.0], ""Niacin"": [14.0, 35.0], ""Pantothenic acid"": [5.0, 10000.0], ""Vitamin B-9 Folic acid"": [400.0, 1000.0], ""Vitamin B-7"": [30.0, 10000.0], ""Total lipid (fat)"": [40.0, 120.0]}"
NSGA-II,2,with_diversity,37,89.8,32.11,525.0,1.953222,1.953222,11,"[17, 52, 5, 6, 67, 57]","[366, 221, 370, 141, 380, 153, 334, 266, 284, 336, 245]","[17, 52, 5, 6, 67, 57, 366, 221, 370, 141, 380, 153, 334, 266, 284, 336, 245]","{""Calcium, Ca"": 753.4101979999999, ""Copper, Cu"": 0.9645111999999999, ""Iron, Fe"": 9.816992899999999, ""Magnesium, Mg"": 189.07237000000003, ""Manganese, Mn"": 1.6713144, ""Phosphorus, P"": 523.8129328, ""Sodium, Na"": 1984.06553, ""Potassium, K"": 2598.466488, ""Zinc, Zn"": 4.0837676, ""Carbohydrate, by difference"": 344.71755, ""Fiber, total dietary"": 16.721681600000004, ""Protein"": 61.304340800000006, ""Energy"": 2714.7723300000002, ""Vitamin A"": 801.06531, ""Vitamin B-6"": 1.1578720000000002, ""Vitamin B-12"": 3.9005356, ""Vitamin C, total ascorbic acid"": 235.46030399999998, ""Vitamin D"": 0.7566347, ""Vitamin E (alpha-tocopherol)"": 29.97731, ""Thiamin"": 3.6475745999999996, ""Riboflavin"": 1.731856, ""Niacin"": 8.1299852, ""Pantothenic acid"": 15.878689000000001, ""Vitamin B-9 Folic acid"": 181.23493000000002, ""Vitamin B-7"": 8.860271, ""Total lipid (fat)"": 135.32914019999998}","{""Calcium, Ca"": [1000.0, 2500.0], ""Copper, Cu"": [0.9, 10.0], ""Iron, Fe"": [18.0, 45.0], ""Magnesium, Mg"": [310.0, 660.0], ""Manganese, Mn"": [1.8, 11.0], ""Phosphorus, P"": [700.0, 4000.0], ""Sodium, Na"": [1500.0, 2300.0], ""Potassium, K"": [4700.0, 10000.0], ""Zinc, Zn"": [8.0, 40.0], ""Carbohydrate, by difference"": [170.0, 300.0], ""Fiber, total dietary"": [20.0, 9999.0], ""Protein"": [40.0, 100.0], ""Energy"": [2000.0, 2400.0], ""Vitamin A"": [700.0, 3000.0], ""Vitamin B-6"": [1.3, 100.0], ""Vitamin B-12"": [2.4, 10000.0], ""Vitamin C, total ascorbic acid"": [75.0, 2000.0], ""Vitamin D"": [600.0, 4000.0], ""Vitamin E (alpha-tocopherol)"": [15.0, 1000.0], ""Thiamin"": [1.1, 10000.0], ""Riboflavin"": [1.1, 10000.0], ""Niacin"": [14.0, 35.0], ""Pantothenic acid"": [5.0, 10000.0], ""Vitamin B-9 Folic acid"": [400.0, 1000.0], ""Vitamin B-7"": [30.0, 10000.0], ""Total lipid (fat)"": [40.0, 120.0]}"
NSGA-II,2,with_diversity,38,106.9,34.78,565.0,0.736221,0.736221,13,"[75, 30, 13, 89, 7, 44, 76]","[152, 394, 123, 398, 154, 401, 359, 285, 245, 284]","[75, 30, 13, 89, 7, 44, 76, 152, 394, 123, 398, 154, 401, 359, 285, 245, 284]","{""Calcium, Ca"": 1285.2314379999998, ""Copper, Cu"": 1.3915562000000001, ""Iron, Fe"": 19.9874063, ""Magnesium, Mg"": 478.46855, ""Manganese, Mn"": 8.7556069, ""Phosphorus, P"": 1645.4273128, ""Sodium, Na"": 2621.4057000000003, ""Potassium, K"": 4769.3551879999995, ""Zinc, Zn"": 15.640292, ""Carbohydrate, by difference"": 343.47237100000007, ""Fiber, total dietary"": 40.007090000000005, ""Protein"": 75.83099330000002, ""Energy"": 2755.6133, ""Vitamin A"": 503.45074, ""Vitamin B-6"": 3.440344, ""Vitamin B-12"": 25.857176000000003, ""Vitamin C, total ascorbic acid"": 240.43586000000002, ""Vitamin D"": 0.2737328, ""Vitamin E (alpha-tocopherol)"": 53.10888, ""Thiamin"": 5.914243999999999, ""Riboflavin"": 6.172555, ""Niacin"": 13.04474, ""Pantothenic acid"": 102.306068, ""Vitamin B-9 Folic acid"": 797.9064999999999, ""Vitamin B-7"": 29.487496, ""Total lipid (fat)"": 128.93135}","{""Calcium, Ca"": [1000.0, 2500.0], ""Copper, Cu"": [0.9, 10.0], ""Iron, Fe"": [18.0, 45.0], ""Magnesium, Mg"": [310.0, 660.0], ""Manganese, Mn"": [1.8, 11.0], ""Phosphorus, P"": [700.0, 4000.0], ""Sodium, Na"": [1500.0, 2300.0], ""Potassium, K"": [4700.0, 10000.0], ""Zinc, Zn"": [8.0, 40.0], ""Carbohydrate, by difference"": [170.0, 300.0], ""Fiber, total dietary"": [20.0, 9999.0], ""Protein"": [40.0, 100.0], ""Energy"": [2000.0, 2400.0], ""Vitamin A"": [700.0, 3000.0], ""Vitamin B-6"": [1.3, 100.0], ""Vitamin B-12"": [2.4, 10000.0], ""Vitamin C, total ascorbic acid"": [75.0, 2000.0], ""Vitamin D"": [600.0, 4000.0], ""Vitamin E (alpha-tocopherol)"": [15.0, 1000.0], ""Thiamin"": [1.1, 10000.0], ""Riboflavin"": [1.1, 10000.0], ""Niacin"": [14.0, 35.0], ""Pantothenic acid"": [5.0, 10000.0], ""Vitamin B-9 Folic acid"": [400.0, 1000.0], ""Vitamin B-7"": [30.0, 10000.0], ""Total lipid (fat)"": [40.0, 120.0]}"
NSGA-II,2,with_diversity,39,133.8,34.57,414.0,0.651393,0.651393,12,"[42, 56, 1, 67, 44, 82]","[277, 216, 198, 396, 367, 376, 307, 362, 139, 361, 147, 245, 336, 266]","[42, 56, 1, 67, 44, 82, 277, 216, 198, 396, 367, 376, 307, 362, 139, 361, 147, 245, 336, 266]","{""Calcium, Ca"": 745.62098, ""Copper, Cu"": 2.2461087, ""Iron, Fe"": 23.992624, ""Magnesium, Mg"": 446.68172, ""Manganese, Mn"": 4.4140961999999995, ""Phosphorus, P"": 1501.4096400000003, ""Sodium, Na"": 2443.04547, ""Potassium, K"": 6768.5362000000005, ""Zinc, Zn"": 13.645876000000001, ""Carbohydrate, by difference"": 313.66024, ""Fiber, total dietary"": 64.6959199, ""Protein"": 88.75818799999999, ""Energy"": 2743.9585300000003, ""Vitamin A"": 1150.2952432, ""Vitamin B-6"": 3.1636720000000005, ""Vitamin B-12"": 56.525786, ""Vitamin C, total ascorbic acid"": 623.415562, ""Vitamin D"": 0.2920769, ""Vitamin E (alpha-tocopherol)"": 50.85957000000001, ""Thiamin"": 5.943789, ""Riboflavin"": 20.166490699999997, ""Niacin"": 23.9696302, ""Pantothenic acid"": 133.50296999999998, ""Vitamin B-9 Folic acid"": 578.05031, ""Vitamin B-7"": 28.405283999999998, ""Total lipid (fat)"": 137.59116020000002}","{""Calcium, Ca"": [1000.0, 2500.0], ""Copper, Cu"": [0.9, 10.0], ""Iron, Fe"": [18.0, 45.0], ""Magnesium, Mg"": [310.0, 660.0], ""Manganese, Mn"": [1.8, 11.0], ""Phosphorus, P"": [700.0, 4000.0], ""Sodium, Na"": [1500.0, 2300.0], ""Potassium, K"": [4700.0, 10000.0], ""Zinc, Zn"": [8.0, 40.0], ""Carbohydrate, by difference"": [170.0, 300.0], ""Fiber, total dietary"": [20.0, 9999.0], ""Protein"": [40.0, 100.0], ""Energy"": [2000.0, 2400.0], ""Vitamin A"": [700.0, 3000.0], ""Vitamin B-6"": [1.3, 100.0], ""Vitamin B-12"": [2.4, 10000.0], ""Vitamin C, total ascorbic acid"": [75.0, 2000.0], ""Vitamin D"": [600.0, 4000.0], ""Vitamin E (alpha-tocopherol)"": [15.0, 1000.0], ""Thiamin"": [1.1, 10000.0], ""Riboflavin"": [1.1, 10000.0], ""Niacin"": [14.0, 35.0], ""Pantothenic acid"": [5.0, 10000.0], ""Vitamin B-9 Folic acid"": [400.0, 1000.0], ""Vitamin B-7"": [30.0, 10000.0], ""Total lipid (fat)"": [40.0, 120.0]}"
NSGA-II,2,with_diversity,40,100.4,46.86,211.0,0.726918,0.726918,10,"[45, 46, 9, 1]","[224, 264, 235, 298, 251, 112, 336, 147, 367, 158, 245, 139, 266]","[45, 46, 9, 1, 224, 264, 235, 298, 251, 112, 336, 147, 367, 158, 245, 139, 266]","{""Calcium, Ca"": 593.44664, ""Copper, Cu"": 1.7440587000000003, ""Iron, Fe"": 20.681801, ""Magnesium, Mg"": 418.0370199999999, ""Manganese, Mn"": 9.2365962, ""Phosphorus, P"": 1482.5041400000002, ""Sodium, Na"": 1873.944, ""Potassium, K"": 5515.606200000001, ""Zinc, Zn"": 18.281087000000003, ""Carbohydrate, by difference"": 290.90740999999997, ""Fiber, total dietary"": 42.646806, ""Protein"": 111.097002, ""Energy"": 2755.78603, ""Vitamin A"": 591.8934, ""Vitamin B-6"": 3.692958, ""Vitamin B-12"": 30.596704000000003, ""Vitamin C, total ascorbic acid"": 494.478352, ""Vitamin D"": 0.2615966, ""Vitamin E (alpha-tocopherol)"": 54.91738000000001, ""Thiamin"": 4.12433, ""Riboflavin"": 7.500691600000001, ""Niacin"": 17.997395200000007, ""Pantothenic acid"": 48.116849, ""Vitamin B-9 Folic acid"": 570.22731, ""Vitamin B-7"": 34.15343, ""Total lipid (fat)"": 135.59768019999999}","{""Calcium, Ca"": [1000.0, 2500.0], ""Copper, Cu"": [0.9, 10.0], ""Iron, Fe"": [18.0, 45.0], ""Magnesium, Mg"": [310.0, 660.0], ""Manganese, Mn"": [1.8, 11.0], ""Phosphorus, P"": [700.0, 4000.0], ""Sodium, Na"": [1500.0, 2300.0], ""Potassium, K"": [4700.0, 10000.0], ""Zinc, Zn"": [8.0, 40.0], ""Carbohydrate, by difference"": [170.0, 300.0], ""Fiber, total dietary"": [20.0, 9999.0], ""Protein"": [40.0, 100.0], ""Energy"": [2000.0, 2400.0], ""Vitamin A"": [700.0, 3000.0], ""Vitamin B-6"": [1.3, 100.0], ""Vitamin B-12"": [2.4, 10000.0], ""Vitamin C, total ascorbic acid"": [75.0, 2000.0], ""Vitamin D"": [600.0, 4000.0], ""Vitamin E (alpha-tocopherol)"": [15.0, 1000.0], ""Thiamin"": [1.1, 10000.0], ""Riboflavin"": [1.1, 10000.0], ""Niacin"": [14.0, 35.0], ""Pantothenic acid"": [5.0, 10000.0], ""Vitamin B-9 Folic acid"": [400.0, 1000.0], ""Vitamin B-7"": [30.0, 10000.0], ""Total lipid (fat)"": [40.0, 120.0]}"
NSGA-II,2,with_diversity,41,108.4,42.65,320.0,0.468089,0.468089,9,"[59, 76, 86, 92]","[104, 141, 276, 286, 394, 171, 251, 208, 361, 245, 266, 336]","[59, 76, 86, 92, 104, 141, 276, 286, 394, 171, 251, 208, 361, 245, 266, 336]","{""Calcium, Ca"": 1393.0135799999998, ""Copper, Cu"": 1.4917880000000001, ""Iron, Fe"": 17.235901999999996, ""Magnesium, Mg"": 497.22781999999995, ""Manganese, Mn"": 3.2331853, ""Phosphorus, P"": 1045.8159400000002, ""Sodium, Na"": 2436.4103000000005, ""Potassium, K"": 6379.7302, ""Zinc, Zn"": 6.902299999999999, ""Carbohydrate, by difference"": 308.468162, ""Fiber, total dietary"": 50.69100200000001, ""Protein"": 48.451796, ""Energy"": 2616.2267500000003, ""Vitamin A"": 1393.8419, ""Vitamin B-6"": 2.7121030000000004, ""Vitamin B-12"": 5.1735685, ""Vitamin C, total ascorbic acid"": 528.481162, ""Vitamin D"": 2.9230613, ""Vitamin E (alpha-tocopherol)"": 32.28147, ""Thiamin"": 3.5529170000000003, ""Riboflavin"": 2.9761132999999997, ""Niacin"": 15.3122892, ""Pantothenic acid"": 23.008721999999995, ""Vitamin B-9 Folic acid"": 635.2326099999999, ""Vitamin B-7"": 13.569591, ""Total lipid (fat)"": 137.9518502}","{""Calcium, Ca"": [1000.0, 2500.0], ""Copper, Cu"": [0.9, 10.0], ""Iron, Fe"": [18.0, 45.0], ""Magnesium, Mg"": [310.0, 660.0], ""Manganese, Mn"": [1.8, 11.0], ""Phosphorus, P"": [700.0, 4000.0], ""Sodium, Na"": [1500.0, 2300.0], ""Potassium, K"": [4700.0, 10000.0], ""Zinc, Zn"": [8.0, 40.0], ""Carbohydrate, by difference"": [170.0, 300.0], ""Fiber, total dietary"": [20.0, 9999.0], ""Protein"": [40.0, 100.0], ""Energy"": [2000.0, 2400.0], ""Vitamin A"": [700.0, 3000.0], ""Vitamin B-6"": [1.3, 100.0], ""Vitamin B-12"": [2.4, 10000.0], ""Vitamin C, total ascorbic acid"": [75.0, 2000.0], ""Vitamin D"": [600.0, 4000.0], ""Vitamin E (alpha-tocopherol)"": [15.0, 1000.0], ""Thiamin"": [1.1, 10000.0], ""Riboflavin"": [1.1, 10000.0], ""Niacin"": [14.0, 35.0], ""Pantothenic acid"": [5.0, 10000.0], ""Vitamin B-9 Folic acid"": [400.0, 1000.0], ""Vitamin B-7"": [30.0, 10000.0], ""Total lipid (fat)"": [40.0, 120.0]}"
NSGA-II,2,with_diversity,42,143.4,38.37,505.0,0.66398,0.66398,11,"[91, 67, 1, 92, 7, 89, 13]","[116, 177, 109, 343, 139, 175, 150, 192, 286, 291, 265, 251]","[91, 67, 1, 92, 7, 89, 13, 116, 177, 109, 343, 139, 175, 150, 192, 286, 291, 265, 251]","{""Calcium, Ca"": 1626.7990499999999, ""Copper, Cu"": 1.9981929, ""Iron, Fe"": 21.730212800000007, ""Magnesium, Mg"": 557.2905999999999, ""Manganese, Mn"": 5.881943999999999, ""Phosphorus, P"": 1743.0816999999997, ""Sodium, Na"": 2619.3553, ""Potassium, K"": 7779.441999999999, ""Zinc, Zn"": 11.650246, ""Carbohydrate, by difference"": 341.826371, ""Fiber, total dietary"": 48.70628999999999, ""Protein"": 77.25292999999999, ""Energy"": 2746.58832, ""Vitamin A"": 782.31118, ""Vitamin B-6"": 3.3286788000000005, ""Vitamin B-12"": 42.8035686, ""Vitamin C, total ascorbic acid"": 877.000077, ""Vitamin D"": 0.2253445, ""Vitamin E (alpha-tocopherol)"": 62.523700000000005, ""Thiamin"": 4.924127299999999, ""Riboflavin"": 8.554338199999997, ""Niacin"": 20.595686, ""Pantothenic acid"": 60.965379999999996, ""Vitamin B-9 Folic acid"": 865.2962499999999, ""Vitamin B-7"": 30.601144000000005, ""Total lipid (fat)"": 137.14011}","{""Calcium, Ca"": [1000.0, 2500.0], ""Copper, Cu"": [0.9, 10.0], ""Iron, Fe"": [18.0, 45.0], ""Magnesium, Mg"": [310.0, 660.0], ""Manganese, Mn"": [1.8, 11.0], ""Phosphorus, P"": [700.0, 4000.0], ""Sodium, Na"": [1500.0, 2300.0], ""Potassium, K"": [4700.0, 10000.0], ""Zinc, Zn"": [8.0, 40.0], ""Carbohydrate, by difference"": [170.0, 300.0], ""Fiber, total dietary"": [20.0, 9999.0], ""Protein"": [40.0, 100.0], ""Energy"": [2000.0, 2400.0], ""Vitamin A"": [700.0, 3000.0], ""Vitamin B-6"": [1.3, 100.0], ""Vitamin B-12"": [2.4, 10000.0], ""Vitamin C, total ascorbic acid"": [75.0, 2000.0], ""Vitamin D"": [600.0, 4000.0], ""Vitamin E (alpha-tocopherol)"": [15.0, 1000.0], ""Thiamin"": [1.1, 10000.0], ""Riboflavin"": [1.1, 10000.0], ""Niacin"": [14.0, 35.0], ""Pantothenic acid"": [5.0, 10000.0], ""Vitamin B-9 Folic acid"": [400.0, 1000.0], ""Vitamin B-7"": [30.0, 10000.0], ""Total lipid (fat)"": [40.0, 120.0]}"
NSGA-II,2,with_diversity,43,111.3,19.25,588.0,0.694802,0.694802,11,"[45, 89, 7, 82, 15, 24, 79]","[280, 391, 336, 341, 179, 215, 385, 354, 185, 248]","[45, 89, 7, 82, 15, 24, 79, 280, 391, 336, 341, 179, 215, 385, 354, 185, 248]","{""Calcium, Ca"": 1259.41324, ""Copper, Cu"": 1.4321707, ""Iron, Fe"": 17.844155, ""Magnesium, Mg"": 355.8826, ""Manganese, Mn"": 4.9377238000000006, ""Phosphorus, P"": 1404.7797999999998, ""Sodium, Na"": 2624.4129700000003, ""Potassium, K"": 6009.8008, ""Zinc, Zn"": 10.648543999999998, ""Carbohydrate, by difference"": 319.49064, ""Fiber, total dietary"": 46.2782709, ""Protein"": 70.01013599999999, ""Energy"": 2741.7864999999997, ""Vitamin A"": 354.18404000000004, ""Vitamin B-6"": 4.061185699999999, ""Vitamin B-12"": 12.4126696, ""Vitamin C, total ascorbic acid"": 393.18987799999996, ""Vitamin D"": 0.563978, ""Vitamin E (alpha-tocopherol)"": 54.86681, ""Thiamin"": 19.9893836, ""Riboflavin"": 3.9443113999999992, ""Niacin"": 13.545278999999999, ""Pantothenic acid"": 33.781353, ""Vitamin B-9 Folic acid"": 676.36995, ""Vitamin B-7"": 29.890684, ""Total lipid (fat)"": 126.38977000000001}","{""Calcium, Ca"": [1000.0, 2500.0], ""Copper, Cu"": [0.9, 10.0], ""Iron, Fe"": [18.0, 45.0], ""Magnesium, Mg"": [310.0, 660.0], ""Manganese, Mn"": [1.8, 11.0], ""Phosphorus, P"": [700.0, 4000.0], ""Sodium, Na"": [1500.0, 2300.0], ""Potassium, K"": [4700.0, 10000.0], ""Zinc, Zn"": [8.0, 40.0], ""Carbohydrate, by difference"": [170.0, 300.0], ""Fiber, total dietary"": [20.0, 9999.0], ""Protein"": [40.0, 100.0], ""Energy"": [2000.0, 2400.0], ""Vitamin A"": [700.0, 3000.0], ""Vitamin B-6"": [1.3, 100.0], ""Vitamin B-12"": [2.4, 10000.0], ""Vitamin C, total ascorbic acid"": [75.0, 2000.0], ""Vitamin D"": [600.0, 4000.0], ""Vitamin E (alpha-tocopherol)"": [15.0, 1000.0], ""Thiamin"": [1.1, 10000.0], ""Riboflavin"": [1.1, 10000.0], ""Niacin"": [14.0, 35.0], ""Pantothenic acid"": [5.0, 10000.0], ""Vitamin B-9 Folic acid"": [400.0, 1000.0], ""Vitamin B-7"": [30.0, 10000.0], ""Total lipid (fat)"": [40.0, 120.0]}"
NSGA-II,2,with_diversity,44,25.4,20.27,430.0,1.260794,1.260794,7,"[47, 38]","[385, 140, 352, 194, 266]","[47, 38, 385, 140, 352, 194, 266]","{""Calcium, Ca"": 437.62804000000006, ""Copper, Cu"": 1.7196907, ""Iron, Fe"": 26.990141, ""Magnesium, Mg"": 346.76292, ""Manganese, Mn"": 1.1940327, ""Phosphorus, P"": 1775.91254, ""Sodium, Na"": 2323.7340000000004, ""Potassium, K"": 2939.9865999999997, ""Zinc, Zn"": 24.187033, ""Carbohydrate, by difference"": 140.67136999999997, ""Fiber, total dietary"": 31.480566, ""Protein"": 114.76640199999999, ""Energy"": 2061.31203, ""Vitamin A"": 115.81221000000001, ""Vitamin B-6"": 3.0989335000000002, ""Vitamin B-12"": 9.0373816, ""Vitamin C, total ascorbic acid"": 83.00646700000001, ""Vitamin D"": 0.5976787, ""Vitamin E (alpha-tocopherol)"": 38.57759, ""Thiamin"": 10.190510600000001, ""Riboflavin"": 3.7325732, ""Niacin"": 34.9457482, ""Pantothenic acid"": 7.006867, ""Vitamin B-9 Folic acid"": 303.22168, ""Vitamin B-7"": 24.830303999999998, ""Total lipid (fat)"": 137.2436002}","{""Calcium, Ca"": [1000.0, 2500.0], ""Copper, Cu"": [0.9, 10.0], ""Iron, Fe"": [18.0, 45.0], ""Magnesium, Mg"": [310.0, 660.0], ""Manganese, Mn"": [1.8, 11.0], ""Phosphorus, P"": [700.0, 4000.0], ""Sodium, Na"": [1500.0, 2300.0], ""Potassium, K"": [4700.0, 10000.0], ""Zinc, Zn"": [8.0, 40.0], ""Carbohydrate, by difference"": [170.0, 300.0], ""Fiber, total dietary"": [20.0, 9999.0], ""Protein"": [40.0, 100.0], ""Energy"": [2000.0, 2400.0], ""Vitamin A"": [700.0, 3000.0], ""Vitamin B-6"": [1.3, 100.0], ""Vitamin B-12"": [2.4, 10000.0], ""Vitamin C, total ascorbic acid"": [75.0, 2000.0], ""Vitamin D"": [600.0, 4000.0], ""Vitamin E (alpha-tocopherol)"": [15.0, 1000.0], ""Thiamin"": [1.1, 10000.0], ""Riboflavin"": [1.1, 10000.0], ""Niacin"": [14.0, 35.0], ""Pantothenic acid"": [5.0, 10000.0], ""Vitamin B-9 Folic acid"": [400.0, 1000.0], ""Vitamin B-7"": [30.0, 10000.0], ""Total lipid (fat)"": [40.0, 120.0]}"
NSGA-II,2,with_diversity,45,70.6,39.15,650.0,0.944024,0.944024,10,"[44, 59, 5]","[101, 251, 181, 192, 383, 136, 286, 266, 284]","[44, 59, 5, 101, 251, 181, 192, 383, 136, 286, 266, 284]","{""Calcium, Ca"": 855.539358, ""Copper, Cu"": 1.8322907, ""Iron, Fe"": 21.8901329, ""Magnesium, Mg"": 345.45519999999993, ""Manganese, Mn"": 4.955800399999999, ""Phosphorus, P"": 942.0304527999999, ""Sodium, Na"": 1626.0834200000002, ""Potassium, K"": 3811.4538879999996, ""Zinc, Zn"": 10.0224706, ""Carbohydrate, by difference"": 343.44436999999994, ""Fiber, total dietary"": 23.914442599999997, ""Protein"": 61.6147308, ""Energy"": 2726.5927300000003, ""Vitamin A"": 466.22211000000004, ""Vitamin B-6"": 2.514024, ""Vitamin B-12"": 0.5359101, ""Vitamin C, total ascorbic acid"": 182.985254, ""Vitamin D"": 2.8832613, ""Vitamin E (alpha-tocopherol)"": 25.46886, ""Thiamin"": 4.209147, ""Riboflavin"": 1.0021908, ""Niacin"": 9.3275682, ""Pantothenic acid"": 4.0968921, ""Vitamin B-9 Folic acid"": 493.96451, ""Vitamin B-7"": 8.230506, ""Total lipid (fat)"": 136.6640702}","{""Calcium, Ca"": [1000.0, 2500.0], ""Copper, Cu"": [0.9, 10.0], ""Iron, Fe"": [18.0, 45.0], ""Magnesium, Mg"": [310.0, 660.0], ""Manganese, Mn"": [1.8, 11.0], ""Phosphorus, P"": [700.0, 4000.0], ""Sodium, Na"": [1500.0, 2300.0], ""Potassium, K"": [4700.0, 10000.0], ""Zinc, Zn"": [8.0, 40.0], ""Carbohydrate, by difference"": [170.0, 300.0], ""Fiber, total dietary"": [20.0, 9999.0], ""Protein"": [40.0, 100.0], ""Energy"": [2000.0, 2400.0], ""Vitamin A"": [700.0, 3000.0], ""Vitamin B-6"": [1.3, 100.0], ""Vitamin B-12"": [2.4, 10000.0], ""Vitamin C, total ascorbic acid"": [75.0, 2000.0], ""Vitamin D"": [600.0, 4000.0], ""Vitamin E (alpha-tocopherol)"": [15.0, 1000.0], ""Thiamin"": [1.1, 10000.0], ""Riboflavin"": [1.1, 10000.0], ""Niacin"": [14.0, 35.0], ""Pantothenic acid"": [5.0, 10000.0], ""Vitamin B-9 Folic acid"": [400.0, 1000.0], ""Vitamin B-7"": [30.0, 10000.0], ""Total lipid (fat)"": [40.0, 120.0]}"
NSGA-II,2,with_diversity,46,117.2,44.72,433.0,0.79438,0.79438,11,"[14, 5, 94, 16, 76, 71]","[343, 298, 264, 216, 327, 270, 142, 286, 251, 208, 245, 336]","[14, 5, 94, 16, 76, 71, 343, 298, 264, 216, 327, 270, 142, 286, 251, 208, 245, 336]","{""Calcium, Ca"": 646.82608, ""Copper, Cu"": 1.6421148000000003, ""Iron, Fe"": 18.713336599999995, ""Magnesium, Mg"": 351.00502, ""Manganese, Mn"": 7.344947499999999, ""Phosphorus, P"": 1291.4682, ""Sodium, Na"": 2549.16012, ""Potassium, K"": 4435.8832, ""Zinc, Zn"": 19.134413600000002, ""Carbohydrate, by difference"": 319.96768099999997, ""Fiber, total dietary"": 32.1452926, ""Protein"": 94.3257855, ""Energy"": 2736.0288, ""Vitamin A"": 1207.5963299999999, ""Vitamin B-6"": 3.329259800000001, ""Vitamin B-12"": 8.2287287, ""Vitamin C, total ascorbic acid"": 320.920462, ""Vitamin D"": 0.568484, ""Vitamin E (alpha-tocopherol)"": 42.401109999999996, ""Thiamin"": 6.5036704, ""Riboflavin"": 4.599902, ""Niacin"": 16.212528000000002, ""Pantothenic acid"": 27.9910431, ""Vitamin B-9 Folic acid"": 388.71036000000004, ""Vitamin B-7"": 23.259147, ""Total lipid (fat)"": 137.62374999999997}","{""Calcium, Ca"": [1000.0, 2500.0], ""Copper, Cu"": [0.9, 10.0], ""Iron, Fe"": [18.0, 45.0], ""Magnesium, Mg"": [310.0, 660.0], ""Manganese, Mn"": [1.8, 11.0], ""Phosphorus, P"": [700.0, 4000.0], ""Sodium, Na"": [1500.0, 2300.0], ""Potassium, K"": [4700.0, 10000.0], ""Zinc, Zn"": [8.0, 40.0], ""Carbohydrate, by difference"": [170.0, 300.0], ""Fiber, total dietary"": [20.0, 9999.0], ""Protein"": [40.0, 100.0], ""Energy"": [2000.0, 2400.0], ""Vitamin A"": [700.0, 3000.0], ""Vitamin B-6"": [1.3, 100.0], ""Vitamin B-12"": [2.4, 10000.0], ""Vitamin C, total ascorbic acid"": [75.0, 2000.0], ""Vitamin D"": [600.0, 4000.0], ""Vitamin E (alpha-tocopherol)"": [15.0, 1000.0], ""Thiamin"": [1.1, 10000.0], ""Riboflavin"": [1.1, 10000.0], ""Niacin"": [14.0, 35.0], ""Pantothenic acid"": [5.0, 10000.0], ""Vitamin B-9 Folic acid"": [400.0, 1000.0], ""Vitamin B-7"": [30.0, 10000.0], ""Total lipid (fat)"": [40.0, 120.0]}"
NSGA-II,2,with_diversity,47,61.6,22.85,367.0,1.290321,1.290321,8,"[67, 12, 78, 14, 84, 79]","[358, 212, 130, 98, 109, 147, 245, 266]","[67, 12, 78, 14, 84, 79, 358, 212, 130, 98, 109, 147, 245, 266]","{""Calcium, Ca"": 1464.70874, ""Copper, Cu"": 1.1664882, ""Iron, Fe"": 11.912141, ""Magnesium, Mg"": 236.98872000000003, ""Manganese, Mn"": 5.9140852, ""Phosphorus, P"": 1216.07104, ""Sodium, Na"": 2400.8684000000003, ""Potassium, K"": 3591.1157000000003, ""Zinc, Zn"": 7.487421, ""Carbohydrate, by difference"": 324.79579, ""Fiber, total dietary"": 19.269744, ""Protein"": 69.60324200000001, ""Energy"": 2758.32503, ""Vitamin A"": 1219.9176900000002, ""Vitamin B-6"": 1.3771490000000002, ""Vitamin B-12"": 5.078643999999999, ""Vitamin C, total ascorbic acid"": 191.81159200000002, ""Vitamin D"": 2.0090095, ""Vitamin E (alpha-tocopherol)"": 22.78685, ""Thiamin"": 2.605544, ""Riboflavin"": 2.6771437, ""Niacin"": 12.9975702, ""Pantothenic acid"": 17.769262, ""Vitamin B-9 Folic acid"": 177.29609, ""Vitamin B-7"": 22.068972000000002, ""Total lipid (fat)"": 132.8122002}","{""Calcium, Ca"": [1000.0, 2500.0], ""Copper, Cu"": [0.9, 10.0], ""Iron, Fe"": [18.0, 45.0], ""Magnesium, Mg"": [310.0, 660.0], ""Manganese, Mn"": [1.8, 11.0], ""Phosphorus, P"": [700.0, 4000.0], ""Sodium, Na"": [1500.0, 2300.0], ""Potassium, K"": [4700.0, 10000.0], ""Zinc, Zn"": [8.0, 40.0], ""Carbohydrate, by difference"": [170.0, 300.0], ""Fiber, total dietary"": [20.0, 9999.0], ""Protein"": [40.0, 100.0], ""Energy"": [2000.0, 2400.0], ""Vitamin A"": [700.0, 3000.0], ""Vitamin B-6"": [1.3, 100.0], ""Vitamin B-12"": [2.4, 10000.0], ""Vitamin C, total ascorbic acid"": [75.0, 2000.0], ""Vitamin D"": [600.0, 4000.0], ""Vitamin E (alpha-tocopherol)"": [15.0, 1000.0], ""Thiamin"": [1.1, 10000.0], ""Riboflavin"": [1.1, 10000.0], ""Niacin"": [14.0, 35.0], ""Pantothenic acid"": [5.0, 10000.0], ""Vitamin B-9 Folic acid"": [400.0, 1000.0], ""Vitamin B-7"": [30.0, 10000.0], ""Total lipid (fat)"": [40.0, 120.0]}"
NSGA-II,2,with_diversity,48,104.3,51.59,634.0,0.622243,0.622243,12,"[29, 52, 55, 15, 12, 22, 64]","[101, 251, 254, 126, 342, 285, 286, 327, 346, 394, 343, 336, 147]","[29, 52, 55, 15, 12, 22, 64, 101, 251, 254, 126, 342, 285, 286, 327, 346, 394, 343, 336, 147]","{""Calcium, Ca"": 1529.4783999999997, ""Copper, Cu"": 1.4525579000000004, ""Iron, Fe"": 22.557625, ""Magnesium, Mg"": 559.1626200000001, ""Manganese, Mn"": 12.048413, ""Phosphorus, P"": 1779.0079, ""Sodium, Na"": 2505.4900000000002, ""Potassium, K"": 6488.6795999999995, ""Zinc, Zn"": 18.132626, ""Carbohydrate, by difference"": 343.15015999999997, ""Fiber, total dietary"": 38.636882, ""Protein"": 79.81535, ""Energy"": 2759.0613000000003, ""Vitamin A"": 1738.3337599999998, ""Vitamin B-6"": 5.046733000000001, ""Vitamin B-12"": 10.915553999999998, ""Vitamin C, total ascorbic acid"": 470.2901499999999, ""Vitamin D"": 0.295178, ""Vitamin E (alpha-tocopherol)"": 54.0547, ""Thiamin"": 5.8860244, ""Riboflavin"": 7.409804600000001, ""Niacin"": 16.342955999999997, ""Pantothenic acid"": 41.972965, ""Vitamin B-9 Folic acid"": 902.78846, ""Vitamin B-7"": 38.620266, ""Total lipid (fat)"": 124.97466999999999}","{""Calcium, Ca"": [1000.0, 2500.0], ""Copper, Cu"": [0.9, 10.0], ""Iron, Fe"": [18.0, 45.0], ""Magnesium, Mg"": [310.0, 660.0], ""Manganese, Mn"": [1.8, 11.0], ""Phosphorus, P"": [700.0, 4000.0], ""Sodium, Na"": [1500.0, 2300.0], ""Potassium, K"": [4700.0, 10000.0], ""Zinc, Zn"": [8.0, 40.0], ""Carbohydrate, by difference"": [170.0, 300.0], ""Fiber, total dietary"": [20.0, 9999.0], ""Protein"": [40.0, 100.0], ""Energy"": [2000.0, 2400.0], ""Vitamin A"": [700.0, 3000.0], ""Vitamin B-6"": [1.3, 100.0], ""Vitamin B-12"": [2.4, 10000.0], ""Vitamin C, total ascorbic acid"": [75.0, 2000.0], ""Vitamin D"": [600.0, 4000.0], ""Vitamin E (alpha-tocopherol)"": [15.0, 1000.0], ""Thiamin"": [1.1, 10000.0], ""Riboflavin"": [1.1, 10000.0], ""Niacin"": [14.0, 35.0], ""Pantothenic acid"": [5.0, 10000.0], ""Vitamin B-9 Folic acid"": [400.0, 1000.0], ""Vitamin B-7"": [30.0, 10000.0], ""Total lipid (fat)"": [40.0, 120.0]}"
NSGA-II,2,with_diversity,49,105.3,20.74,725.0,0.996364,0.996364,12,"[70, 61, 55, 57]","[189, 180, 269, 395, 127, 248, 212, 362, 150, 284, 266]","[70, 61, 55, 57, 189, 180, 269, 395, 127, 248, 212, 362, 150, 284, 266]","{""Calcium, Ca"": 1212.545878, ""Copper, Cu"": 1.4015832, ""Iron, Fe"": 13.518615299999997, ""Magnesium, Mg"": 434.88801, ""Manganese, Mn"": 4.3258532, ""Phosphorus, P"": 1102.2443528, ""Sodium, Na"": 2507.9811, ""Potassium, K"": 4273.051388, ""Zinc, Zn"": 9.51271, ""Carbohydrate, by difference"": 342.05128, ""Fiber, total dietary"": 26.291909999999994, ""Protein"": 67.53441529999999, ""Energy"": 2756.4879300000002, ""Vitamin A"": 922.09402, ""Vitamin B-6"": 3.9390451, ""Vitamin B-12"": 8.64364, ""Vitamin C, total ascorbic acid"": 354.596704, ""Vitamin D"": 0.3816081, ""Vitamin E (alpha-tocopherol)"": 47.11324, ""Thiamin"": 5.502276999999999, ""Riboflavin"": 3.1205167, ""Niacin"": 7.779727200000001, ""Pantothenic acid"": 23.929882000000003, ""Vitamin B-9 Folic acid"": 498.66931, ""Vitamin B-7"": 21.432339, ""Total lipid (fat)"": 133.3319902}","{""Calcium, Ca"": [1000.0, 2500.0], ""Copper, Cu"": [0.9, 10.0], ""Iron, Fe"": [18.0, 45.0], ""Magnesium, Mg"": [310.0, 660.0], ""Manganese, Mn"": [1.8, 11.0], ""Phosphorus, P"": [700.0, 4000.0], ""Sodium, Na"": [1500.0, 2300.0], ""Potassium, K"": [4700.0, 10000.0], ""Zinc, Zn"": [8.0, 40.0], ""Carbohydrate, by difference"": [170.0, 300.0], ""Fiber, total dietary"": [20.0, 9999.0], ""Protein"": [40.0, 100.0], ""Energy"": [2000.0, 2400.0], ""Vitamin A"": [700.0, 3000.0], ""Vitamin B-6"": [1.3, 100.0], ""Vitamin B-12"": [2.4, 10000.0], ""Vitamin C, total ascorbic acid"": [75.0, 2000.0], ""Vitamin D"": [600.0, 4000.0], ""Vitamin E (alpha-tocopherol)"": [15.0, 1000.0], ""Thiamin"": [1.1, 10000.0], ""Riboflavin"": [1.1, 10000.0], ""Niacin"": [14.0, 35.0], ""Pantothenic acid"": [5.0, 10000.0], ""Vitamin B-9 Folic acid"": [400.0, 1000.0], ""Vitamin B-7"": [30.0, 10000.0], ""Total lipid (fat)"": [40.0, 120.0]}"
NSGA-II,2,with_diversity,50,143.9,55.4,464.0,0.9708,0.9708,14,"[4, 75, 1, 67, 7, 44, 82, 12, 5]","[401, 136, 285, 112, 196, 341, 251, 208, 147, 245, 336]","[4, 75, 1, 67, 7, 44, 82, 12, 5, 401, 136, 285, 112, 196, 341, 251, 208, 147, 245, 336]","{""Calcium, Ca"": 620.3934200000001, ""Copper, Cu"": 0.9955105, ""Iron, Fe"": 16.347113599999997, ""Magnesium, Mg"": 284.53703, ""Manganese, Mn"": 2.5827459999999998, ""Phosphorus, P"": 761.3921999999999, ""Sodium, Na"": 2009.87639, ""Potassium, K"": 4972.6495, ""Zinc, Zn"": 4.7883576, ""Carbohydrate, by difference"": 344.34826999999996, ""Fiber, total dietary"": 39.683543500000006, ""Protein"": 54.2616715, ""Energy"": 2677.37, ""Vitamin A"": 1755.19787, ""Vitamin B-6"": 2.114015, ""Vitamin B-12"": 31.269695000000002, ""Vitamin C, total ascorbic acid"": 382.76789199999996, ""Vitamin D"": 0.1134617, ""Vitamin E (alpha-tocopherol)"": 45.28071, ""Thiamin"": 5.862404999999999, ""Riboflavin"": 5.551794099999999, ""Niacin"": 10.064962999999999, ""Pantothenic acid"": 42.743659, ""Vitamin B-9 Folic acid"": 409.2909, ""Vitamin B-7"": 13.177581999999997, ""Total lipid (fat)"": 136.90456999999998}","{""Calcium, Ca"": [1000.0, 2500.0], ""Copper, Cu"": [0.9, 10.0], ""Iron, Fe"": [18.0, 45.0], ""Magnesium, Mg"": [310.0, 660.0], ""Manganese, Mn"": [1.8, 11.0], ""Phosphorus, P"": [700.0, 4000.0], ""Sodium, Na"": [1500.0, 2300.0], ""Potassium, K"": [4700.0, 10000.0], ""Zinc, Zn"": [8.0, 40.0], ""Carbohydrate, by difference"": [170.0, 300.0], ""Fiber, total dietary"": [20.0, 9999.0], ""Protein"": [40.0, 100.0], ""Energy"": [2000.0, 2400.0], ""Vitamin A"": [700.0, 3000.0], ""Vitamin B-6"": [1.3, 100.0], ""Vitamin B-12"": [2.4, 10000.0], ""Vitamin C, total ascorbic acid"": [75.0, 2000.0], ""Vitamin D"": [600.0, 4000.0], ""Vitamin E (alpha-tocopherol)"": [15.0, 1000.0], ""Thiamin"": [1.1, 10000.0], ""Riboflavin"": [1.1, 10000.0], ""Niacin"": [14.0, 35.0], ""Pantothenic acid"": [5.0, 10000.0], ""Vitamin B-9 Folic acid"": [400.0, 1000.0], ""Vitamin B-7"": [30.0, 10000.0], ""Total lipid (fat)"": [40.0, 120.0]}"
SPEA2,2,without_diversity,1,103.3,22.88,273.0,0.886381,0.886381,12,"[48, 92, 51, 30, 89, 94]","[132, 155, 208, 391, 370, 242, 386, 248, 362, 381]","[48, 92, 51, 30, 89, 94, 132, 155, 208, 391, 370, 242, 386, 248, 362, 381]","{""Calcium, Ca"": 1845.8829, ""Copper, Cu"": 0.8136907999999999, ""Iron, Fe"": 14.33938, ""Magnesium, Mg"": 419.27943, ""Manganese, Mn"": 1.599912, ""Phosphorus, P"": 1570.5963, ""Sodium, Na"": 2534.0319, ""Potassium, K"": 4877.524, ""Zinc, Zn"": 8.551793, ""Carbohydrate, by difference"": 343.253581, ""Fiber, total dietary"": 30.621229999999997, ""Protein"": 83.643, ""Energy"": 2753.75972, ""Vitamin A"": 1669.96631, ""Vitamin B-6"": 2.3496962000000003, ""Vitamin B-12"": 10.939798999999999, ""Vitamin C, total ascorbic acid"": 250.11210999999997, ""Vitamin D"": 0.9222007, ""Vitamin E (alpha-tocopherol)"": 37.11223, ""Thiamin"": 23.208890000000004, ""Riboflavin"": 4.204414, ""Niacin"": 8.361881, ""Pantothenic acid"": 26.021937999999995, ""Vitamin B-9 Folic acid"": 488.2011, ""Vitamin B-7"": 32.691027, ""Total lipid (fat)"": 121.45024000000001}","{""Calcium, Ca"": [1000.0, 2500.0], ""Copper, Cu"": [0.9, 10.0], ""Iron, Fe"": [18.0, 45.0], ""Magnesium, Mg"": [310.0, 660.0], ""Manganese, Mn"": [1.8, 11.0], ""Phosphorus, P"": [700.0, 4000.0], ""Sodium, Na"": [1500.0, 2300.0], ""Potassium, K"": [4700.0, 10000.0], ""Zinc, Zn"": [8.0, 40.0], ""Carbohydrate, by difference"": [170.0, 300.0], ""Fiber, total dietary"": [20.0, 9999.0], ""Protein"": [40.0, 100.0], ""Energy"": [2000.0, 2400.0], ""Vitamin A"": [700.0, 3000.0], ""Vitamin B-6"": [1.3, 100.0], ""Vitamin B-12"": [2.4, 10000.0], ""Vitamin C, total ascorbic acid"": [75.0, 2000.0], ""Vitamin D"": [600.0, 4000.0], ""Vitamin E (alpha-tocopherol)"": [15.0, 1000.0], ""Thiamin"": [1.1, 10000.0], ""Riboflavin"": [1.1, 10000.0], ""Niacin"": [14.0, 35.0], ""Pantothenic acid"": [5.0, 10000.0], ""Vitamin B-9 Folic acid"": [400.0, 1000.0], ""Vitamin B-7"": [30.0, 10000.0], ""Total lipid (fat)"": [40.0, 120.0]}"
SPEA2,2,without_diversity,2,67.3,15.11,208.0,2.240607,2.240607,8,"[9, 50, 6, 91, 70]","[339, 265, 105, 336, 312, 266]","[9, 50, 6, 91, 70, 339, 265, 105, 336, 312, 266]","{""Calcium, Ca"": 577.0520900000001, ""Copper, Cu"": 1.1881844, ""Iron, Fe"": 8.563716799999998, ""Magnesium, Mg"": 155.31196, ""Manganese, Mn"": 6.858367099999999, ""Phosphorus, P"": 372.75793999999996, ""Sodium, Na"": 1761.54134, ""Potassium, K"": 2303.2581999999998, ""Zinc, Zn"": 3.1280789999999996, ""Carbohydrate, by difference"": 344.11046999999996, ""Fiber, total dietary"": 29.999802, ""Protein"": 49.49158200000001, ""Energy"": 2370.9082300000005, ""Vitamin A"": 746.84152, ""Vitamin B-6"": 1.1790208, ""Vitamin B-12"": 0.2820335, ""Vitamin C, total ascorbic acid"": 207.949342, ""Vitamin D"": 3.8788536000000002, ""Vitamin E (alpha-tocopherol)"": 8.0289635, ""Thiamin"": 0.6223405, ""Riboflavin"": 0.3961603, ""Niacin"": 4.1272052, ""Pantothenic acid"": 1.317448, ""Vitamin B-9 Folic acid"": 78.68242, ""Vitamin B-7"": 8.260486, ""Total lipid (fat)"": 136.09500819999997}","{""Calcium, Ca"": [1000.0, 2500.0], ""Copper, Cu"": [0.9, 10.0], ""Iron, Fe"": [18.0, 45.0], ""Magnesium, Mg"": [310.0, 660.0], ""Manganese, Mn"": [1.8, 11.0], ""Phosphorus, P"": [700.0, 4000.0], ""Sodium, Na"": [1500.0, 2300.0], ""Potassium, K"": [4700.0, 10000.0], ""Zinc, Zn"": [8.0, 40.0], ""Carbohydrate, by difference"": [170.0, 300.0], ""Fiber, total dietary"": [20.0, 9999.0], ""Protein"": [40.0, 100.0], ""Energy"": [2000.0, 2400.0], ""Vitamin A"": [700.0, 3000.0], ""Vitamin B-6"": [1.3, 100.0], ""Vitamin B-12"": [2.4, 10000.0], ""Vitamin C, total ascorbic acid"": [75.0, 2000.0], ""Vitamin D"": [600.0, 4000.0], ""Vitamin E (alpha-tocopherol)"": [15.0, 1000.0], ""Thiamin"": [1.1, 10000.0], ""Riboflavin"": [1.1, 10000.0], ""Niacin"": [14.0, 35.0], ""Pantothenic acid"": [5.0, 10000.0], ""Vitamin B-9 Folic acid"": [400.0, 1000.0], ""Vitamin B-7"": [30.0, 10000.0], ""Total lipid (fat)"": [40.0, 120.0]}"
SPEA2,2,without_diversity,3,67.1,13.84,272.0,0.954215,0.954215,8,"[59, 5, 86, 76]","[297, 191, 304, 309, 147, 336, 266]","[59, 5, 86, 76, 297, 191, 304, 309, 147, 336, 266]","{""Calcium, Ca"": 842.91496, ""Copper, Cu"": 0.9532034000000001, ""Iron, Fe"": 10.988558600000001, ""Magnesium, Mg"": 279.53848999999997, ""Manganese, Mn"": 4.7537224, ""Phosphorus, P"": 1108.28634, ""Sodium, Na"": 1789.5331199999998, ""Potassium, K"": 4112.4507, ""Zinc, Zn"": 8.478529600000002, ""Carbohydrate, by difference"": 191.460121, ""Fiber, total dietary"": 26.1174046, ""Protein"": 43.8739915, ""Energy"": 2070.33363, ""Vitamin A"": 335.91947000000005, ""Vitamin B-6"": 2.314975, ""Vitamin B-12"": 2.3321081, ""Vitamin C, total ascorbic acid"": 111.702634, ""Vitamin D"": 2.9306618, ""Vitamin E (alpha-tocopherol)"": 37.58262, ""Thiamin"": 3.5055200000000006, ""Riboflavin"": 1.6530574000000002, ""Niacin"": 7.891645200000001, ""Pantothenic acid"": 10.656948, ""Vitamin B-9 Folic acid"": 352.56721, ""Vitamin B-7"": 19.364901999999997, ""Total lipid (fat)"": 137.91264020000003}","{""Calcium, Ca"": [1000.0, 2500.0], ""Copper, Cu"": [0.9, 10.0], ""Iron, Fe"": [18.0, 45.0], ""Magnesium, Mg"": [310.0, 660.0], ""Manganese, Mn"": [1.8, 11.0], ""Phosphorus, P"": [700.0, 4000.0], ""Sodium, Na"": [1500.0, 2300.0], ""Potassium, K"": [4700.0, 10000.0], ""Zinc, Zn"": [8.0, 40.0], ""Carbohydrate, by difference"": [170.0, 300.0], ""Fiber, total dietary"": [20.0, 9999.0], ""Protein"": [40.0, 100.0], ""Energy"": [2000.0, 2400.0], ""Vitamin A"": [700.0, 3000.0], ""Vitamin B-6"": [1.3, 100.0], ""Vitamin B-12"": [2.4, 10000.0], ""Vitamin C, total ascorbic acid"": [75.0, 2000.0], ""Vitamin D"": [600.0, 4000.0], ""Vitamin E (alpha-tocopherol)"": [15.0, 1000.0], ""Thiamin"": [1.1, 10000.0], ""Riboflavin"": [1.1, 10000.0], ""Niacin"": [14.0, 35.0], ""Pantothenic acid"": [5.0, 10000.0], ""Vitamin B-9 Folic acid"": [400.0, 1000.0], ""Vitamin B-7"": [30.0, 10000.0], ""Total lipid (fat)"": [40.0, 120.0]}"
SPEA2,2,without_diversity,4,112.4,20.34,358.0,0.554435,0.554435,8,"[5, 3, 9, 50, 6]","[150, 393, 313, 309, 123, 297, 141, 132, 336, 266]","[5, 3, 9, 50, 6, 150, 393, 313, 309, 123, 297, 141, 132, 336, 266]","{""Calcium, Ca"": 1125.5330199999999, ""Copper, Cu"": 1.2343765, ""Iron, Fe"": 14.318916600000001, ""Magnesium, Mg"": 314.46549, ""Manganese, Mn"": 2.6402444000000003, ""Phosphorus, P"": 1211.59274, ""Sodium, Na"": 2330.8014200000002, ""Potassium, K"": 5142.980700000001, ""Zinc, Zn"": 7.106524599999999, ""Carbohydrate, by difference"": 288.91774000000004, ""Fiber, total dietary"": 49.795514600000004, ""Protein"": 71.2543175, ""Energy"": 2327.95603, ""Vitamin A"": 520.13952, ""Vitamin B-6"": 2.5624691000000004, ""Vitamin B-12"": 21.410128, ""Vitamin C, total ascorbic acid"": 169.22593399999997, ""Vitamin D"": 0.857968, ""Vitamin E (alpha-tocopherol)"": 43.28729, ""Thiamin"": 1.6500579999999998, ""Riboflavin"": 14.691392599999999, ""Niacin"": 8.5336392, ""Pantothenic acid"": 148.345929, ""Vitamin B-9 Folic acid"": 408.83671, ""Vitamin B-7"": 25.892413999999995, ""Total lipid (fat)"": 137.94959020000002}","{""Calcium, Ca"": [1000.0, 2500.0], ""Copper, Cu"": [0.9, 10.0], ""Iron, Fe"": [18.0, 45.0], ""Magnesium, Mg"": [310.0, 660.0], ""Manganese, Mn"": [1.8, 11.0], ""Phosphorus, P"": [700.0, 4000.0], ""Sodium, Na"": [1500.0, 2300.0], ""Potassium, K"": [4700.0, 10000.0], ""Zinc, Zn"": [8.0, 40.0], ""Carbohydrate, by difference"": [170.0, 300.0], ""Fiber, total dietary"": [20.0, 9999.0], ""Protein"": [40.0, 100.0], ""Energy"": [2000.0, 2400.0], ""Vitamin A"": [700.0, 3000.0], ""Vitamin B-6"": [1.3, 100.0], ""Vitamin B-12"": [2.4, 10000.0], ""Vitamin C, total ascorbic acid"": [75.0, 2000.0], ""Vitamin D"": [600.0, 4000.0], ""Vitamin E (alpha-tocopherol)"": [15.0, 1000.0], ""Thiamin"": [1.1, 10000.0], ""Riboflavin"": [1.1, 10000.0], ""Niacin"": [14.0, 35.0], ""Pantothenic acid"": [5.0, 10000.0], ""Vitamin B-9 Folic acid"": [400.0, 1000.0], ""Vitamin B-7"": [30.0, 10000.0], ""Total lipid (fat)"": [40.0, 120.0]}"
SPEA2,2,without_diversity,5,128.5,20.05,599.0,0.81415,0.81415,11,"[45, 42, 74, 12, 17, 55, 4]","[403, 252, 191, 211, 200, 155, 378, 234, 362, 336, 266]","[45, 42, 74, 12, 17, 55, 4, 403, 252, 191, 211, 200, 155, 378, 234, 362, 336, 266]","{""Calcium, Ca"": 578.9835400000001, ""Copper, Cu"": 1.8624966, ""Iron, Fe"": 21.372640999999998, ""Magnesium, Mg"": 532.20424, ""Manganese, Mn"": 7.170030499999999, ""Phosphorus, P"": 1274.18434, ""Sodium, Na"": 2310.2175, ""Potassium, K"": 5586.188800000001, ""Zinc, Zn"": 12.268687, ""Carbohydrate, by difference"": 336.32595, ""Fiber, total dietary"": 49.17833300000001, ""Protein"": 62.901292000000005, ""Energy"": 2700.4171300000003, ""Vitamin A"": 1171.64975, ""Vitamin B-6"": 3.9934562000000002, ""Vitamin B-12"": 15.911791999999998, ""Vitamin C, total ascorbic acid"": 171.522292, ""Vitamin D"": 0.6780193, ""Vitamin E (alpha-tocopherol)"": 59.38694000000001, ""Thiamin"": 9.249308, ""Riboflavin"": 4.119389300000002, ""Niacin"": 10.5283872, ""Pantothenic acid"": 32.138333, ""Vitamin B-9 Folic acid"": 461.20247, ""Vitamin B-7"": 21.673393, ""Total lipid (fat)"": 137.33516020000002}","{""Calcium, Ca"": [1000.0, 2500.0], ""Copper, Cu"": [0.9, 10.0], ""Iron, Fe"": [18.0, 45.0], ""Magnesium, Mg"": [310.0, 660.0], ""Manganese, Mn"": [1.8, 11.0], ""Phosphorus, P"": [700.0, 4000.0], ""Sodium, Na"": [1500.0, 2300.0], ""Potassium, K"": [4700.0, 10000.0], ""Zinc, Zn"": [8.0, 40.0], ""Carbohydrate, by difference"": [170.0, 300.0], ""Fiber, total dietary"": [20.0, 9999.0], ""Protein"": [40.0, 100.0], ""Energy"": [2000.0, 2400.0], ""Vitamin A"": [700.0, 3000.0], ""Vitamin B-6"": [1.3, 100.0], ""Vitamin B-12"": [2.4, 10000.0], ""Vitamin C, total ascorbic acid"": [75.0, 2000.0], ""Vitamin D"": [600.0, 4000.0], ""Vitamin E (alpha-tocopherol)"": [15.0, 1000.0], ""Thiamin"": [1.1, 10000.0], ""Riboflavin"": [1.1, 10000.0], ""Niacin"": [14.0, 35.0], ""Pantothenic acid"": [5.0, 10000.0], ""Vitamin B-9 Folic acid"": [400.0, 1000.0], ""Vitamin B-7"": [30.0, 10000.0], ""Total lipid (fat)"": [40.0, 120.0]}"
SPEA2,2,without_diversity,6,92.7,14.9,355.0,1.393964,1.393964,9,"[18, 54, 93, 76, 8, 24]","[339, 252, 358, 404, 266, 245, 336]","[18, 54, 93, 76, 8, 24, 339, 252, 358, 404, 266, 245, 336]","{""Calcium, Ca"": 1156.0917399999998, ""Copper, Cu"": 1.1414735, ""Iron, Fe"": 12.534361, ""Magnesium, Mg"": 329.11012, ""Manganese, Mn"": 7.3570500999999995, ""Phosphorus, P"": 968.2645399999999, ""Sodium, Na"": 1893.3934, ""Potassium, K"": 3336.4589, ""Zinc, Zn"": 6.0430309, ""Carbohydrate, by difference"": 344.48496100000006, ""Fiber, total dietary"": 15.407803999999999, ""Protein"": 46.433851999999995, ""Energy"": 2716.53963, ""Vitamin A"": 1083.28773, ""Vitamin B-6"": 1.557016, ""Vitamin B-12"": 19.42989, ""Vitamin C, total ascorbic acid"": 247.425442, ""Vitamin D"": 3.37364, ""Vitamin E (alpha-tocopherol)"": 21.88326, ""Thiamin"": 1.2617932, ""Riboflavin"": 4.9366867, ""Niacin"": 6.484943199999999, ""Pantothenic acid"": 35.40395, ""Vitamin B-9 Folic acid"": 186.3822, ""Vitamin B-7"": 18.863378, ""Total lipid (fat)"": 137.5039502}","{""Calcium, Ca"": [1000.0, 2500.0], ""Copper, Cu"": [0.9, 10.0], ""Iron, Fe"": [18.0, 45.0], ""Magnesium, Mg"": [310.0, 660.0], ""Manganese, Mn"": [1.8, 11.0], ""Phosphorus, P"": [700.0, 4000.0], ""Sodium, Na"": [1500.0, 2300.0], ""Potassium, K"": [4700.0, 10000.0], ""Zinc, Zn"": [8.0, 40.0], ""Carbohydrate, by difference"": [170.0, 300.0], ""Fiber, total dietary"": [20.0, 9999.0], ""Protein"": [40.0, 100.0], ""Energy"": [2000.0, 2400.0], ""Vitamin A"": [700.0, 3000.0], ""Vitamin B-6"": [1.3, 100.0], ""Vitamin B-12"": [2.4, 10000.0], ""Vitamin C, total ascorbic acid"": [75.0, 2000.0], ""Vitamin D"": [600.0, 4000.0], ""Vitamin E (alpha-tocopherol)"": [15.0, 1000.0], ""Thiamin"": [1.1, 10000.0], ""Riboflavin"": [1.1, 10000.0], ""Niacin"": [14.0, 35.0], ""Pantothenic acid"": [5.0, 10000.0], ""Vitamin B-9 Folic acid"": [400.0, 1000.0], ""Vitamin B-7"": [30.0, 10000.0], ""Total lipid (fat)"": [40.0, 120.0]}"
SPEA2,2,without_diversity,7,72.4,20.25,288.0,1.040008,1.040008,10,"[93, 87, 48, 94, 51]","[316, 114, 150, 352, 241, 126, 334]","[93, 87, 48, 94, 51, 316, 114, 150, 352, 241, 126, 334]","{""Calcium, Ca"": 883.6705, ""Copper, Cu"": 0.7398564000000001, ""Iron, Fe"": 15.665571, ""Magnesium, Mg"": 328.00803999999994, ""Manganese, Mn"": 1.8635889999999997, ""Phosphorus, P"": 1037.00818, ""Sodium, Na"": 2061.5730099999996, ""Potassium, K"": 3847.3526, ""Zinc, Zn"": 10.397113, ""Carbohydrate, by difference"": 340.33478, ""Fiber, total dietary"": 42.39587, ""Protein"": 64.01432999999999, ""Energy"": 2759.3561999999997, ""Vitamin A"": 119.89928, ""Vitamin B-6"": 1.8863036000000002, ""Vitamin B-12"": 26.8172866, ""Vitamin C, total ascorbic acid"": 201.569247, ""Vitamin D"": 0.11527799999999999, ""Vitamin E (alpha-tocopherol)"": 54.159319999999994, ""Thiamin"": 3.4909095999999997, ""Riboflavin"": 5.923527199999999, ""Niacin"": 11.264988, ""Pantothenic acid"": 44.329609000000005, ""Vitamin B-9 Folic acid"": 403.21076999999997, ""Vitamin B-7"": 14.107113, ""Total lipid (fat)"": 132.08748}","{""Calcium, Ca"": [1000.0, 2500.0], ""Copper, Cu"": [0.9, 10.0], ""Iron, Fe"": [18.0, 45.0], ""Magnesium, Mg"": [310.0, 660.0], ""Manganese, Mn"": [1.8, 11.0], ""Phosphorus, P"": [700.0, 4000.0], ""Sodium, Na"": [1500.0, 2300.0], ""Potassium, K"": [4700.0, 10000.0], ""Zinc, Zn"": [8.0, 40.0], ""Carbohydrate, by difference"": [170.0, 300.0], ""Fiber, total dietary"": [20.0, 9999.0], ""Protein"": [40.0, 100.0], ""Energy"": [2000.0, 2400.0], ""Vitamin A"": [700.0, 3000.0], ""Vitamin B-6"": [1.3, 100.0], ""Vitamin B-12"": [2.4, 10000.0], ""Vitamin C, total ascorbic acid"": [75.0, 2000.0], ""Vitamin D"": [600.0, 4000.0], ""Vitamin E (alpha-tocopherol)"": [15.0, 1000.0], ""Thiamin"": [1.1, 10000.0], ""Riboflavin"": [1.1, 10000.0], ""Niacin"": [14.0, 35.0], ""Pantothenic acid"": [5.0, 10000.0], ""Vitamin B-9 Folic acid"": [400.0, 1000.0], ""Vitamin B-7"": [30.0, 10000.0], ""Total lipid (fat)"": [40.0, 120.0]}"
SPEA2,2,without_diversity,8,59.4,20.09,138.0,1.868993,1.868993,9,"[62, 22, 3, 9, 50]","[339, 398, 265, 336, 266]","[62, 22, 3, 9, 50, 339, 398, 265, 336, 266]","{""Calcium, Ca"": 740.60744, ""Copper, Cu"": 1.0812802, ""Iron, Fe"": 11.246741, ""Magnesium, Mg"": 178.77082, ""Manganese, Mn"": 7.2379701999999995, ""Phosphorus, P"": 568.66014, ""Sodium, Na"": 2363.5110000000004, ""Potassium, K"": 2369.8842, ""Zinc, Zn"": 4.143201, ""Carbohydrate, by difference"": 343.7784, ""Fiber, total dietary"": 23.046272, ""Protein"": 50.97844200000001, ""Energy"": 2509.19103, ""Vitamin A"": 1540.45176, ""Vitamin B-6"": 1.05732, ""Vitamin B-12"": 26.464, ""Vitamin C, total ascorbic acid"": 331.35514199999994, ""Vitamin D"": 11.639240000000001, ""Vitamin E (alpha-tocopherol)"": 11.940059999999999, ""Thiamin"": 0.6852600000000001, ""Riboflavin"": 2.1486366999999995, ""Niacin"": 4.8532502, ""Pantothenic acid"": 14.716159999999999, ""Vitamin B-9 Folic acid"": 236.24331, ""Vitamin B-7"": 9.79313, ""Total lipid (fat)"": 136.33790019999998}","{""Calcium, Ca"": [1000.0, 2500.0], ""Copper, Cu"": [0.9, 10.0], ""Iron, Fe"": [18.0, 45.0], ""Magnesium, Mg"": [310.0, 660.0], ""Manganese, Mn"": [1.8, 11.0], ""Phosphorus, P"": [700.0, 4000.0], ""Sodium, Na"": [1500.0, 2300.0], ""Potassium, K"": [4700.0, 10000.0], ""Zinc, Zn"": [8.0, 40.0], ""Carbohydrate, by difference"": [170.0, 300.0], ""Fiber, total dietary"": [20.0, 9999.0], ""Protein"": [40.0, 100.0], ""Energy"": [2000.0, 2400.0], ""Vitamin A"": [700.0, 3000.0], ""Vitamin B-6"": [1.3, 100.0], ""Vitamin B-12"": [2.4, 10000.0], ""Vitamin C, total ascorbic acid"": [75.0, 2000.0], ""Vitamin D"": [600.0, 4000.0], ""Vitamin E (alpha-tocopherol)"": [15.0, 1000.0], ""Thiamin"": [1.1, 10000.0], ""Riboflavin"": [1.1, 10000.0], ""Niacin"": [14.0, 35.0], ""Pantothenic acid"": [5.0, 10000.0], ""Vitamin B-9 Folic acid"": [400.0, 1000.0], ""Vitamin B-7"": [30.0, 10000.0], ""Total lipid (fat)"": [40.0, 120.0]}"
SPEA2,2,without_diversity,9,47.1,16.01,260.0,0.781134,0.781134,8,"[93, 86, 43, 71]","[182, 247, 302, 336, 266]","[93, 86, 43, 71, 182, 247, 302, 336, 266]","{""Calcium, Ca"": 741.9228800000001, ""Copper, Cu"": 1.1437192, ""Iron, Fe"": 13.551176, ""Magnesium, Mg"": 395.82442, ""Manganese, Mn"": 2.9751562, ""Phosphorus, P"": 1242.8846400000002, ""Sodium, Na"": 1460.0339999999999, ""Potassium, K"": 5976.753200000001, ""Zinc, Zn"": 14.688541, ""Carbohydrate, by difference"": 246.48372, ""Fiber, total dietary"": 37.763182, ""Protein"": 76.62572599999999, ""Energy"": 2464.1885300000004, ""Vitamin A"": 74.29935, ""Vitamin B-6"": 2.990546, ""Vitamin B-12"": 4.26216, ""Vitamin C, total ascorbic acid"": 189.879542, ""Vitamin D"": 0.17249130000000001, ""Vitamin E (alpha-tocopherol)"": 37.6072, ""Thiamin"": 5.481249999999999, ""Riboflavin"": 1.518402, ""Niacin"": 15.6887502, ""Pantothenic acid"": 5.126676, ""Vitamin B-9 Folic acid"": 330.89811000000003, ""Vitamin B-7"": 21.85424, ""Total lipid (fat)"": 137.9015802}","{""Calcium, Ca"": [1000.0, 2500.0], ""Copper, Cu"": [0.9, 10.0], ""Iron, Fe"": [18.0, 45.0], ""Magnesium, Mg"": [310.0, 660.0], ""Manganese, Mn"": [1.8, 11.0], ""Phosphorus, P"": [700.0, 4000.0], ""Sodium, Na"": [1500.0, 2300.0], ""Potassium, K"": [4700.0, 10000.0], ""Zinc, Zn"": [8.0, 40.0], ""Carbohydrate, by difference"": [170.0, 300.0], ""Fiber, total dietary"": [20.0, 9999.0], ""Protein"": [40.0, 100.0], ""Energy"": [2000.0, 2400.0], ""Vitamin A"": [700.0, 3000.0], ""Vitamin B-6"": [1.3, 100.0], ""Vitamin B-12"": [2.4, 10000.0], ""Vitamin C, total ascorbic acid"": [75.0, 2000.0], ""Vitamin D"": [600.0, 4000.0], ""Vitamin E (alpha-tocopherol)"": [15.0, 1000.0], ""Thiamin"": [1.1, 10000.0], ""Riboflavin"": [1.1, 10000.0], ""Niacin"": [14.0, 35.0], ""Pantothenic acid"": [5.0, 10000.0], ""Vitamin B-9 Folic acid"": [400.0, 1000.0], ""Vitamin B-7"": [30.0, 10000.0], ""Total lipid (fat)"": [40.0, 120.0]}"
SPEA2,2,without_diversity,10,149.7,35.01,377.0,1.04875,1.04875,11,"[75, 87, 18, 1, 82, 86, 3, 44, 76, 12, 7, 92]","[391, 150, 393, 313, 309, 123, 248, 245, 336]","[75, 87, 18, 1, 82, 86, 3, 44, 76, 12, 7, 92, 391, 150, 393, 313, 309, 123, 248, 245, 336]","{""Calcium, Ca"": 974.2119799999999, ""Copper, Cu"": 1.41306, ""Iron, Fe"": 15.754803, ""Magnesium, Mg"": 364.8864, ""Manganese, Mn"": 3.2491440000000003, ""Phosphorus, P"": 1223.4023, ""Sodium, Na"": 2596.83567, ""Potassium, K"": 5735.534000000001, ""Zinc, Zn"": 8.438511, ""Carbohydrate, by difference"": 338.743512, ""Fiber, total dietary"": 42.12081090000001, ""Protein"": 58.96320000000001, ""Energy"": 2754.91522, ""Vitamin A"": 158.73068, ""Vitamin B-6"": 3.0704881, ""Vitamin B-12"": 38.114447999999996, ""Vitamin C, total ascorbic acid"": 321.1566199999999, ""Vitamin D"": 0.554331, ""Vitamin E (alpha-tocopherol)"": 51.72205, ""Thiamin"": 10.72085, ""Riboflavin"": 16.3715619, ""Niacin"": 9.205684, ""Pantothenic acid"": 158.168959, ""Vitamin B-9 Folic acid"": 516.8915, ""Vitamin B-7"": 29.741584000000003, ""Total lipid (fat)"": 136.96541999999997}","{""Calcium, Ca"": [1000.0, 2500.0], ""Copper, Cu"": [0.9, 10.0], ""Iron, Fe"": [18.0, 45.0], ""Magnesium, Mg"": [310.0, 660.0], ""Manganese, Mn"": [1.8, 11.0], ""Phosphorus, P"": [700.0, 4000.0], ""Sodium, Na"": [1500.0, 2300.0], ""Potassium, K"": [4700.0, 10000.0], ""Zinc, Zn"": [8.0, 40.0], ""Carbohydrate, by difference"": [170.0, 300.0], ""Fiber, total dietary"": [20.0, 9999.0], ""Protein"": [40.0, 100.0], ""Energy"": [2000.0, 2400.0], ""Vitamin A"": [700.0, 3000.0], ""Vitamin B-6"": [1.3, 100.0], ""Vitamin B-12"": [2.4, 10000.0], ""Vitamin C, total ascorbic acid"": [75.0, 2000.0], ""Vitamin D"": [600.0, 4000.0], ""Vitamin E (alpha-tocopherol)"": [15.0, 1000.0], ""Thiamin"": [1.1, 10000.0], ""Riboflavin"": [1.1, 10000.0], ""Niacin"": [14.0, 35.0], ""Pantothenic acid"": [5.0, 10000.0], ""Vitamin B-9 Folic acid"": [400.0, 1000.0], ""Vitamin B-7"": [30.0, 10000.0], ""Total lipid (fat)"": [40.0, 120.0]}"
SPEA2,2,without_diversity,11,108.6,19.16,475.0,0.871553,0.871553,10,"[93, 86, 43, 71]","[309, 297, 141, 132, 330, 280, 273, 241, 109, 367, 211, 266, 161]","[93, 86, 43, 71, 309, 297, 141, 132, 330, 280, 273, 241, 109, 367, 211, 266, 161]","{""Calcium, Ca"": 1879.54628, ""Copper, Cu"": 1.1128908999999998, ""Iron, Fe"": 10.476078, ""Magnesium, Mg"": 369.51598, ""Manganese, Mn"": 1.8970326999999998, ""Phosphorus, P"": 1784.29294, ""Sodium, Na"": 1966.5410999999997, ""Potassium, K"": 6621.5073, ""Zinc, Zn"": 8.892731, ""Carbohydrate, by difference"": 318.05661, ""Fiber, total dietary"": 36.639720000000004, ""Protein"": 74.54817600000001, ""Energy"": 2729.66833, ""Vitamin A"": 1108.4986700000002, ""Vitamin B-6"": 3.8657333000000005, ""Vitamin B-12"": 13.8840437, ""Vitamin C, total ascorbic acid"": 367.7352419999999, ""Vitamin D"": 0.31964760000000003, ""Vitamin E (alpha-tocopherol)"": 39.885580000000004, ""Thiamin"": 7.193829, ""Riboflavin"": 5.0170091, ""Niacin"": 10.3401242, ""Pantothenic acid"": 155.5943182, ""Vitamin B-9 Folic acid"": 335.89507, ""Vitamin B-7"": 30.068447, ""Total lipid (fat)"": 137.95174020000002}","{""Calcium, Ca"": [1000.0, 2500.0], ""Copper, Cu"": [0.9, 10.0], ""Iron, Fe"": [18.0, 45.0], ""Magnesium, Mg"": [310.0, 660.0], ""Manganese, Mn"": [1.8, 11.0], ""Phosphorus, P"": [700.0, 4000.0], ""Sodium, Na"": [1500.0, 2300.0], ""Potassium, K"": [4700.0, 10000.0], ""Zinc, Zn"": [8.0, 40.0], ""Carbohydrate, by difference"": [170.0, 300.0], ""Fiber, total dietary"": [20.0, 9999.0], ""Protein"": [40.0, 100.0], ""Energy"": [2000.0, 2400.0], ""Vitamin A"": [700.0, 3000.0], ""Vitamin B-6"": [1.3, 100.0], ""Vitamin B-12"": [2.4, 10000.0], ""Vitamin C, total ascorbic acid"": [75.0, 2000.0], ""Vitamin D"": [600.0, 4000.0], ""Vitamin E (alpha-tocopherol)"": [15.0, 1000.0], ""Thiamin"": [1.1, 10000.0], ""Riboflavin"": [1.1, 10000.0], ""Niacin"": [14.0, 35.0], ""Pantothenic acid"": [5.0, 10000.0], ""Vitamin B-9 Folic acid"": [400.0, 1000.0], ""Vitamin B-7"": [30.0, 10000.0], ""Total lipid (fat)"": [40.0, 120.0]}"
SPEA2,2,without_diversity,12,54.6,10.11,260.0,1.47682,1.47682,6,"[91, 66]","[339, 328, 272, 336, 266, 245]","[91, 66, 339, 328, 272, 336, 266, 245]","{""Calcium, Ca"": 596.77769, ""Copper, Cu"": 1.4912983000000002, ""Iron, Fe"": 14.8892618, ""Magnesium, Mg"": 277.55918, ""Manganese, Mn"": 6.9223991, ""Phosphorus, P"": 889.98104, ""Sodium, Na"": 2154.973, ""Potassium, K"": 1501.3559, ""Zinc, Zn"": 6.39227, ""Carbohydrate, by difference"": 311.03598000000005, ""Fiber, total dietary"": 25.878542999999997, ""Protein"": 51.378552, ""Energy"": 2498.01103, ""Vitamin A"": 496.57178999999996, ""Vitamin B-6"": 0.7082362, ""Vitamin B-12"": 1.7553429999999999, ""Vitamin C, total ascorbic acid"": 7.688752000000001, ""Vitamin D"": 3.8631281, ""Vitamin E (alpha-tocopherol)"": 18.798820000000003, ""Thiamin"": 3.84765, ""Riboflavin"": 2.4946956999999994, ""Niacin"": 17.3550682, ""Pantothenic acid"": 3.8906099999999997, ""Vitamin B-9 Folic acid"": 138.48566, ""Vitamin B-7"": 22.59226, ""Total lipid (fat)"": 137.9861902}","{""Calcium, Ca"": [1000.0, 2500.0], ""Copper, Cu"": [0.9, 10.0], ""Iron, Fe"": [18.0, 45.0], ""Magnesium, Mg"": [310.0, 660.0], ""Manganese, Mn"": [1.8, 11.0], ""Phosphorus, P"": [700.0, 4000.0], ""Sodium, Na"": [1500.0, 2300.0], ""Potassium, K"": [4700.0, 10000.0], ""Zinc, Zn"": [8.0, 40.0], ""Carbohydrate, by difference"": [170.0, 300.0], ""Fiber, total dietary"": [20.0, 9999.0], ""Protein"": [40.0, 100.0], ""Energy"": [2000.0, 2400.0], ""Vitamin A"": [700.0, 3000.0], ""Vitamin B-6"": [1.3, 100.0], ""Vitamin B-12"": [2.4, 10000.0], ""Vitamin C, total ascorbic acid"": [75.0, 2000.0], ""Vitamin D"": [600.0, 4000.0], ""Vitamin E (alpha-tocopherol)"": [15.0, 1000.0], ""Thiamin"": [1.1, 10000.0], ""Riboflavin"": [1.1, 10000.0], ""Niacin"": [14.0, 35.0], ""Pantothenic acid"": [5.0, 10000.0], ""Vitamin B-9 Folic acid"": [400.0, 1000.0], ""Vitamin B-7"": [30.0, 10000.0], ""Total lipid (fat)"": [40.0, 120.0]}"
SPEA2,2,without_diversity,13,114.8,19.44,420.0,0.611722,0.611722,7,[66],"[150, 393, 313, 309, 123, 297, 141, 132, 330, 208, 245, 139, 266]","[66, 150, 393, 313, 309, 123, 297, 141, 132, 330, 208, 245, 139, 266]","{""Calcium, Ca"": 1433.7690399999997, ""Copper, Cu"": 2.3675100000000002, ""Iron, Fe"": 23.402777999999994, ""Magnesium, Mg"": 563.7441600000002, ""Manganese, Mn"": 3.3321982, ""Phosphorus, P"": 1942.75974, ""Sodium, Na"": 2561.2931000000003, ""Potassium, K"": 6970.916200000001, ""Zinc, Zn"": 10.952398, ""Carbohydrate, by difference"": 330.54394, ""Fiber, total dietary"": 63.315582, ""Protein"": 78.979452, ""Energy"": 2757.5345300000004, ""Vitamin A"": 2046.67752, ""Vitamin B-6"": 4.712679099999999, ""Vitamin B-12"": 22.834758, ""Vitamin C, total ascorbic acid"": 630.062152, ""Vitamin D"": 0.870988, ""Vitamin E (alpha-tocopherol)"": 53.13277, ""Thiamin"": 3.4371180000000003, ""Riboflavin"": 17.057822599999994, ""Niacin"": 24.656039200000002, ""Pantothenic acid"": 274.903619, ""Vitamin B-9 Folic acid"": 536.89321, ""Vitamin B-7"": 43.855813999999995, ""Total lipid (fat)"": 133.7998902}","{""Calcium, Ca"": [1000.0, 2500.0], ""Copper, Cu"": [0.9, 10.0], ""Iron, Fe"": [18.0, 45.0], ""Magnesium, Mg"": [310.0, 660.0], ""Manganese, Mn"": [1.8, 11.0], ""Phosphorus, P"": [700.0, 4000.0], ""Sodium, Na"": [1500.0, 2300.0], ""Potassium, K"": [4700.0, 10000.0], ""Zinc, Zn"": [8.0, 40.0], ""Carbohydrate, by difference"": [170.0, 300.0], ""Fiber, total dietary"": [20.0, 9999.0], ""Protein"": [40.0, 100.0], ""Energy"": [2000.0, 2400.0], ""Vitamin A"": [700.0, 3000.0], ""Vitamin B-6"": [1.3, 100.0], ""Vitamin B-12"": [2.4, 10000.0], ""Vitamin C, total ascorbic acid"": [75.0, 2000.0], ""Vitamin D"": [600.0, 4000.0], ""Vitamin E (alpha-tocopherol)"": [15.0, 1000.0], ""Thiamin"": [1.1, 10000.0], ""Riboflavin"": [1.1, 10000.0], ""Niacin"": [14.0, 35.0], ""Pantothenic acid"": [5.0, 10000.0], ""Vitamin B-9 Folic acid"": [400.0, 1000.0], ""Vitamin B-7"": [30.0, 10000.0], ""Total lipid (fat)"": [40.0, 120.0]}"
SPEA2,2,without_diversity,14,80.1,20.83,207.0,0.640284,0.640284,9,"[76, 26, 27, 9, 93]","[247, 318, 354, 139, 147, 375, 336, 160]","[76, 26, 27, 9, 93, 247, 318, 354, 139, 147, 375, 336, 160]","{""Calcium, Ca"": 892.0373, ""Copper, Cu"": 1.6090900000000004, ""Iron, Fe"": 17.14018, ""Magnesium, Mg"": 332.7176, ""Manganese, Mn"": 3.4681139999999995, ""Phosphorus, P"": 1471.3901, ""Sodium, Na"": 1524.1237999999998, ""Potassium, K"": 5984.856, ""Zinc, Zn"": 14.748762000000001, ""Carbohydrate, by difference"": 259.987551, ""Fiber, total dietary"": 36.46551, ""Protein"": 92.35038999999998, ""Energy"": 2596.7001, ""Vitamin A"": 115.17740999999998, ""Vitamin B-6"": 2.6447668999999996, ""Vitamin B-12"": 7.835979999999999, ""Vitamin C, total ascorbic acid"": 453.34157, ""Vitamin D"": 0.1742647, ""Vitamin E (alpha-tocopherol)"": 38.5756, ""Thiamin"": 4.470447, ""Riboflavin"": 2.8024820999999998, ""Niacin"": 18.91589, ""Pantothenic acid"": 18.799264, ""Vitamin B-9 Folic acid"": 356.7772, ""Vitamin B-7"": 19.102052, ""Total lipid (fat)"": 137.97603}","{""Calcium, Ca"": [1000.0, 2500.0], ""Copper, Cu"": [0.9, 10.0], ""Iron, Fe"": [18.0, 45.0], ""Magnesium, Mg"": [310.0, 660.0], ""Manganese, Mn"": [1.8, 11.0], ""Phosphorus, P"": [700.0, 4000.0], ""Sodium, Na"": [1500.0, 2300.0], ""Potassium, K"": [4700.0, 10000.0], ""Zinc, Zn"": [8.0, 40.0], ""Carbohydrate, by difference"": [170.0, 300.0], ""Fiber, total dietary"": [20.0, 9999.0], ""Protein"": [40.0, 100.0], ""Energy"": [2000.0, 2400.0], ""Vitamin A"": [700.0, 3000.0], ""Vitamin B-6"": [1.3, 100.0], ""Vitamin B-12"": [2.4, 10000.0], ""Vitamin C, total ascorbic acid"": [75.0, 2000.0], ""Vitamin D"": [600.0, 4000.0], ""Vitamin E (alpha-tocopherol)"": [15.0, 1000.0], ""Thiamin"": [1.1, 10000.0], ""Riboflavin"": [1.1, 10000.0], ""Niacin"": [14.0, 35.0], ""Pantothenic acid"": [5.0, 10000.0], ""Vitamin B-9 Folic acid"": [400.0, 1000.0], ""Vitamin B-7"": [30.0, 10000.0], ""Total lipid (fat)"": [40.0, 120.0]}"
SPEA2,2,without_diversity,15,124.2,22.27,408.0,0.72961,0.72961,11,"[3, 62, 22, 11]","[309, 123, 297, 141, 132, 330, 280, 273, 241, 139, 112, 334]","[3, 62, 22, 11, 309, 123, 297, 141, 132, 330, 280, 273, 241, 139, 112, 334]","{""Calcium, Ca"": 1359.6135, ""Copper, Cu"": 1.3605018999999998, ""Iron, Fe"": 17.514511000000002, ""Magnesium, Mg"": 375.48354, ""Manganese, Mn"": 2.7101526, ""Phosphorus, P"": 1298.7699, ""Sodium, Na"": 2574.8462999999997, ""Potassium, K"": 6269.2510999999995, ""Zinc, Zn"": 7.4185810000000005, ""Carbohydrate, by difference"": 318.9354200000001, ""Fiber, total dietary"": 59.93063299999999, ""Protein"": 77.74883, ""Energy"": 2754.7831, ""Vitamin A"": 1906.45766, ""Vitamin B-6"": 3.7998541, ""Vitamin B-12"": 29.586862699999998, ""Vitamin C, total ascorbic acid"": 656.2420199999999, ""Vitamin D"": 8.649476000000002, ""Vitamin E (alpha-tocopherol)"": 42.48648000000001, ""Thiamin"": 5.023699, ""Riboflavin"": 4.321555399999999, ""Niacin"": 10.214151000000001, ""Pantothenic acid"": 215.94537820000002, ""Vitamin B-9 Folic acid"": 513.0678, ""Vitamin B-7"": 22.223036999999998, ""Total lipid (fat)"": 131.45694999999998}","{""Calcium, Ca"": [1000.0, 2500.0], ""Copper, Cu"": [0.9, 10.0], ""Iron, Fe"": [18.0, 45.0], ""Magnesium, Mg"": [310.0, 660.0], ""Manganese, Mn"": [1.8, 11.0], ""Phosphorus, P"": [700.0, 4000.0], ""Sodium, Na"": [1500.0, 2300.0], ""Potassium, K"": [4700.0, 10000.0], ""Zinc, Zn"": [8.0, 40.0], ""Carbohydrate, by difference"": [170.0, 300.0], ""Fiber, total dietary"": [20.0, 9999.0], ""Protein"": [40.0, 100.0], ""Energy"": [2000.0, 2400.0], ""Vitamin A"": [700.0, 3000.0], ""Vitamin B-6"": [1.3, 100.0], ""Vitamin B-12"": [2.4, 10000.0], ""Vitamin C, total ascorbic acid"": [75.0, 2000.0], ""Vitamin D"": [600.0, 4000.0], ""Vitamin E (alpha-tocopherol)"": [15.0, 1000.0], ""Thiamin"": [1.1, 10000.0], ""Riboflavin"": [1.1, 10000.0], ""Niacin"": [14.0, 35.0], ""Pantothenic acid"": [5.0, 10000.0], ""Vitamin B-9 Folic acid"": [400.0, 1000.0], ""Vitamin B-7"": [30.0, 10000.0], ""Total lipid (fat)"": [40.0, 120.0]}"
SPEA2,2,without_diversity,16,106.7,27.36,270.0,0.530396,0.530396,11,"[93, 87, 94, 44, 82, 86, 46]","[211, 379, 315, 155, 252, 336, 330, 266, 161, 245]","[93, 87, 94, 44, 82, 86, 46, 211, 379, 315, 155, 252, 336, 330, 266, 161, 245]","{""Calcium, Ca"": 1073.78112, ""Copper, Cu"": 1.5451274999999998, ""Iron, Fe"": 18.753131999999997, ""Magnesium, Mg"": 411.74533999999994, ""Manganese, Mn"": 5.7119741, ""Phosphorus, P"": 1692.0091400000001, ""Sodium, Na"": 1984.22247, ""Potassium, K"": 6321.243200000001, ""Zinc, Zn"": 21.512366, ""Carbohydrate, by difference"": 309.42219, ""Fiber, total dietary"": 41.30375790000001, ""Protein"": 108.90950199999999, ""Energy"": 2750.9293300000004, ""Vitamin A"": 2174.56012, ""Vitamin B-6"": 4.6766912000000005, ""Vitamin B-12"": 6.3430670000000005, ""Vitamin C, total ascorbic acid"": 454.598792, ""Vitamin D"": 0.7027137, ""Vitamin E (alpha-tocopherol)"": 55.681509999999996, ""Thiamin"": 8.94721, ""Riboflavin"": 2.2265515999999996, ""Niacin"": 17.772648200000003, ""Pantothenic acid"": 131.593789, ""Vitamin B-9 Folic acid"": 387.30037, ""Vitamin B-7"": 25.121726000000002, ""Total lipid (fat)"": 136.6305702}","{""Calcium, Ca"": [1000.0, 2500.0], ""Copper, Cu"": [0.9, 10.0], ""Iron, Fe"": [18.0, 45.0], ""Magnesium, Mg"": [310.0, 660.0], ""Manganese, Mn"": [1.8, 11.0], ""Phosphorus, P"": [700.0, 4000.0], ""Sodium, Na"": [1500.0, 2300.0], ""Potassium, K"": [4700.0, 10000.0], ""Zinc, Zn"": [8.0, 40.0], ""Carbohydrate, by difference"": [170.0, 300.0], ""Fiber, total dietary"": [20.0, 9999.0], ""Protein"": [40.0, 100.0], ""Energy"": [2000.0, 2400.0], ""Vitamin A"": [700.0, 3000.0], ""Vitamin B-6"": [1.3, 100.0], ""Vitamin B-12"": [2.4, 10000.0], ""Vitamin C, total ascorbic acid"": [75.0, 2000.0], ""Vitamin D"": [600.0, 4000.0], ""Vitamin E (alpha-tocopherol)"": [15.0, 1000.0], ""Thiamin"": [1.1, 10000.0], ""Riboflavin"": [1.1, 10000.0], ""Niacin"": [14.0, 35.0], ""Pantothenic acid"": [5.0, 10000.0], ""Vitamin B-9 Folic acid"": [400.0, 1000.0], ""Vitamin B-7"": [30.0, 10000.0], ""Total lipid (fat)"": [40.0, 120.0]}"
SPEA2,2,without_diversity,17,43.3,11.76,190.0,2.489641,2.489641,5,"[27, 9, 93, 87]","[339, 359, 343]","[27, 9, 93, 87, 339, 359, 343]","{""Calcium, Ca"": 938.3112, ""Copper, Cu"": 0.9058999, ""Iron, Fe"": 10.199085, ""Magnesium, Mg"": 249.0581, ""Manganese, Mn"": 11.804233, ""Phosphorus, P"": 1178.4743, ""Sodium, Na"": 788.4913000000001, ""Potassium, K"": 1855.632, ""Zinc, Zn"": 11.482925999999999, ""Carbohydrate, by difference"": 335.3424, ""Fiber, total dietary"": 7.786569999999999, ""Protein"": 60.74616, ""Energy"": 2755.2291999999998, ""Vitamin A"": 467.701, ""Vitamin B-6"": 2.185959, ""Vitamin B-12"": 1.3676, ""Vitamin C, total ascorbic acid"": 20.36324, ""Vitamin D"": 3.29894, ""Vitamin E (alpha-tocopherol)"": 16.56316, ""Thiamin"": 1.4234064, ""Riboflavin"": 1.3514866, ""Niacin"": 4.817432, ""Pantothenic acid"": 3.382739, ""Vitamin B-9 Folic acid"": 244.4586, ""Vitamin B-7"": 26.531005999999998, ""Total lipid (fat)"": 136.53896}","{""Calcium, Ca"": [1000.0, 2500.0], ""Copper, Cu"": [0.9, 10.0], ""Iron, Fe"": [18.0, 45.0], ""Magnesium, Mg"": [310.0, 660.0], ""Manganese, Mn"": [1.8, 11.0], ""Phosphorus, P"": [700.0, 4000.0], ""Sodium, Na"": [1500.0, 2300.0], ""Potassium, K"": [4700.0, 10000.0], ""Zinc, Zn"": [8.0, 40.0], ""Carbohydrate, by difference"": [170.0, 300.0], ""Fiber, total dietary"": [20.0, 9999.0], ""Protein"": [40.0, 100.0], ""Energy"": [2000.0, 2400.0], ""Vitamin A"": [700.0, 3000.0], ""Vitamin B-6"": [1.3, 100.0], ""Vitamin B-12"": [2.4, 10000.0], ""Vitamin C, total ascorbic acid"": [75.0, 2000.0], ""Vitamin D"": [600.0, 4000.0], ""Vitamin E (alpha-tocopherol)"": [15.0, 1000.0], ""Thiamin"": [1.1, 10000.0], ""Riboflavin"": [1.1, 10000.0], ""Niacin"": [14.0, 35.0], ""Pantothenic acid"": [5.0, 10000.0], ""Vitamin B-9 Folic acid"": [400.0, 1000.0], ""Vitamin B-7"": [30.0, 10000.0], ""Total lipid (fat)"": [40.0, 120.0]}"
SPEA2,2,without_diversity,18,89.3,19.81,315.0,0.505219,0.505219,7,"[89, 33]","[297, 141, 210, 132, 330, 280, 336, 312, 208, 266]","[89, 33, 297, 141, 210, 132, 330, 280, 336, 312, 208, 266]","{""Calcium, Ca"": 1266.41904, ""Copper, Cu"": 2.0292042, ""Iron, Fe"": 24.072231999999996, ""Magnesium, Mg"": 471.93736000000007, ""Manganese, Mn"": 1.7072870999999996, ""Phosphorus, P"": 1896.76624, ""Sodium, Na"": 2417.9821, ""Potassium, K"": 5777.158200000001, ""Zinc, Zn"": 17.491214000000003, ""Carbohydrate, by difference"": 302.23354, ""Fiber, total dietary"": 42.54844200000001, ""Protein"": 100.37596199999999, ""Energy"": 2755.1491300000002, ""Vitamin A"": 2054.6341, ""Vitamin B-6"": 4.622038, ""Vitamin B-12"": 9.528343499999998, ""Vitamin C, total ascorbic acid"": 426.18891199999996, ""Vitamin D"": 1.1869476, ""Vitamin E (alpha-tocopherol)"": 35.261283500000005, ""Thiamin"": 5.460276700000001, ""Riboflavin"": 5.1748688, ""Niacin"": 31.090059200000002, ""Pantothenic acid"": 145.534451, ""Vitamin B-9 Folic acid"": 397.73231000000004, ""Vitamin B-7"": 34.18510499999999, ""Total lipid (fat)"": 134.5586702}","{""Calcium, Ca"": [1000.0, 2500.0], ""Copper, Cu"": [0.9, 10.0], ""Iron, Fe"": [18.0, 45.0], ""Magnesium, Mg"": [310.0, 660.0], ""Manganese, Mn"": [1.8, 11.0], ""Phosphorus, P"": [700.0, 4000.0], ""Sodium, Na"": [1500.0, 2300.0], ""Potassium, K"": [4700.0, 10000.0], ""Zinc, Zn"": [8.0, 40.0], ""Carbohydrate, by difference"": [170.0, 300.0], ""Fiber, total dietary"": [20.0, 9999.0], ""Protein"": [40.0, 100.0], ""Energy"": [2000.0, 2400.0], ""Vitamin A"": [700.0, 3000.0], ""Vitamin B-6"": [1.3, 100.0], ""Vitamin B-12"": [2.4, 10000.0], ""Vitamin C, total ascorbic acid"": [75.0, 2000.0], ""Vitamin D"": [600.0, 4000.0], ""Vitamin E (alpha-tocopherol)"": [15.0, 1000.0], ""Thiamin"": [1.1, 10000.0], ""Riboflavin"": [1.1, 10000.0], ""Niacin"": [14.0, 35.0], ""Pantothenic acid"": [5.0, 10000.0], ""Vitamin B-9 Folic acid"": [400.0, 1000.0], ""Vitamin B-7"": [30.0, 10000.0], ""Total lipid (fat)"": [40.0, 120.0]}"
SPEA2,2,without_diversity,19,126.8,20.52,480.0,0.693128,0.693128,9,"[56, 52, 44, 71]","[379, 309, 123, 297, 141, 132, 330, 280, 285, 273, 336, 266, 245]","[56, 52, 44, 71, 379, 309, 123, 297, 141, 132, 330, 280, 285, 273, 336, 266, 245]","{""Calcium, Ca"": 1341.60514, ""Copper, Cu"": 1.8380021000000002, ""Iron, Fe"": 15.476612000000003, ""Magnesium, Mg"": 411.21646000000004, ""Manganese, Mn"": 6.385552799999999, ""Phosphorus, P"": 1441.15824, ""Sodium, Na"": 2179.4728999999998, ""Potassium, K"": 5669.448300000001, ""Zinc, Zn"": 12.054002000000004, ""Carbohydrate, by difference"": 325.5729900000001, ""Fiber, total dietary"": 43.39710500000001, ""Protein"": 69.796482, ""Energy"": 2731.7125300000007, ""Vitamin A"": 1580.09522, ""Vitamin B-6"": 5.1142240999999995, ""Vitamin B-12"": 21.6750027, ""Vitamin C, total ascorbic acid"": 370.4560219999999, ""Vitamin D"": 0.645076, ""Vitamin E (alpha-tocopherol)"": 48.641329999999996, ""Thiamin"": 5.5057089999999995, ""Riboflavin"": 14.790832099999998, ""Niacin"": 10.052461200000002, ""Pantothenic acid"": 272.4587882, ""Vitamin B-9 Folic acid"": 458.97841000000005, ""Vitamin B-7"": 37.181557, ""Total lipid (fat)"": 137.3137102}","{""Calcium, Ca"": [1000.0, 2500.0], ""Copper, Cu"": [0.9, 10.0], ""Iron, Fe"": [18.0, 45.0], ""Magnesium, Mg"": [310.0, 660.0], ""Manganese, Mn"": [1.8, 11.0], ""Phosphorus, P"": [700.0, 4000.0], ""Sodium, Na"": [1500.0, 2300.0], ""Potassium, K"": [4700.0, 10000.0], ""Zinc, Zn"": [8.0, 40.0], ""Carbohydrate, by difference"": [170.0, 300.0], ""Fiber, total dietary"": [20.0, 9999.0], ""Protein"": [40.0, 100.0], ""Energy"": [2000.0, 2400.0], ""Vitamin A"": [700.0, 3000.0], ""Vitamin B-6"": [1.3, 100.0], ""Vitamin B-12"": [2.4, 10000.0], ""Vitamin C, total ascorbic acid"": [75.0, 2000.0], ""Vitamin D"": [600.0, 4000.0], ""Vitamin E (alpha-tocopherol)"": [15.0, 1000.0], ""Thiamin"": [1.1, 10000.0], ""Riboflavin"": [1.1, 10000.0], ""Niacin"": [14.0, 35.0], ""Pantothenic acid"": [5.0, 10000.0], ""Vitamin B-9 Folic acid"": [400.0, 1000.0], ""Vitamin B-7"": [30.0, 10000.0], ""Total lipid (fat)"": [40.0, 120.0]}"
SPEA2,2,without_diversity,20,129.6,34.56,370.0,0.793843,0.793843,11,"[76, 8, 24, 26, 42, 12, 74, 27]","[298, 239, 350, 160, 152, 266, 161, 361, 245, 155, 252, 336]","[76, 8, 24, 26, 42, 12, 74, 27, 298, 239, 350, 160, 152, 266, 161, 361, 245, 155, 252, 336]","{""Calcium, Ca"": 545.31264, ""Copper, Cu"": 2.0946662, ""Iron, Fe"": 23.854236, ""Magnesium, Mg"": 444.48711999999995, ""Manganese, Mn"": 8.373975199999999, ""Phosphorus, P"": 1369.4048400000001, ""Sodium, Na"": 2458.7587999999996, ""Potassium, K"": 4482.669599999999, ""Zinc, Zn"": 18.577562, ""Carbohydrate, by difference"": 309.34076100000004, ""Fiber, total dietary"": 33.659485999999994, ""Protein"": 87.472122, ""Energy"": 2710.0981300000003, ""Vitamin A"": 638.09884, ""Vitamin B-6"": 3.2597355000000006, ""Vitamin B-12"": 23.509554, ""Vitamin C, total ascorbic acid"": 405.61741499999994, ""Vitamin D"": 0.20746199999999998, ""Vitamin E (alpha-tocopherol)"": 51.21354999999999, ""Thiamin"": 3.8406463000000004, ""Riboflavin"": 8.1502048, ""Niacin"": 19.9729502, ""Pantothenic acid"": 59.941522000000006, ""Vitamin B-9 Folic acid"": 374.57941, ""Vitamin B-7"": 22.747677999999997, ""Total lipid (fat)"": 137.81193019999998}","{""Calcium, Ca"": [1000.0, 2500.0], ""Copper, Cu"": [0.9, 10.0], ""Iron, Fe"": [18.0, 45.0], ""Magnesium, Mg"": [310.0, 660.0], ""Manganese, Mn"": [1.8, 11.0], ""Phosphorus, P"": [700.0, 4000.0], ""Sodium, Na"": [1500.0, 2300.0], ""Potassium, K"": [4700.0, 10000.0], ""Zinc, Zn"": [8.0, 40.0], ""Carbohydrate, by difference"": [170.0, 300.0], ""Fiber, total dietary"": [20.0, 9999.0], ""Protein"": [40.0, 100.0], ""Energy"": [2000.0, 2400.0], ""Vitamin A"": [700.0, 3000.0], ""Vitamin B-6"": [1.3, 100.0], ""Vitamin B-12"": [2.4, 10000.0], ""Vitamin C, total ascorbic acid"": [75.0, 2000.0], ""Vitamin D"": [600.0, 4000.0], ""Vitamin E (alpha-tocopherol)"": [15.0, 1000.0], ""Thiamin"": [1.1, 10000.0], ""Riboflavin"": [1.1, 10000.0], ""Niacin"": [14.0, 35.0], ""Pantothenic acid"": [5.0, 10000.0], ""Vitamin B-9 Folic acid"": [400.0, 1000.0], ""Vitamin B-7"": [30.0, 10000.0], ""Total lipid (fat)"": [40.0, 120.0]}"
SPEA2,2,without_diversity,21,37.6,9.65,265.0,1.796492,1.796492,7,"[93, 86, 43, 71]","[345, 362, 309]","[93, 86, 43, 71, 345, 362, 309]","{""Calcium, Ca"": 605.02704, ""Copper, Cu"": 1.2348590000000002, ""Iron, Fe"": 6.730734999999999, ""Magnesium, Mg"": 264.608, ""Manganese, Mn"": 0.7778510000000001, ""Phosphorus, P"": 1443.6781999999998, ""Sodium, Na"": 844.4479999999999, ""Potassium, K"": 4307.7390000000005, ""Zinc, Zn"": 7.837829999999999, ""Carbohydrate, by difference"": 186.92101, ""Fiber, total dietary"": 11.41625, ""Protein"": 114.99821399999999, ""Energy"": 2237.1055, ""Vitamin A"": 570.87667, ""Vitamin B-6"": 3.2970200000000003, ""Vitamin B-12"": 0.4908, ""Vitamin C, total ascorbic acid"": 80.83344, ""Vitamin D"": 0.146163, ""Vitamin E (alpha-tocopherol)"": 69.62019999999998, ""Thiamin"": 44.10488, ""Riboflavin"": 1.443955, ""Niacin"": 35.75598, ""Pantothenic acid"": 7.68747, ""Vitamin B-9 Folic acid"": 166.9218, ""Vitamin B-7"": 16.38637, ""Total lipid (fat)"": 120.07485999999999}","{""Calcium, Ca"": [1000.0, 2500.0], ""Copper, Cu"": [0.9, 10.0], ""Iron, Fe"": [18.0, 45.0], ""Magnesium, Mg"": [310.0, 660.0], ""Manganese, Mn"": [1.8, 11.0], ""Phosphorus, P"": [700.0, 4000.0], ""Sodium, Na"": [1500.0, 2300.0], ""Potassium, K"": [4700.0, 10000.0], ""Zinc, Zn"": [8.0, 40.0], ""Carbohydrate, by difference"": [170.0, 300.0], ""Fiber, total dietary"": [20.0, 9999.0], ""Protein"": [40.0, 100.0], ""Energy"": [2000.0, 2400.0], ""Vitamin A"": [700.0, 3000.0], ""Vitamin B-6"": [1.3, 100.0], ""Vitamin B-12"": [2.4, 10000.0], ""Vitamin C, total ascorbic acid"": [75.0, 2000.0], ""Vitamin D"": [600.0, 4000.0], ""Vitamin E (alpha-tocopherol)"": [15.0, 1000.0], ""Thiamin"": [1.1, 10000.0], ""Riboflavin"": [1.1, 10000.0], ""Niacin"": [14.0, 35.0], ""Pantothenic acid"": [5.0, 10000.0], ""Vitamin B-9 Folic acid"": [400.0, 1000.0], ""Vitamin B-7"": [30.0, 10000.0], ""Total lipid (fat)"": [40.0, 120.0]}"
SPEA2,2,without_diversity,22,122.2,17.5,625.0,0.605512,0.605512,10,"[56, 52, 47, 43]","[379, 309, 123, 297, 141, 132, 330, 280, 285, 273, 329, 336, 266]","[56, 52, 47, 43, 379, 309, 123, 297, 141, 132, 330, 280, 285, 273, 329, 336, 266]","{""Calcium, Ca"": 1395.9549399999999, ""Copper, Cu"": 2.1645801, ""Iron, Fe"": 18.629441999999997, ""Magnesium, Mg"": 472.93026000000003, ""Manganese, Mn"": 6.837373299999999, ""Phosphorus, P"": 1634.6362399999998, ""Sodium, Na"": 2146.5418999999997, ""Potassium, K"": 6357.817300000001, ""Zinc, Zn"": 13.629763000000002, ""Carbohydrate, by difference"": 328.3696900000001, ""Fiber, total dietary"": 49.40614500000001, ""Protein"": 76.02976199999998, ""Energy"": 2759.8925300000005, ""Vitamin A"": 1582.12279, ""Vitamin B-6"": 5.619739099999999, ""Vitamin B-12"": 22.4812267, ""Vitamin C, total ascorbic acid"": 375.7265849999999, ""Vitamin D"": 0.6502481, ""Vitamin E (alpha-tocopherol)"": 55.2401, ""Thiamin"": 10.468349000000002, ""Riboflavin"": 15.188884099999996, ""Niacin"": 11.6050862, ""Pantothenic acid"": 276.14760820000004, ""Vitamin B-9 Folic acid"": 492.46261, ""Vitamin B-7"": 38.189102999999996, ""Total lipid (fat)"": 137.83945020000002}","{""Calcium, Ca"": [1000.0, 2500.0], ""Copper, Cu"": [0.9, 10.0], ""Iron, Fe"": [18.0, 45.0], ""Magnesium, Mg"": [310.0, 660.0], ""Manganese, Mn"": [1.8, 11.0], ""Phosphorus, P"": [700.0, 4000.0], ""Sodium, Na"": [1500.0, 2300.0], ""Potassium, K"": [4700.0, 10000.0], ""Zinc, Zn"": [8.0, 40.0], ""Carbohydrate, by difference"": [170.0, 300.0], ""Fiber, total dietary"": [20.0, 9999.0], ""Protein"": [40.0, 100.0], ""Energy"": [2000.0, 2400.0], ""Vitamin A"": [700.0, 3000.0], ""Vitamin B-6"": [1.3, 100.0], ""Vitamin B-12"": [2.4, 10000.0], ""Vitamin C, total ascorbic acid"": [75.0, 2000.0], ""Vitamin D"": [600.0, 4000.0], ""Vitamin E (alpha-tocopherol)"": [15.0, 1000.0], ""Thiamin"": [1.1, 10000.0], ""Riboflavin"": [1.1, 10000.0], ""Niacin"": [14.0, 35.0], ""Pantothenic acid"": [5.0, 10000.0], ""Vitamin B-9 Folic acid"": [400.0, 1000.0], ""Vitamin B-7"": [30.0, 10000.0], ""Total lipid (fat)"": [40.0, 120.0]}"
SPEA2,2,without_diversity,23,93.6,19.02,420.0,0.85413,0.85413,9,"[26, 27, 71]","[400, 128, 189, 179, 155, 252, 302, 336, 113, 266]","[26, 27, 71, 400, 128, 189, 179, 155, 252, 302, 336, 113, 266]","{""Calcium, Ca"": 605.7099400000001, ""Copper, Cu"": 1.545131, ""Iron, Fe"": 18.093667999999997, ""Magnesium, Mg"": 388.71291999999994, ""Manganese, Mn"": 6.3375471999999995, ""Phosphorus, P"": 898.1960067, ""Sodium, Na"": 1918.2721399999998, ""Potassium, K"": 5987.992200000001, ""Zinc, Zn"": 8.941164500000001, ""Carbohydrate, by difference"": 342.60647, ""Fiber, total dietary"": 60.272343, ""Protein"": 56.95698199999999, ""Energy"": 2735.0685300000005, ""Vitamin A"": 616.29172, ""Vitamin B-6"": 3.9293158000000004, ""Vitamin B-12"": 4.375297, ""Vitamin C, total ascorbic acid"": 510.1012319999999, ""Vitamin D"": 0.1411975, ""Vitamin E (alpha-tocopherol)"": 50.841170000000005, ""Thiamin"": 5.4926698, ""Riboflavin"": 2.4512827999999995, ""Niacin"": 10.866469200000001, ""Pantothenic acid"": 21.635114, ""Vitamin B-9 Folic acid"": 754.6512199999999, ""Vitamin B-7"": 22.271222, ""Total lipid (fat)"": 137.74230819999997}","{""Calcium, Ca"": [1000.0, 2500.0], ""Copper, Cu"": [0.9, 10.0], ""Iron, Fe"": [18.0, 45.0], ""Magnesium, Mg"": [310.0, 660.0], ""Manganese, Mn"": [1.8, 11.0], ""Phosphorus, P"": [700.0, 4000.0], ""Sodium, Na"": [1500.0, 2300.0], ""Potassium, K"": [4700.0, 10000.0], ""Zinc, Zn"": [8.0, 40.0], ""Carbohydrate, by difference"": [170.0, 300.0], ""Fiber, total dietary"": [20.0, 9999.0], ""Protein"": [40.0, 100.0], ""Energy"": [2000.0, 2400.0], ""Vitamin A"": [700.0, 3000.0], ""Vitamin B-6"": [1.3, 100.0], ""Vitamin B-12"": [2.4, 10000.0], ""Vitamin C, total ascorbic acid"": [75.0, 2000.0], ""Vitamin D"": [600.0, 4000.0], ""Vitamin E (alpha-tocopherol)"": [15.0, 1000.0], ""Thiamin"": [1.1, 10000.0], ""Riboflavin"": [1.1, 10000.0], ""Niacin"": [14.0, 35.0], ""Pantothenic acid"": [5.0, 10000.0], ""Vitamin B-9 Folic acid"": [400.0, 1000.0], ""Vitamin B-7"": [30.0, 10000.0], ""Total lipid (fat)"": [40.0, 120.0]}"
SPEA2,2,without_diversity,24,97.7,16.28,440.0,0.360502,0.360502,7,[60],"[379, 309, 123, 297, 141, 132, 330, 280, 285, 334, 336, 284, 266]","[60, 379, 309, 123, 297, 141, 132, 330, 280, 285, 334, 336, 284, 266]","{""Calcium, Ca"": 1090.935978, ""Copper, Cu"": 2.203215, ""Iron, Fe"": 23.731528299999997, ""Magnesium, Mg"": 555.7894100000002, ""Manganese, Mn"": 5.999884, ""Phosphorus, P"": 1856.8858527999998, ""Sodium, Na"": 1555.5752, ""Potassium, K"": 5691.043388, ""Zinc, Zn"": 14.581667000000001, ""Carbohydrate, by difference"": 344.8000800000001, ""Fiber, total dietary"": 56.80381200000001, ""Protein"": 69.02196529999999, ""Energy"": 2578.4353300000007, ""Vitamin A"": 1444.1578399999999, ""Vitamin B-6"": 5.026339999999999, ""Vitamin B-12"": 7.085692, ""Vitamin C, total ascorbic acid"": 369.40329199999996, ""Vitamin D"": 1.160417, ""Vitamin E (alpha-tocopherol)"": 47.50470000000001, ""Thiamin"": 3.5706390000000003, ""Riboflavin"": 5.3462127, ""Niacin"": 24.1509552, ""Pantothenic acid"": 208.00959, ""Vitamin B-9 Folic acid"": 513.73821, ""Vitamin B-7"": 42.97473599999999, ""Total lipid (fat)"": 113.7481902}","{""Calcium, Ca"": [1000.0, 2500.0], ""Copper, Cu"": [0.9, 10.0], ""Iron, Fe"": [18.0, 45.0], ""Magnesium, Mg"": [310.0, 660.0], ""Manganese, Mn"": [1.8, 11.0], ""Phosphorus, P"": [700.0, 4000.0], ""Sodium, Na"": [1500.0, 2300.0], ""Potassium, K"": [4700.0, 10000.0], ""Zinc, Zn"": [8.0, 40.0], ""Carbohydrate, by difference"": [170.0, 300.0], ""Fiber, total dietary"": [20.0, 9999.0], ""Protein"": [40.0, 100.0], ""Energy"": [2000.0, 2400.0], ""Vitamin A"": [700.0, 3000.0], ""Vitamin B-6"": [1.3, 100.0], ""Vitamin B-12"": [2.4, 10000.0], ""Vitamin C, total ascorbic acid"": [75.0, 2000.0], ""Vitamin D"": [600.0, 4000.0], ""Vitamin E (alpha-tocopherol)"": [15.0, 1000.0], ""Thiamin"": [1.1, 10000.0], ""Riboflavin"": [1.1, 10000.0], ""Niacin"": [14.0, 35.0], ""Pantothenic acid"": [5.0, 10000.0], ""Vitamin B-9 Folic acid"": [400.0, 1000.0], ""Vitamin B-7"": [30.0, 10000.0], ""Total lipid (fat)"": [40.0, 120.0]}"
SPEA2,2,without_diversity,25,112.1,14.73,505.0,0.516456,0.516456,9,"[20, 86, 33]","[379, 309, 123, 297, 141, 132, 330, 280, 273, 334, 336, 266]","[20, 86, 33, 379, 309, 123, 297, 141, 132, 330, 280, 273, 334, 336, 266]","{""Calcium, Ca"": 1205.59808, ""Copper, Cu"": 2.4240601000000006, ""Iron, Fe"": 26.456976999999995, ""Magnesium, Mg"": 603.47886, ""Manganese, Mn"": 6.4776688, ""Phosphorus, P"": 1989.6126399999998, ""Sodium, Na"": 1884.9820999999997, ""Potassium, K"": 6215.3243, ""Zinc, Zn"": 16.097002, ""Carbohydrate, by difference"": 340.25214000000005, ""Fiber, total dietary"": 57.382275, ""Protein"": 77.09373599999999, ""Energy"": 2747.4326300000002, ""Vitamin A"": 1113.4277, ""Vitamin B-6"": 5.093564099999999, ""Vitamin B-12"": 7.8950247000000005, ""Vitamin C, total ascorbic acid"": 361.53799599999996, ""Vitamin D"": 1.1701219999999999, ""Vitamin E (alpha-tocopherol)"": 56.7903, ""Thiamin"": 9.113739, ""Riboflavin"": 5.736804100000001, ""Niacin"": 25.4607752, ""Pantothenic acid"": 211.24831820000003, ""Vitamin B-9 Folic acid"": 581.3951099999999, ""Vitamin B-7"": 43.85803099999999, ""Total lipid (fat)"": 130.5876502}","{""Calcium, Ca"": [1000.0, 2500.0], ""Copper, Cu"": [0.9, 10.0], ""Iron, Fe"": [18.0, 45.0], ""Magnesium, Mg"": [310.0, 660.0], ""Manganese, Mn"": [1.8, 11.0], ""Phosphorus, P"": [700.0, 4000.0], ""Sodium, Na"": [1500.0, 2300.0], ""Potassium, K"": [4700.0, 10000.0], ""Zinc, Zn"": [8.0, 40.0], ""Carbohydrate, by difference"": [170.0, 300.0], ""Fiber, total dietary"": [20.0, 9999.0], ""Protein"": [40.0, 100.0], ""Energy"": [2000.0, 2400.0], ""Vitamin A"": [700.0, 3000.0], ""Vitamin B-6"": [1.3, 100.0], ""Vitamin B-12"": [2.4, 10000.0], ""Vitamin C, total ascorbic acid"": [75.0, 2000.0], ""Vitamin D"": [600.0, 4000.0], ""Vitamin E (alpha-tocopherol)"": [15.0, 1000.0], ""Thiamin"": [1.1, 10000.0], ""Riboflavin"": [1.1, 10000.0], ""Niacin"": [14.0, 35.0], ""Pantothenic acid"": [5.0, 10000.0], ""Vitamin B-9 Folic acid"": [400.0, 1000.0], ""Vitamin B-7"": [30.0, 10000.0], ""Total lipid (fat)"": [40.0, 120.0]}"
SPEA2,2,without_diversity,26,83.5,26.5,250.0,0.582782,0.582782,10,"[87, 18, 1, 54, 93]","[210, 132, 330, 280, 285, 343, 376, 336, 266]","[87, 18, 1, 54, 93, 210, 132, 330, 280, 285, 343, 376, 336, 266]","{""Calcium, Ca"": 1580.0416399999997, ""Copper, Cu"": 1.3012981000000001, ""Iron, Fe"": 14.711046000000003, ""Magnesium, Mg"": 362.66512, ""Manganese, Mn"": 1.8668692, ""Phosphorus, P"": 1829.89554, ""Sodium, Na"": 2313.72, ""Potassium, K"": 5845.2862000000005, ""Zinc, Zn"": 16.297746999999998, ""Carbohydrate, by difference"": 298.87611000000004, ""Fiber, total dietary"": 30.283291999999996, ""Protein"": 97.67678199999999, ""Energy"": 2721.71923, ""Vitamin A"": 1629.0627, ""Vitamin B-6"": 4.305824, ""Vitamin B-12"": 25.70986, ""Vitamin C, total ascorbic acid"": 452.45310199999994, ""Vitamin D"": 0.722309, ""Vitamin E (alpha-tocopherol)"": 27.55509, ""Thiamin"": 4.2218914, ""Riboflavin"": 5.4162073, ""Niacin"": 16.614032200000004, ""Pantothenic acid"": 153.734939, ""Vitamin B-9 Folic acid"": 341.79440999999997, ""Vitamin B-7"": 22.947346, ""Total lipid (fat)"": 135.81218019999997}","{""Calcium, Ca"": [1000.0, 2500.0], ""Copper, Cu"": [0.9, 10.0], ""Iron, Fe"": [18.0, 45.0], ""Magnesium, Mg"": [310.0, 660.0], ""Manganese, Mn"": [1.8, 11.0], ""Phosphorus, P"": [700.0, 4000.0], ""Sodium, Na"": [1500.0, 2300.0], ""Potassium, K"": [4700.0, 10000.0], ""Zinc, Zn"": [8.0, 40.0], ""Carbohydrate, by difference"": [170.0, 300.0], ""Fiber, total dietary"": [20.0, 9999.0], ""Protein"": [40.0, 100.0], ""Energy"": [2000.0, 2400.0], ""Vitamin A"": [700.0, 3000.0], ""Vitamin B-6"": [1.3, 100.0], ""Vitamin B-12"": [2.4, 10000.0], ""Vitamin C, total ascorbic acid"": [75.0, 2000.0], ""Vitamin D"": [600.0, 4000.0], ""Vitamin E (alpha-tocopherol)"": [15.0, 1000.0], ""Thiamin"": [1.1, 10000.0], ""Riboflavin"": [1.1, 10000.0], ""Niacin"": [14.0, 35.0], ""Pantothenic acid"": [5.0, 10000.0], ""Vitamin B-9 Folic acid"": [400.0, 1000.0], ""Vitamin B-7"": [30.0, 10000.0], ""Total lipid (fat)"": [40.0, 120.0]}"
SPEA2,2,without_diversity,27,101.8,28.35,205.0,0.909387,0.909387,10,"[42, 74, 12, 16, 76, 26, 27]","[210, 132, 330, 280, 285, 343, 376, 248, 336, 266]","[42, 74, 12, 16, 76, 26, 27, 210, 132, 330, 280, 285, 343, 376, 248, 336, 266]","{""Calcium, Ca"": 1164.2181399999997, ""Copper, Cu"": 1.3532081000000002, ""Iron, Fe"": 18.891185999999998, ""Magnesium, Mg"": 365.11781999999994, ""Manganese, Mn"": 1.1354542, ""Phosphorus, P"": 1277.1074400000002, ""Sodium, Na"": 2552.7695000000003, ""Potassium, K"": 4490.9168, ""Zinc, Zn"": 14.378767, ""Carbohydrate, by difference"": 320.485401, ""Fiber, total dietary"": 30.708871999999996, ""Protein"": 97.643262, ""Energy"": 2757.2948300000003, ""Vitamin A"": 1516.91402, ""Vitamin B-6"": 4.451569, ""Vitamin B-12"": 15.03718, ""Vitamin C, total ascorbic acid"": 369.51000199999993, ""Vitamin D"": 0.5743940000000001, ""Vitamin E (alpha-tocopherol)"": 25.375409999999995, ""Thiamin"": 3.8449264000000007, ""Riboflavin"": 4.1237773, ""Niacin"": 14.099632200000002, ""Pantothenic acid"": 153.078839, ""Vitamin B-9 Folic acid"": 201.35801, ""Vitamin B-7"": 19.553756, ""Total lipid (fat)"": 137.40835019999997}","{""Calcium, Ca"": [1000.0, 2500.0], ""Copper, Cu"": [0.9, 10.0], ""Iron, Fe"": [18.0, 45.0], ""Magnesium, Mg"": [310.0, 660.0], ""Manganese, Mn"": [1.8, 11.0], ""Phosphorus, P"": [700.0, 4000.0], ""Sodium, Na"": [1500.0, 2300.0], ""Potassium, K"": [4700.0, 10000.0], ""Zinc, Zn"": [8.0, 40.0], ""Carbohydrate, by difference"": [170.0, 300.0], ""Fiber, total dietary"": [20.0, 9999.0], ""Protein"": [40.0, 100.0], ""Energy"": [2000.0, 2400.0], ""Vitamin A"": [700.0, 3000.0], ""Vitamin B-6"": [1.3, 100.0], ""Vitamin B-12"": [2.4, 10000.0], ""Vitamin C, total ascorbic acid"": [75.0, 2000.0], ""Vitamin D"": [600.0, 4000.0], ""Vitamin E (alpha-tocopherol)"": [15.0, 1000.0], ""Thiamin"": [1.1, 10000.0], ""Riboflavin"": [1.1, 10000.0], ""Niacin"": [14.0, 35.0], ""Pantothenic acid"": [5.0, 10000.0], ""Vitamin B-9 Folic acid"": [400.0, 1000.0], ""Vitamin B-7"": [30.0, 10000.0], ""Total lipid (fat)"": [40.0, 120.0]}"
SPEA2,2,without_diversity,28,131.6,22.17,547.0,0.665293,0.665293,11,"[31, 44, 82, 46]","[379, 309, 123, 297, 141, 132, 330, 280, 285, 273, 343, 376, 336]","[31, 44, 82, 46, 379, 309, 123, 297, 141, 132, 330, 280, 285, 273, 343, 376, 336]","{""Calcium, Ca"": 1077.62044, ""Copper, Cu"": 1.5974283000000002, ""Iron, Fe"": 17.485841, ""Magnesium, Mg"": 440.57104000000004, ""Manganese, Mn"": 6.4567946, ""Phosphorus, P"": 1470.82, ""Sodium, Na"": 1532.3155699999998, ""Potassium, K"": 6050.3381, ""Zinc, Zn"": 12.049053, ""Carbohydrate, by difference"": 344.0761400000001, ""Fiber, total dietary"": 45.78207390000001, ""Protein"": 72.58806599999998, ""Energy"": 2745.9382000000005, ""Vitamin A"": 2019.2071199999998, ""Vitamin B-6"": 4.9775161, ""Vitamin B-12"": 5.3255027, ""Vitamin C, total ascorbic acid"": 535.5669600000001, ""Vitamin D"": 0.6817426, ""Vitamin E (alpha-tocopherol)"": 58.477659999999986, ""Thiamin"": 7.342205400000001, ""Riboflavin"": 2.9084518999999998, ""Niacin"": 10.834118000000004, ""Pantothenic acid"": 203.15636619999998, ""Vitamin B-9 Folic acid"": 483.5725, ""Vitamin B-7"": 30.267183, ""Total lipid (fat)"": 136.50038999999998}","{""Calcium, Ca"": [1000.0, 2500.0], ""Copper, Cu"": [0.9, 10.0], ""Iron, Fe"": [18.0, 45.0], ""Magnesium, Mg"": [310.0, 660.0], ""Manganese, Mn"": [1.8, 11.0], ""Phosphorus, P"": [700.0, 4000.0], ""Sodium, Na"": [1500.0, 2300.0], ""Potassium, K"": [4700.0, 10000.0], ""Zinc, Zn"": [8.0, 40.0], ""Carbohydrate, by difference"": [170.0, 300.0], ""Fiber, total dietary"": [20.0, 9999.0], ""Protein"": [40.0, 100.0], ""Energy"": [2000.0, 2400.0], ""Vitamin A"": [700.0, 3000.0], ""Vitamin B-6"": [1.3, 100.0], ""Vitamin B-12"": [2.4, 10000.0], ""Vitamin C, total ascorbic acid"": [75.0, 2000.0], ""Vitamin D"": [600.0, 4000.0], ""Vitamin E (alpha-tocopherol)"": [15.0, 1000.0], ""Thiamin"": [1.1, 10000.0], ""Riboflavin"": [1.1, 10000.0], ""Niacin"": [14.0, 35.0], ""Pantothenic acid"": [5.0, 10000.0], ""Vitamin B-9 Folic acid"": [400.0, 1000.0], ""Vitamin B-7"": [30.0, 10000.0], ""Total lipid (fat)"": [40.0, 120.0]}"
SPEA2,2,without_diversity,29,106.8,41.2,220.0,0.849941,0.849941,14,"[5, 75, 87, 18, 1, 3, 7, 76, 86, 12, 44, 92]","[384, 225, 376, 254, 336, 399, 284]","[5, 75, 87, 18, 1, 3, 7, 76, 86, 12, 44, 92, 384, 225, 376, 254, 336, 399, 284]","{""Calcium, Ca"": 1012.8504580000001, ""Copper, Cu"": 0.9102905, ""Iron, Fe"": 13.722866899999998, ""Magnesium, Mg"": 287.84457999999995, ""Manganese, Mn"": 5.2962142, ""Phosphorus, P"": 1044.4889128, ""Sodium, Na"": 2139.69242, ""Potassium, K"": 3625.960688, ""Zinc, Zn"": 9.637746600000002, ""Carbohydrate, by difference"": 344.342382, ""Fiber, total dietary"": 18.7651826, ""Protein"": 49.1104328, ""Energy"": 2231.1204200000006, ""Vitamin A"": 208.7335839, ""Vitamin B-6"": 1.9597229999999999, ""Vitamin B-12"": 32.31011, ""Vitamin C, total ascorbic acid"": 207.11313199999995, ""Vitamin D"": 0.161365, ""Vitamin E (alpha-tocopherol)"": 35.024550000000005, ""Thiamin"": 2.686865, ""Riboflavin"": 9.808150000000001, ""Niacin"": 8.69773, ""Pantothenic acid"": 58.21425, ""Vitamin B-9 Folic acid"": 450.1807, ""Vitamin B-7"": 19.773237, ""Total lipid (fat)"": 98.58767999999999}","{""Calcium, Ca"": [1000.0, 2500.0], ""Copper, Cu"": [0.9, 10.0], ""Iron, Fe"": [18.0, 45.0], ""Magnesium, Mg"": [310.0, 660.0], ""Manganese, Mn"": [1.8, 11.0], ""Phosphorus, P"": [700.0, 4000.0], ""Sodium, Na"": [1500.0, 2300.0], ""Potassium, K"": [4700.0, 10000.0], ""Zinc, Zn"": [8.0, 40.0], ""Carbohydrate, by difference"": [170.0, 300.0], ""Fiber, total dietary"": [20.0, 9999.0], ""Protein"": [40.0, 100.0], ""Energy"": [2000.0, 2400.0], ""Vitamin A"": [700.0, 3000.0], ""Vitamin B-6"": [1.3, 100.0], ""Vitamin B-12"": [2.4, 10000.0], ""Vitamin C, total ascorbic acid"": [75.0, 2000.0], ""Vitamin D"": [600.0, 4000.0], ""Vitamin E (alpha-tocopherol)"": [15.0, 1000.0], ""Thiamin"": [1.1, 10000.0], ""Riboflavin"": [1.1, 10000.0], ""Niacin"": [14.0, 35.0], ""Pantothenic acid"": [5.0, 10000.0], ""Vitamin B-9 Folic acid"": [400.0, 1000.0], ""Vitamin B-7"": [30.0, 10000.0], ""Total lipid (fat)"": [40.0, 120.0]}"
SPEA2,2,without_diversity,30,150.9,31.11,437.0,0.893841,0.893841,11,"[8, 24, 89, 54, 80, 69, 35, 42, 12, 76, 5, 82]","[362, 391, 214, 249, 150, 393, 343, 336, 266]","[8, 24, 89, 54, 80, 69, 35, 42, 12, 76, 5, 82, 362, 391, 214, 249, 150, 393, 343, 336, 266]","{""Calcium, Ca"": 1207.3914599999998, ""Copper, Cu"": 1.0544106, ""Iron, Fe"": 11.906791600000002, ""Magnesium, Mg"": 338.12104999999997, ""Manganese, Mn"": 2.6585764, ""Phosphorus, P"": 1323.2977400000002, ""Sodium, Na"": 2550.3194900000003, ""Potassium, K"": 4844.4409000000005, ""Zinc, Zn"": 7.9212346, ""Carbohydrate, by difference"": 342.43984099999994, ""Fiber, total dietary"": 34.5750255, ""Protein"": 62.65966350000001, ""Energy"": 2692.46943, ""Vitamin A"": 1265.5859600000001, ""Vitamin B-6"": 2.4073241, ""Vitamin B-12"": 12.267056, ""Vitamin C, total ascorbic acid"": 228.16638399999994, ""Vitamin D"": 0.557293, ""Vitamin E (alpha-tocopherol)"": 54.313019999999995, ""Thiamin"": 10.383460399999999, ""Riboflavin"": 4.403600200000001, ""Niacin"": 9.8990722, ""Pantothenic acid"": 31.968498, ""Vitamin B-9 Folic acid"": 458.21741, ""Vitamin B-7"": 21.179593999999998, ""Total lipid (fat)"": 136.6010802}","{""Calcium, Ca"": [1000.0, 2500.0], ""Copper, Cu"": [0.9, 10.0], ""Iron, Fe"": [18.0, 45.0], ""Magnesium, Mg"": [310.0, 660.0], ""Manganese, Mn"": [1.8, 11.0], ""Phosphorus, P"": [700.0, 4000.0], ""Sodium, Na"": [1500.0, 2300.0], ""Potassium, K"": [4700.0, 10000.0], ""Zinc, Zn"": [8.0, 40.0], ""Carbohydrate, by difference"": [170.0, 300.0], ""Fiber, total dietary"": [20.0, 9999.0], ""Protein"": [40.0, 100.0], ""Energy"": [2000.0, 2400.0], ""Vitamin A"": [700.0, 3000.0], ""Vitamin B-6"": [1.3, 100.0], ""Vitamin B-12"": [2.4, 10000.0], ""Vitamin C, total ascorbic acid"": [75.0, 2000.0], ""Vitamin D"": [600.0, 4000.0], ""Vitamin E (alpha-tocopherol)"": [15.0, 1000.0], ""Thiamin"": [1.1, 10000.0], ""Riboflavin"": [1.1, 10000.0], ""Niacin"": [14.0, 35.0], ""Pantothenic acid"": [5.0, 10000.0], ""Vitamin B-9 Folic acid"": [400.0, 1000.0], ""Vitamin B-7"": [30.0, 10000.0], ""Total lipid (fat)"": [40.0, 120.0]}"
SPEA2,2,without_diversity,31,135.0,43.72,205.0,0.599155,0.599155,11,"[5, 75, 87, 18, 1, 86, 3, 76, 12, 7, 44, 92]","[123, 297, 141, 210, 330, 336, 266, 161]","[5, 75, 87, 18, 1, 86, 3, 76, 12, 7, 44, 92, 123, 297, 141, 210, 330, 336, 266, 161]","{""Calcium, Ca"": 934.27606, ""Copper, Cu"": 1.6772824999999998, ""Iron, Fe"": 18.976098599999997, ""Magnesium, Mg"": 326.73679000000004, ""Manganese, Mn"": 2.8531473999999997, ""Phosphorus, P"": 1349.53944, ""Sodium, Na"": 2481.17242, ""Potassium, K"": 6017.536700000001, ""Zinc, Zn"": 14.546593600000001, ""Carbohydrate, by difference"": 321.66349199999996, ""Fiber, total dietary"": 46.1431446, ""Protein"": 83.60934149999999, ""Energy"": 2746.3917500000002, ""Vitamin A"": 1079.61472, ""Vitamin B-6"": 4.127644999999999, ""Vitamin B-12"": 29.276428, ""Vitamin C, total ascorbic acid"": 497.483124, ""Vitamin D"": 0.577705, ""Vitamin E (alpha-tocopherol)"": 42.24833, ""Thiamin"": 4.4561340000000005, ""Riboflavin"": 5.9786167, ""Niacin"": 19.7095552, ""Pantothenic acid"": 226.45482, ""Vitamin B-9 Folic acid"": 424.25741000000005, ""Vitamin B-7"": 17.726536, ""Total lipid (fat)"": 137.72957019999998}","{""Calcium, Ca"": [1000.0, 2500.0], ""Copper, Cu"": [0.9, 10.0], ""Iron, Fe"": [18.0, 45.0], ""Magnesium, Mg"": [310.0, 660.0], ""Manganese, Mn"": [1.8, 11.0], ""Phosphorus, P"": [700.0, 4000.0], ""Sodium, Na"": [1500.0, 2300.0], ""Potassium, K"": [4700.0, 10000.0], ""Zinc, Zn"": [8.0, 40.0], ""Carbohydrate, by difference"": [170.0, 300.0], ""Fiber, total dietary"": [20.0, 9999.0], ""Protein"": [40.0, 100.0], ""Energy"": [2000.0, 2400.0], ""Vitamin A"": [700.0, 3000.0], ""Vitamin B-6"": [1.3, 100.0], ""Vitamin B-12"": [2.4, 10000.0], ""Vitamin C, total ascorbic acid"": [75.0, 2000.0], ""Vitamin D"": [600.0, 4000.0], ""Vitamin E (alpha-tocopherol)"": [15.0, 1000.0], ""Thiamin"": [1.1, 10000.0], ""Riboflavin"": [1.1, 10000.0], ""Niacin"": [14.0, 35.0], ""Pantothenic acid"": [5.0, 10000.0], ""Vitamin B-9 Folic acid"": [400.0, 1000.0], ""Vitamin B-7"": [30.0, 10000.0], ""Total lipid (fat)"": [40.0, 120.0]}"
SPEA2,2,without_diversity,32,170.5,27.38,649.0,0.606049,0.606049,12,"[55, 24, 89, 54, 80, 69, 35, 45, 12, 76]","[309, 123, 297, 141, 132, 330, 280, 273, 241, 395, 139, 211]","[55, 24, 89, 54, 80, 69, 35, 45, 12, 76, 309, 123, 297, 141, 132, 330, 280, 273, 241, 395, 139, 211]","{""Calcium, Ca"": 1369.5435, ""Copper, Cu"": 1.7504107000000002, ""Iron, Fe"": 18.788352, ""Magnesium, Mg"": 539.0785600000002, ""Manganese, Mn"": 3.2616254999999996, ""Phosphorus, P"": 1429.6779000000001, ""Sodium, Na"": 2339.0906, ""Potassium, K"": 7055.855100000001, ""Zinc, Zn"": 8.20045, ""Carbohydrate, by difference"": 340.9938210000001, ""Fiber, total dietary"": 55.892537999999995, ""Protein"": 61.474070000000005, ""Energy"": 2759.0516, ""Vitamin A"": 1602.43519, ""Vitamin B-6"": 4.731962299999999, ""Vitamin B-12"": 25.126939699999998, ""Vitamin C, total ascorbic acid"": 643.9319199999999, ""Vitamin D"": 0.22566009999999997, ""Vitamin E (alpha-tocopherol)"": 54.80498999999999, ""Thiamin"": 7.8151589999999995, ""Riboflavin"": 7.2010214, ""Niacin"": 12.704334000000003, ""Pantothenic acid"": 241.57689820000002, ""Vitamin B-9 Folic acid"": 478.26056000000005, ""Vitamin B-7"": 25.399292999999997, ""Total lipid (fat)"": 136.13478}","{""Calcium, Ca"": [1000.0, 2500.0], ""Copper, Cu"": [0.9, 10.0], ""Iron, Fe"": [18.0, 45.0], ""Magnesium, Mg"": [310.0, 660.0], ""Manganese, Mn"": [1.8, 11.0], ""Phosphorus, P"": [700.0, 4000.0], ""Sodium, Na"": [1500.0, 2300.0], ""Potassium, K"": [4700.0, 10000.0], ""Zinc, Zn"": [8.0, 40.0], ""Carbohydrate, by difference"": [170.0, 300.0], ""Fiber, total dietary"": [20.0, 9999.0], ""Protein"": [40.0, 100.0], ""Energy"": [2000.0, 2400.0], ""Vitamin A"": [700.0, 3000.0], ""Vitamin B-6"": [1.3, 100.0], ""Vitamin B-12"": [2.4, 10000.0], ""Vitamin C, total ascorbic acid"": [75.0, 2000.0], ""Vitamin D"": [600.0, 4000.0], ""Vitamin E (alpha-tocopherol)"": [15.0, 1000.0], ""Thiamin"": [1.1, 10000.0], ""Riboflavin"": [1.1, 10000.0], ""Niacin"": [14.0, 35.0], ""Pantothenic acid"": [5.0, 10000.0], ""Vitamin B-9 Folic acid"": [400.0, 1000.0], ""Vitamin B-7"": [30.0, 10000.0], ""Total lipid (fat)"": [40.0, 120.0]}"
SPEA2,2,without_diversity,33,97.3,13.04,667.0,0.701065,0.701065,7,[33],"[313, 147, 188, 303, 393, 172, 344, 211, 139, 336, 312]","[33, 313, 147, 188, 303, 393, 172, 344, 211, 139, 336, 312]","{""Calcium, Ca"": 1166.9540000000002, ""Copper, Cu"": 3.0084789999999995, ""Iron, Fe"": 28.141120000000004, ""Magnesium, Mg"": 638.2696200000001, ""Manganese, Mn"": 5.561771800000001, ""Phosphorus, P"": 1933.2060000000004, ""Sodium, Na"": 2516.2110000000002, ""Potassium, K"": 6654.094, ""Zinc, Zn"": 12.780140999999999, ""Carbohydrate, by difference"": 314.2441100000001, ""Fiber, total dietary"": 72.601335, ""Protein"": 89.58490999999998, ""Energy"": 2747.2589000000003, ""Vitamin A"": 223.40151999999998, ""Vitamin B-6"": 3.9066501999999996, ""Vitamin B-12"": 18.8690985, ""Vitamin C, total ascorbic acid"": 326.72425400000003, ""Vitamin D"": 0.8785949999999999, ""Vitamin E (alpha-tocopherol)"": 60.05495350000001, ""Thiamin"": 13.091498699999999, ""Riboflavin"": 15.684156099999997, ""Niacin"": 25.995816, ""Pantothenic acid"": 170.127423, ""Vitamin B-9 Folic acid"": 729.5750599999999, ""Vitamin B-7"": 39.63891399999999, ""Total lipid (fat)"": 135.53879}","{""Calcium, Ca"": [1000.0, 2500.0], ""Copper, Cu"": [0.9, 10.0], ""Iron, Fe"": [18.0, 45.0], ""Magnesium, Mg"": [310.0, 660.0], ""Manganese, Mn"": [1.8, 11.0], ""Phosphorus, P"": [700.0, 4000.0], ""Sodium, Na"": [1500.0, 2300.0], ""Potassium, K"": [4700.0, 10000.0], ""Zinc, Zn"": [8.0, 40.0], ""Carbohydrate, by difference"": [170.0, 300.0], ""Fiber, total dietary"": [20.0, 9999.0], ""Protein"": [40.0, 100.0], ""Energy"": [2000.0, 2400.0], ""Vitamin A"": [700.0, 3000.0], ""Vitamin B-6"": [1.3, 100.0], ""Vitamin B-12"": [2.4, 10000.0], ""Vitamin C, total ascorbic acid"": [75.0, 2000.0], ""Vitamin D"": [600.0, 4000.0], ""Vitamin E (alpha-tocopherol)"": [15.0, 1000.0], ""Thiamin"": [1.1, 10000.0], ""Riboflavin"": [1.1, 10000.0], ""Niacin"": [14.0, 35.0], ""Pantothenic acid"": [5.0, 10000.0], ""Vitamin B-9 Folic acid"": [400.0, 1000.0], ""Vitamin B-7"": [30.0, 10000.0], ""Total lipid (fat)"": [40.0, 120.0]}"
SPEA2,2,without_diversity,34,42.7,19.52,203.0,0.761545,0.761545,8,"[51, 79, 36, 94]","[305, 342, 141, 210, 330, 266]","[51, 79, 36, 94, 305, 342, 141, 210, 330, 266]","{""Calcium, Ca"": 942.80334, ""Copper, Cu"": 1.1596962, ""Iron, Fe"": 14.486521, ""Magnesium, Mg"": 287.43332000000004, ""Manganese, Mn"": 1.5053802, ""Phosphorus, P"": 1007.5280399999999, ""Sodium, Na"": 2186.2013, ""Potassium, K"": 4060.0492, ""Zinc, Zn"": 12.645019000000001, ""Carbohydrate, by difference"": 198.19731, ""Fiber, total dietary"": 31.394441999999998, ""Protein"": 84.69358199999999, ""Energy"": 2493.4600299999997, ""Vitamin A"": 1522.1261, ""Vitamin B-6"": 3.6851350000000003, ""Vitamin B-12"": 13.8633626, ""Vitamin C, total ascorbic acid"": 318.042602, ""Vitamin D"": 0.534998, ""Vitamin E (alpha-tocopherol)"": 32.88385, ""Thiamin"": 6.2164765, ""Riboflavin"": 3.2771326, ""Niacin"": 15.089165199999998, ""Pantothenic acid"": 148.446012, ""Vitamin B-9 Folic acid"": 203.04871000000003, ""Vitamin B-7"": 15.135448, ""Total lipid (fat)"": 137.9617202}","{""Calcium, Ca"": [1000.0, 2500.0], ""Copper, Cu"": [0.9, 10.0], ""Iron, Fe"": [18.0, 45.0], ""Magnesium, Mg"": [310.0, 660.0], ""Manganese, Mn"": [1.8, 11.0], ""Phosphorus, P"": [700.0, 4000.0], ""Sodium, Na"": [1500.0, 2300.0], ""Potassium, K"": [4700.0, 10000.0], ""Zinc, Zn"": [8.0, 40.0], ""Carbohydrate, by difference"": [170.0, 300.0], ""Fiber, total dietary"": [20.0, 9999.0], ""Protein"": [40.0, 100.0], ""Energy"": [2000.0, 2400.0], ""Vitamin A"": [700.0, 3000.0], ""Vitamin B-6"": [1.3, 100.0], ""Vitamin B-12"": [2.4, 10000.0], ""Vitamin C, total ascorbic acid"": [75.0, 2000.0], ""Vitamin D"": [600.0, 4000.0], ""Vitamin E (alpha-tocopherol)"": [15.0, 1000.0], ""Thiamin"": [1.1, 10000.0], ""Riboflavin"": [1.1, 10000.0], ""Niacin"": [14.0, 35.0], ""Pantothenic acid"": [5.0, 10000.0], ""Vitamin B-9 Folic acid"": [400.0, 1000.0], ""Vitamin B-7"": [30.0, 10000.0], ""Total lipid (fat)"": [40.0, 120.0]}"
SPEA2,2,without_diversity,35,135.8,42.04,317.0,0.551299,0.551299,13,"[75, 87, 18, 1, 82, 86, 3, 44, 76, 12, 7, 92]","[398, 235, 155, 272, 252, 359, 386, 297, 284, 266]","[75, 87, 18, 1, 82, 86, 3, 44, 76, 12, 7, 92, 398, 235, 155, 272, 252, 359, 386, 297, 284, 266]","{""Calcium, Ca"": 1143.5735579999998, ""Copper, Cu"": 1.367976, ""Iron, Fe"": 20.509008299999998, ""Magnesium, Mg"": 385.01491, ""Manganese, Mn"": 7.7689422, ""Phosphorus, P"": 1558.8052528, ""Sodium, Na"": 2480.51187, ""Potassium, K"": 4955.962088, ""Zinc, Zn"": 18.345596999999998, ""Carbohydrate, by difference"": 344.795532, ""Fiber, total dietary"": 26.401942899999998, ""Protein"": 81.40721529999999, ""Energy"": 2727.54395, ""Vitamin A"": 798.41702, ""Vitamin B-6"": 3.0118449999999997, ""Vitamin B-12"": 35.888535999999995, ""Vitamin C, total ascorbic acid"": 278.804742, ""Vitamin D"": 0.37286600000000003, ""Vitamin E (alpha-tocopherol)"": 44.42214, ""Thiamin"": 3.2117090000000004, ""Riboflavin"": 7.0354016999999995, ""Niacin"": 16.2278252, ""Pantothenic acid"": 48.144364, ""Vitamin B-9 Folic acid"": 649.12835, ""Vitamin B-7"": 24.798909999999996, ""Total lipid (fat)"": 122.86856020000002}","{""Calcium, Ca"": [1000.0, 2500.0], ""Copper, Cu"": [0.9, 10.0], ""Iron, Fe"": [18.0, 45.0], ""Magnesium, Mg"": [310.0, 660.0], ""Manganese, Mn"": [1.8, 11.0], ""Phosphorus, P"": [700.0, 4000.0], ""Sodium, Na"": [1500.0, 2300.0], ""Potassium, K"": [4700.0, 10000.0], ""Zinc, Zn"": [8.0, 40.0], ""Carbohydrate, by difference"": [170.0, 300.0], ""Fiber, total dietary"": [20.0, 9999.0], ""Protein"": [40.0, 100.0], ""Energy"": [2000.0, 2400.0], ""Vitamin A"": [700.0, 3000.0], ""Vitamin B-6"": [1.3, 100.0], ""Vitamin B-12"": [2.4, 10000.0], ""Vitamin C, total ascorbic acid"": [75.0, 2000.0], ""Vitamin D"": [600.0, 4000.0], ""Vitamin E (alpha-tocopherol)"": [15.0, 1000.0], ""Thiamin"": [1.1, 10000.0], ""Riboflavin"": [1.1, 10000.0], ""Niacin"": [14.0, 35.0], ""Pantothenic acid"": [5.0, 10000.0], ""Vitamin B-9 Folic acid"": [400.0, 1000.0], ""Vitamin B-7"": [30.0, 10000.0], ""Total lipid (fat)"": [40.0, 120.0]}"
SPEA2,2,without_diversity,36,29.5,8.54,385.0,1.405774,1.405774,5,[33],"[339, 167, 328, 272]","[33, 339, 167, 328, 272]","{""Calcium, Ca"": 554.0450999999999, ""Copper, Cu"": 1.8969821000000002, ""Iron, Fe"": 20.266453000000002, ""Magnesium, Mg"": 389.12816000000004, ""Manganese, Mn"": 7.7208049, ""Phosphorus, P"": 1168.6169999999997, ""Sodium, Na"": 1385.578, ""Potassium, K"": 2462.0447000000004, ""Zinc, Zn"": 10.285659, ""Carbohydrate, by difference"": 337.2344, ""Fiber, total dietary"": 40.449281000000006, ""Protein"": 65.23307, ""Energy"": 2754.856, ""Vitamin A"": 406.22794999999996, ""Vitamin B-6"": 1.2111722, ""Vitamin B-12"": 2.2980029999999996, ""Vitamin C, total ascorbic acid"": 16.89372, ""Vitamin D"": 3.6982521, ""Vitamin E (alpha-tocopherol)"": 24.916280000000004, ""Thiamin"": 4.730462, ""Riboflavin"": 2.7237609999999997, ""Niacin"": 21.995288000000002, ""Pantothenic acid"": 4.787132, ""Vitamin B-9 Folic acid"": 270.21455, ""Vitamin B-7"": 22.779355999999996, ""Total lipid (fat)"": 137.07049}","{""Calcium, Ca"": [1000.0, 2500.0], ""Copper, Cu"": [0.9, 10.0], ""Iron, Fe"": [18.0, 45.0], ""Magnesium, Mg"": [310.0, 660.0], ""Manganese, Mn"": [1.8, 11.0], ""Phosphorus, P"": [700.0, 4000.0], ""Sodium, Na"": [1500.0, 2300.0], ""Potassium, K"": [4700.0, 10000.0], ""Zinc, Zn"": [8.0, 40.0], ""Carbohydrate, by difference"": [170.0, 300.0], ""Fiber, total dietary"": [20.0, 9999.0], ""Protein"": [40.0, 100.0], ""Energy"": [2000.0, 2400.0], ""Vitamin A"": [700.0, 3000.0], ""Vitamin B-6"": [1.3, 100.0], ""Vitamin B-12"": [2.4, 10000.0], ""Vitamin C, total ascorbic acid"": [75.0, 2000.0], ""Vitamin D"": [600.0, 4000.0], ""Vitamin E (alpha-tocopherol)"": [15.0, 1000.0], ""Thiamin"": [1.1, 10000.0], ""Riboflavin"": [1.1, 10000.0], ""Niacin"": [14.0, 35.0], ""Pantothenic acid"": [5.0, 10000.0], ""Vitamin B-9 Folic acid"": [400.0, 1000.0], ""Vitamin B-7"": [30.0, 10000.0], ""Total lipid (fat)"": [40.0, 120.0]}"
SPEA2,2,without_diversity,37,136.9,32.05,437.0,0.575905,0.575905,12,"[18, 1, 82, 46]","[309, 123, 297, 141, 132, 330, 280, 273, 241, 367, 264, 160, 266, 158]","[18, 1, 82, 46, 309, 123, 297, 141, 132, 330, 280, 273, 241, 367, 264, 160, 266, 158]","{""Calcium, Ca"": 1225.76348, ""Copper, Cu"": 1.6340986, ""Iron, Fe"": 17.694277000000003, ""Magnesium, Mg"": 434.81196000000006, ""Manganese, Mn"": 3.4372468, ""Phosphorus, P"": 1385.51204, ""Sodium, Na"": 1833.6657699999998, ""Potassium, K"": 8177.987300000002, ""Zinc, Zn"": 7.952908, ""Carbohydrate, by difference"": 335.35474999999997, ""Fiber, total dietary"": 61.2709859, ""Protein"": 64.164828, ""Energy"": 2719.5220300000005, ""Vitamin A"": 1588.8290399999998, ""Vitamin B-6"": 4.4715821, ""Vitamin B-12"": 32.9579027, ""Vitamin C, total ascorbic acid"": 855.9987620000002, ""Vitamin D"": 0.1940576, ""Vitamin E (alpha-tocopherol)"": 66.92173999999999, ""Thiamin"": 7.559694, ""Riboflavin"": 7.130292, ""Niacin"": 12.3589362, ""Pantothenic acid"": 235.77007720000003, ""Vitamin B-9 Folic acid"": 539.92551, ""Vitamin B-7"": 26.488666999999992, ""Total lipid (fat)"": 137.9417302}","{""Calcium, Ca"": [1000.0, 2500.0], ""Copper, Cu"": [0.9, 10.0], ""Iron, Fe"": [18.0, 45.0], ""Magnesium, Mg"": [310.0, 660.0], ""Manganese, Mn"": [1.8, 11.0], ""Phosphorus, P"": [700.0, 4000.0], ""Sodium, Na"": [1500.0, 2300.0], ""Potassium, K"": [4700.0, 10000.0], ""Zinc, Zn"": [8.0, 40.0], ""Carbohydrate, by difference"": [170.0, 300.0], ""Fiber, total dietary"": [20.0, 9999.0], ""Protein"": [40.0, 100.0], ""Energy"": [2000.0, 2400.0], ""Vitamin A"": [700.0, 3000.0], ""Vitamin B-6"": [1.3, 100.0], ""Vitamin B-12"": [2.4, 10000.0], ""Vitamin C, total ascorbic acid"": [75.0, 2000.0], ""Vitamin D"": [600.0, 4000.0], ""Vitamin E (alpha-tocopherol)"": [15.0, 1000.0], ""Thiamin"": [1.1, 10000.0], ""Riboflavin"": [1.1, 10000.0], ""Niacin"": [14.0, 35.0], ""Pantothenic acid"": [5.0, 10000.0], ""Vitamin B-9 Folic acid"": [400.0, 1000.0], ""Vitamin B-7"": [30.0, 10000.0], ""Total lipid (fat)"": [40.0, 120.0]}"
SPEA2,2,without_diversity,38,136.8,29.64,392.0,0.912373,0.912373,11,"[90, 24, 42, 88, 61, 12, 74]","[132, 330, 280, 285, 273, 241, 109, 182, 112, 376, 336, 147]","[90, 24, 42, 88, 61, 12, 74, 132, 330, 280, 285, 273, 241, 109, 182, 112, 376, 336, 147]","{""Calcium, Ca"": 2026.3039, ""Copper, Cu"": 1.1262551, ""Iron, Fe"": 15.953607, ""Magnesium, Mg"": 443.0495, ""Manganese, Mn"": 1.6874366000000003, ""Phosphorus, P"": 1443.7281, ""Sodium, Na"": 2620.01, ""Potassium, K"": 5522.2607, ""Zinc, Zn"": 7.6371649999999995, ""Carbohydrate, by difference"": 343.14657, ""Fiber, total dietary"": 39.118583, ""Protein"": 89.30052, ""Energy"": 2694.4565, ""Vitamin A"": 1835.51387, ""Vitamin B-6"": 3.6668011000000003, ""Vitamin B-12"": 18.8374567, ""Vitamin C, total ascorbic acid"": 442.72959, ""Vitamin D"": 0.1978268, ""Vitamin E (alpha-tocopherol)"": 43.861729999999994, ""Thiamin"": 6.660956, ""Riboflavin"": 5.2800117, ""Niacin"": 10.460235999999998, ""Pantothenic acid"": 162.0225242, ""Vitamin B-9 Folic acid"": 313.07439999999997, ""Vitamin B-7"": 26.171961, ""Total lipid (fat)"": 135.79692}","{""Calcium, Ca"": [1000.0, 2500.0], ""Copper, Cu"": [0.9, 10.0], ""Iron, Fe"": [18.0, 45.0], ""Magnesium, Mg"": [310.0, 660.0], ""Manganese, Mn"": [1.8, 11.0], ""Phosphorus, P"": [700.0, 4000.0], ""Sodium, Na"": [1500.0, 2300.0], ""Potassium, K"": [4700.0, 10000.0], ""Zinc, Zn"": [8.0, 40.0], ""Carbohydrate, by difference"": [170.0, 300.0], ""Fiber, total dietary"": [20.0, 9999.0], ""Protein"": [40.0, 100.0], ""Energy"": [2000.0, 2400.0], ""Vitamin A"": [700.0, 3000.0], ""Vitamin B-6"": [1.3, 100.0], ""Vitamin B-12"": [2.4, 10000.0], ""Vitamin C, total ascorbic acid"": [75.0, 2000.0], ""Vitamin D"": [600.0, 4000.0], ""Vitamin E (alpha-tocopherol)"": [15.0, 1000.0], ""Thiamin"": [1.1, 10000.0], ""Riboflavin"": [1.1, 10000.0], ""Niacin"": [14.0, 35.0], ""Pantothenic acid"": [5.0, 10000.0], ""Vitamin B-9 Folic acid"": [400.0, 1000.0], ""Vitamin B-7"": [30.0, 10000.0], ""Total lipid (fat)"": [40.0, 120.0]}"
SPEA2,2,without_diversity,39,76.8,22.67,138.0,1.06471,1.06471,7,"[52, 9, 50, 6]","[241, 363, 112, 376, 302, 336, 160, 266]","[52, 9, 50, 6, 241, 363, 112, 376, 302, 336, 160, 266]","{""Calcium, Ca"": 790.22944, ""Copper, Cu"": 1.3754762, ""Iron, Fe"": 14.697161, ""Magnesium, Mg"": 319.05881999999997, ""Manganese, Mn"": 2.7091842, ""Phosphorus, P"": 989.34134, ""Sodium, Na"": 2285.9100000000003, ""Potassium, K"": 4276.984200000001, ""Zinc, Zn"": 15.475721000000002, ""Carbohydrate, by difference"": 326.75160999999997, ""Fiber, total dietary"": 35.990012, ""Protein"": 114.54978199999998, ""Energy"": 2679.60203, ""Vitamin A"": 771.17048, ""Vitamin B-6"": 2.380787, ""Vitamin B-12"": 12.70562, ""Vitamin C, total ascorbic acid"": 227.030002, ""Vitamin D"": 0.7588094, ""Vitamin E (alpha-tocopherol)"": 24.1582, ""Thiamin"": 3.1384700000000008, ""Riboflavin"": 2.3057657, ""Niacin"": 18.9105902, ""Pantothenic acid"": 13.017019999999999, ""Vitamin B-9 Folic acid"": 150.62591, ""Vitamin B-7"": 15.72851, ""Total lipid (fat)"": 137.55230019999996}","{""Calcium, Ca"": [1000.0, 2500.0], ""Copper, Cu"": [0.9, 10.0], ""Iron, Fe"": [18.0, 45.0], ""Magnesium, Mg"": [310.0, 660.0], ""Manganese, Mn"": [1.8, 11.0], ""Phosphorus, P"": [700.0, 4000.0], ""Sodium, Na"": [1500.0, 2300.0], ""Potassium, K"": [4700.0, 10000.0], ""Zinc, Zn"": [8.0, 40.0], ""Carbohydrate, by difference"": [170.0, 300.0], ""Fiber, total dietary"": [20.0, 9999.0], ""Protein"": [40.0, 100.0], ""Energy"": [2000.0, 2400.0], ""Vitamin A"": [700.0, 3000.0], ""Vitamin B-6"": [1.3, 100.0], ""Vitamin B-12"": [2.4, 10000.0], ""Vitamin C, total ascorbic acid"": [75.0, 2000.0], ""Vitamin D"": [600.0, 4000.0], ""Vitamin E (alpha-tocopherol)"": [15.0, 1000.0], ""Thiamin"": [1.1, 10000.0], ""Riboflavin"": [1.1, 10000.0], ""Niacin"": [14.0, 35.0], ""Pantothenic acid"": [5.0, 10000.0], ""Vitamin B-9 Folic acid"": [400.0, 1000.0], ""Vitamin B-7"": [30.0, 10000.0], ""Total lipid (fat)"": [40.0, 120.0]}"
SPEA2,2,without_diversity,40,154.2,36.73,447.0,0.826794,0.826794,11,"[8, 24, 89, 54, 80, 69, 35, 42, 12, 76, 5, 82]","[295, 151, 391, 214, 249, 150, 297, 336, 266, 245]","[8, 24, 89, 54, 80, 69, 35, 42, 12, 76, 5, 82, 295, 151, 391, 214, 249, 150, 297, 336, 266, 245]","{""Calcium, Ca"": 1107.23056, ""Copper, Cu"": 1.282937, ""Iron, Fe"": 14.9811826, ""Magnesium, Mg"": 326.55899, ""Manganese, Mn"": 3.3844103999999997, ""Phosphorus, P"": 1237.6004400000002, ""Sodium, Na"": 2627.2802899999997, ""Potassium, K"": 4618.4448999999995, ""Zinc, Zn"": 8.0776176, ""Carbohydrate, by difference"": 342.196271, ""Fiber, total dietary"": 37.3556955, ""Protein"": 69.67422349999998, ""Energy"": 2692.4727300000004, ""Vitamin A"": 1227.38056, ""Vitamin B-6"": 2.3577619, ""Vitamin B-12"": 13.881915999999999, ""Vitamin C, total ascorbic acid"": 363.05164399999995, ""Vitamin D"": 0.5496676, ""Vitamin E (alpha-tocopherol)"": 63.01528, ""Thiamin"": 11.927280699999997, ""Riboflavin"": 4.7729281, ""Niacin"": 10.6250062, ""Pantothenic acid"": 37.959275, ""Vitamin B-9 Folic acid"": 518.2030100000001, ""Vitamin B-7"": 21.324585999999996, ""Total lipid (fat)"": 136.47219019999997}","{""Calcium, Ca"": [1000.0, 2500.0], ""Copper, Cu"": [0.9, 10.0], ""Iron, Fe"": [18.0, 45.0], ""Magnesium, Mg"": [310.0, 660.0], ""Manganese, Mn"": [1.8, 11.0], ""Phosphorus, P"": [700.0, 4000.0], ""Sodium, Na"": [1500.0, 2300.0], ""Potassium, K"": [4700.0, 10000.0], ""Zinc, Zn"": [8.0, 40.0], ""Carbohydrate, by difference"": [170.0, 300.0], ""Fiber, total dietary"": [20.0, 9999.0], ""Protein"": [40.0, 100.0], ""Energy"": [2000.0, 2400.0], ""Vitamin A"": [700.0, 3000.0], ""Vitamin B-6"": [1.3, 100.0], ""Vitamin B-12"": [2.4, 10000.0], ""Vitamin C, total ascorbic acid"": [75.0, 2000.0], ""Vitamin D"": [600.0, 4000.0], ""Vitamin E (alpha-tocopherol)"": [15.0, 1000.0], ""Thiamin"": [1.1, 10000.0], ""Riboflavin"": [1.1, 10000.0], ""Niacin"": [14.0, 35.0], ""Pantothenic acid"": [5.0, 10000.0], ""Vitamin B-9 Folic acid"": [400.0, 1000.0], ""Vitamin B-7"": [30.0, 10000.0], ""Total lipid (fat)"": [40.0, 120.0]}"
SPEA2,2,without_diversity,41,148.6,23.99,515.0,0.782383,0.782383,12,"[86, 43, 71, 44, 76, 4, 8]","[129, 150, 393, 313, 309, 330, 248, 208, 245, 139, 343, 336, 266]","[86, 43, 71, 44, 76, 4, 8, 129, 150, 393, 313, 309, 330, 248, 208, 245, 139, 343, 336, 266]","{""Calcium, Ca"": 757.2524800000001, ""Copper, Cu"": 2.0563401000000003, ""Iron, Fe"": 16.967883999999998, ""Magnesium, Mg"": 484.39892, ""Manganese, Mn"": 8.8134462, ""Phosphorus, P"": 1382.5286400000002, ""Sodium, Na"": 2218.2024, ""Potassium, K"": 6375.0942, ""Zinc, Zn"": 14.950588000000002, ""Carbohydrate, by difference"": 337.168471, ""Fiber, total dietary"": 38.132746, ""Protein"": 60.109685999999996, ""Energy"": 2753.0783300000003, ""Vitamin A"": 1815.7967800000001, ""Vitamin B-6"": 6.2317781000000005, ""Vitamin B-12"": 23.18604, ""Vitamin C, total ascorbic acid"": 639.615072, ""Vitamin D"": 0.07843, ""Vitamin E (alpha-tocopherol)"": 53.431729999999995, ""Thiamin"": 2.830785400000001, ""Riboflavin"": 14.319367199999997, ""Niacin"": 10.9258662, ""Pantothenic acid"": 208.25820199999998, ""Vitamin B-9 Folic acid"": 482.89000999999996, ""Vitamin B-7"": 34.525504, ""Total lipid (fat)"": 137.54014019999997}","{""Calcium, Ca"": [1000.0, 2500.0], ""Copper, Cu"": [0.9, 10.0], ""Iron, Fe"": [18.0, 45.0], ""Magnesium, Mg"": [310.0, 660.0], ""Manganese, Mn"": [1.8, 11.0], ""Phosphorus, P"": [700.0, 4000.0], ""Sodium, Na"": [1500.0, 2300.0], ""Potassium, K"": [4700.0, 10000.0], ""Zinc, Zn"": [8.0, 40.0], ""Carbohydrate, by difference"": [170.0, 300.0], ""Fiber, total dietary"": [20.0, 9999.0], ""Protein"": [40.0, 100.0], ""Energy"": [2000.0, 2400.0], ""Vitamin A"": [700.0, 3000.0], ""Vitamin B-6"": [1.3, 100.0], ""Vitamin B-12"": [2.4, 10000.0], ""Vitamin C, total ascorbic acid"": [75.0, 2000.0], ""Vitamin D"": [600.0, 4000.0], ""Vitamin E (alpha-tocopherol)"": [15.0, 1000.0], ""Thiamin"": [1.1, 10000.0], ""Riboflavin"": [1.1, 10000.0], ""Niacin"": [14.0, 35.0], ""Pantothenic acid"": [5.0, 10000.0], ""Vitamin B-9 Folic acid"": [400.0, 1000.0], ""Vitamin B-7"": [30.0, 10000.0], ""Total lipid (fat)"": [40.0, 120.0]}"
SPEA2,2,without_diversity,42,190.1,32.95,517.0,0.581799,0.581799,12,"[8, 24, 89, 54, 80, 69, 35, 42, 12, 76, 5, 82]","[313, 309, 123, 297, 141, 132, 330, 280, 273, 334, 336, 266]","[8, 24, 89, 54, 80, 69, 35, 42, 12, 76, 5, 82, 313, 309, 123, 297, 141, 132, 330, 280, 273, 334, 336, 266]","{""Calcium, Ca"": 1117.8978599999998, ""Copper, Cu"": 1.8245186, ""Iron, Fe"": 17.2310156, ""Magnesium, Mg"": 404.54309, ""Manganese, Mn"": 2.903799, ""Phosphorus, P"": 1258.37314, ""Sodium, Na"": 1893.1377899999998, ""Potassium, K"": 6998.1158000000005, ""Zinc, Zn"": 7.5633886, ""Carbohydrate, by difference"": 343.592461, ""Fiber, total dietary"": 52.7033285, ""Protein"": 54.92883350000001, ""Energy"": 2659.5833300000004, ""Vitamin A"": 1563.1782799999999, ""Vitamin B-6"": 4.9379941, ""Vitamin B-12"": 33.6201627, ""Vitamin C, total ascorbic acid"": 508.87695399999996, ""Vitamin D"": 0.099476, ""Vitamin E (alpha-tocopherol)"": 56.31300999999999, ""Thiamin"": 5.377129000000001, ""Riboflavin"": 17.9502521, ""Niacin"": 11.837731200000002, ""Pantothenic acid"": 303.1684182, ""Vitamin B-9 Folic acid"": 557.50571, ""Vitamin B-7"": 26.876457, ""Total lipid (fat)"": 136.3259102}","{""Calcium, Ca"": [1000.0, 2500.0], ""Copper, Cu"": [0.9, 10.0], ""Iron, Fe"": [18.0, 45.0], ""Magnesium, Mg"": [310.0, 660.0], ""Manganese, Mn"": [1.8, 11.0], ""Phosphorus, P"": [700.0, 4000.0], ""Sodium, Na"": [1500.0, 2300.0], ""Potassium, K"": [4700.0, 10000.0], ""Zinc, Zn"": [8.0, 40.0], ""Carbohydrate, by difference"": [170.0, 300.0], ""Fiber, total dietary"": [20.0, 9999.0], ""Protein"": [40.0, 100.0], ""Energy"": [2000.0, 2400.0], ""Vitamin A"": [700.0, 3000.0], ""Vitamin B-6"": [1.3, 100.0], ""Vitamin B-12"": [2.4, 10000.0], ""Vitamin C, total ascorbic acid"": [75.0, 2000.0], ""Vitamin D"": [600.0, 4000.0], ""Vitamin E (alpha-tocopherol)"": [15.0, 1000.0], ""Thiamin"": [1.1, 10000.0], ""Riboflavin"": [1.1, 10000.0], ""Niacin"": [14.0, 35.0], ""Pantothenic acid"": [5.0, 10000.0], ""Vitamin B-9 Folic acid"": [400.0, 1000.0], ""Vitamin B-7"": [30.0, 10000.0], ""Total lipid (fat)"": [40.0, 120.0]}"
SPEA2,2,without_diversity,43,116.2,25.62,407.0,0.709993,0.709993,8,"[18, 1, 82, 46]","[391, 150, 393, 313, 309, 330, 245, 302, 336, 312, 266]","[18, 1, 82, 46, 391, 150, 393, 313, 309, 330, 245, 302, 336, 312, 266]","{""Calcium, Ca"": 1111.18478, ""Copper, Cu"": 1.7305289000000001, ""Iron, Fe"": 14.562586, ""Magnesium, Mg"": 492.50632, ""Manganese, Mn"": 4.7858581000000004, ""Phosphorus, P"": 1299.98044, ""Sodium, Na"": 2216.3036700000002, ""Potassium, K"": 7534.259200000001, ""Zinc, Zn"": 8.311445, ""Carbohydrate, by difference"": 342.39587, ""Fiber, total dietary"": 53.59103290000001, ""Protein"": 66.98038799999999, ""Energy"": 2739.0061300000007, ""Vitamin A"": 1605.9561599999997, ""Vitamin B-6"": 5.6229351, ""Vitamin B-12"": 38.1552335, ""Vitamin C, total ascorbic acid"": 714.5346920000001, ""Vitamin D"": 0.6399752, ""Vitamin E (alpha-tocopherol)"": 64.0505635, ""Thiamin"": 12.8033977, ""Riboflavin"": 16.584430599999997, ""Niacin"": 11.603593199999999, ""Pantothenic acid"": 223.527759, ""Vitamin B-9 Folic acid"": 602.0246099999999, ""Vitamin B-7"": 38.801663000000005, ""Total lipid (fat)"": 137.4681802}","{""Calcium, Ca"": [1000.0, 2500.0], ""Copper, Cu"": [0.9, 10.0], ""Iron, Fe"": [18.0, 45.0], ""Magnesium, Mg"": [310.0, 660.0], ""Manganese, Mn"": [1.8, 11.0], ""Phosphorus, P"": [700.0, 4000.0], ""Sodium, Na"": [1500.0, 2300.0], ""Potassium, K"": [4700.0, 10000.0], ""Zinc, Zn"": [8.0, 40.0], ""Carbohydrate, by difference"": [170.0, 300.0], ""Fiber, total dietary"": [20.0, 9999.0], ""Protein"": [40.0, 100.0], ""Energy"": [2000.0, 2400.0], ""Vitamin A"": [700.0, 3000.0], ""Vitamin B-6"": [1.3, 100.0], ""Vitamin B-12"": [2.4, 10000.0], ""Vitamin C, total ascorbic acid"": [75.0, 2000.0], ""Vitamin D"": [600.0, 4000.0], ""Vitamin E (alpha-tocopherol)"": [15.0, 1000.0], ""Thiamin"": [1.1, 10000.0], ""Riboflavin"": [1.1, 10000.0], ""Niacin"": [14.0, 35.0], ""Pantothenic acid"": [5.0, 10000.0], ""Vitamin B-9 Folic acid"": [400.0, 1000.0], ""Vitamin B-7"": [30.0, 10000.0], ""Total lipid (fat)"": [40.0, 120.0]}"
SPEA2,2,without_diversity,44,88.7,30.7,133.0,1.009434,1.009434,9,"[84, 34, 61, 18, 50]","[118, 160, 265, 375, 245, 376, 266, 336]","[84, 34, 61, 18, 50, 118, 160, 265, 375, 245, 376, 266, 336]","{""Calcium, Ca"": 847.4585399999999, ""Copper, Cu"": 2.0307092, ""Iron, Fe"": 20.143830999999995, ""Magnesium, Mg"": 281.53671999999995, ""Manganese, Mn"": 2.1414232, ""Phosphorus, P"": 1234.0007400000002, ""Sodium, Na"": 2530.718, ""Potassium, K"": 5626.492200000001, ""Zinc, Zn"": 18.824611, ""Carbohydrate, by difference"": 337.3239300000001, ""Fiber, total dietary"": 34.965442, ""Protein"": 110.57714199999998, ""Energy"": 2699.25373, ""Vitamin A"": 752.56137, ""Vitamin B-6"": 3.00131, ""Vitamin B-12"": 12.7554, ""Vitamin C, total ascorbic acid"": 528.640702, ""Vitamin D"": 0.028363, ""Vitamin E (alpha-tocopherol)"": 26.81409, ""Thiamin"": 4.33373, ""Riboflavin"": 2.4693787, ""Niacin"": 21.578050200000003, ""Pantothenic acid"": 13.889499999999998, ""Vitamin B-9 Folic acid"": 190.03461000000001, ""Vitamin B-7"": 6.62861, ""Total lipid (fat)"": 136.32527019999998}","{""Calcium, Ca"": [1000.0, 2500.0], ""Copper, Cu"": [0.9, 10.0], ""Iron, Fe"": [18.0, 45.0], ""Magnesium, Mg"": [310.0, 660.0], ""Manganese, Mn"": [1.8, 11.0], ""Phosphorus, P"": [700.0, 4000.0], ""Sodium, Na"": [1500.0, 2300.0], ""Potassium, K"": [4700.0, 10000.0], ""Zinc, Zn"": [8.0, 40.0], ""Carbohydrate, by difference"": [170.0, 300.0], ""Fiber, total dietary"": [20.0, 9999.0], ""Protein"": [40.0, 100.0], ""Energy"": [2000.0, 2400.0], ""Vitamin A"": [700.0, 3000.0], ""Vitamin B-6"": [1.3, 100.0], ""Vitamin B-12"": [2.4, 10000.0], ""Vitamin C, total ascorbic acid"": [75.0, 2000.0], ""Vitamin D"": [600.0, 4000.0], ""Vitamin E (alpha-tocopherol)"": [15.0, 1000.0], ""Thiamin"": [1.1, 10000.0], ""Riboflavin"": [1.1, 10000.0], ""Niacin"": [14.0, 35.0], ""Pantothenic acid"": [5.0, 10000.0], ""Vitamin B-9 Folic acid"": [400.0, 1000.0], ""Vitamin B-7"": [30.0, 10000.0], ""Total lipid (fat)"": [40.0, 120.0]}"
SPEA2,2,without_diversity,45,56.5,10.83,530.0,1.280009,1.280009,7,"[43, 71, 56]","[280, 273, 241, 109, 182, 134]","[43, 71, 56, 280, 273, 241, 109, 182, 134]","{""Calcium, Ca"": 800.4277, ""Copper, Cu"": 1.1079141000000001, ""Iron, Fe"": 8.99879, ""Magnesium, Mg"": 275.676, ""Manganese, Mn"": 4.7632966, ""Phosphorus, P"": 933.2027999999999, ""Sodium, Na"": 1687.28, ""Potassium, K"": 3703.4451000000004, ""Zinc, Zn"": 6.545928, ""Carbohydrate, by difference"": 250.19495, ""Fiber, total dietary"": 22.250612999999998, ""Protein"": 48.280010000000004, ""Energy"": 2365.8669999999997, ""Vitamin A"": 87.40743, ""Vitamin B-6"": 2.0755874, ""Vitamin B-12"": 24.259836699999997, ""Vitamin C, total ascorbic acid"": 146.45249, ""Vitamin D"": 0.1479868, ""Vitamin E (alpha-tocopherol)"": 42.88779, ""Thiamin"": 5.820536, ""Riboflavin"": 13.904464899999997, ""Niacin"": 7.865716, ""Pantothenic acid"": 81.6603632, ""Vitamin B-9 Folic acid"": 280.7977, ""Vitamin B-7"": 23.310631, ""Total lipid (fat)"": 137.99429999999998}","{""Calcium, Ca"": [1000.0, 2500.0], ""Copper, Cu"": [0.9, 10.0], ""Iron, Fe"": [18.0, 45.0], ""Magnesium, Mg"": [310.0, 660.0], ""Manganese, Mn"": [1.8, 11.0], ""Phosphorus, P"": [700.0, 4000.0], ""Sodium, Na"": [1500.0, 2300.0], ""Potassium, K"": [4700.0, 10000.0], ""Zinc, Zn"": [8.0, 40.0], ""Carbohydrate, by difference"": [170.0, 300.0], ""Fiber, total dietary"": [20.0, 9999.0], ""Protein"": [40.0, 100.0], ""Energy"": [2000.0, 2400.0], ""Vitamin A"": [700.0, 3000.0], ""Vitamin B-6"": [1.3, 100.0], ""Vitamin B-12"": [2.4, 10000.0], ""Vitamin C, total ascorbic acid"": [75.0, 2000.0], ""Vitamin D"": [600.0, 4000.0], ""Vitamin E (alpha-tocopherol)"": [15.0, 1000.0], ""Thiamin"": [1.1, 10000.0], ""Riboflavin"": [1.1, 10000.0], ""Niacin"": [14.0, 35.0], ""Pantothenic acid"": [5.0, 10000.0], ""Vitamin B-9 Folic acid"": [400.0, 1000.0], ""Vitamin B-7"": [30.0, 10000.0], ""Total lipid (fat)"": [40.0, 120.0]}"
SPEA2,2,without_diversity,46,117.5,32.98,227.0,1.578396,1.578396,11,"[75, 87, 18, 1, 82, 86, 3, 44, 76, 12, 7, 92]","[339, 252, 386, 284, 266, 336]","[75, 87, 18, 1, 82, 86, 3, 44, 76, 12, 7, 92, 339, 252, 386, 284, 266, 336]","{""Calcium, Ca"": 882.2471580000001, ""Copper, Cu"": 0.9151502, ""Iron, Fe"": 12.2327943, ""Magnesium, Mg"": 206.06597, ""Manganese, Mn"": 7.510797199999999, ""Phosphorus, P"": 578.3264527999999, ""Sodium, Na"": 1879.7097700000002, ""Potassium, K"": 3274.061388, ""Zinc, Zn"": 4.337441000000001, ""Carbohydrate, by difference"": 344.29151199999995, ""Fiber, total dietary"": 20.6965129, ""Protein"": 32.8673153, ""Energy"": 2652.2364500000003, ""Vitamin A"": 957.75026, ""Vitamin B-6"": 0.859165, ""Vitamin B-12"": 20.696216, ""Vitamin C, total ascorbic acid"": 188.09302199999996, ""Vitamin D"": 3.1785590000000004, ""Vitamin E (alpha-tocopherol)"": 25.197249999999997, ""Thiamin"": 2.035475, ""Riboflavin"": 3.6941287, ""Niacin"": 7.0269702, ""Pantothenic acid"": 25.862744, ""Vitamin B-9 Folic acid"": 326.95821, ""Vitamin B-7"": 11.557260000000001, ""Total lipid (fat)"": 133.93272019999998}","{""Calcium, Ca"": [1000.0, 2500.0], ""Copper, Cu"": [0.9, 10.0], ""Iron, Fe"": [18.0, 45.0], ""Magnesium, Mg"": [310.0, 660.0], ""Manganese, Mn"": [1.8, 11.0], ""Phosphorus, P"": [700.0, 4000.0], ""Sodium, Na"": [1500.0, 2300.0], ""Potassium, K"": [4700.0, 10000.0], ""Zinc, Zn"": [8.0, 40.0], ""Carbohydrate, by difference"": [170.0, 300.0], ""Fiber, total dietary"": [20.0, 9999.0], ""Protein"": [40.0, 100.0], ""Energy"": [2000.0, 2400.0], ""Vitamin A"": [700.0, 3000.0], ""Vitamin B-6"": [1.3, 100.0], ""Vitamin B-12"": [2.4, 10000.0], ""Vitamin C, total ascorbic acid"": [75.0, 2000.0], ""Vitamin D"": [600.0, 4000.0], ""Vitamin E (alpha-tocopherol)"": [15.0, 1000.0], ""Thiamin"": [1.1, 10000.0], ""Riboflavin"": [1.1, 10000.0], ""Niacin"": [14.0, 35.0], ""Pantothenic acid"": [5.0, 10000.0], ""Vitamin B-9 Folic acid"": [400.0, 1000.0], ""Vitamin B-7"": [30.0, 10000.0], ""Total lipid (fat)"": [40.0, 120.0]}"
SPEA2,2,without_diversity,47,45.5,24.4,133.0,0.730221,0.730221,9,"[51, 79, 36, 18, 94]","[222, 156, 331, 300, 245, 266]","[51, 79, 36, 18, 94, 222, 156, 331, 300, 245, 266]","{""Calcium, Ca"": 1080.9930399999998, ""Copper, Cu"": 1.2721282, ""Iron, Fe"": 14.845021, ""Magnesium, Mg"": 361.42612, ""Manganese, Mn"": 4.3091501999999995, ""Phosphorus, P"": 1488.62524, ""Sodium, Na"": 2000.75, ""Potassium, K"": 4557.5462, ""Zinc, Zn"": 18.684511, ""Carbohydrate, by difference"": 256.78431, ""Fiber, total dietary"": 18.470982, ""Protein"": 106.415522, ""Energy"": 2757.69103, ""Vitamin A"": 1136.7174, ""Vitamin B-6"": 3.23867, ""Vitamin B-12"": 13.397644000000001, ""Vitamin C, total ascorbic acid"": 302.843332, ""Vitamin D"": 0.4745065, ""Vitamin E (alpha-tocopherol)"": 21.14103, ""Thiamin"": 6.539611, ""Riboflavin"": 3.7598167, ""Niacin"": 16.0110502, ""Pantothenic acid"": 23.34378, ""Vitamin B-9 Folic acid"": 255.93721, ""Vitamin B-7"": 21.77769, ""Total lipid (fat)"": 129.8868402}","{""Calcium, Ca"": [1000.0, 2500.0], ""Copper, Cu"": [0.9, 10.0], ""Iron, Fe"": [18.0, 45.0], ""Magnesium, Mg"": [310.0, 660.0], ""Manganese, Mn"": [1.8, 11.0], ""Phosphorus, P"": [700.0, 4000.0], ""Sodium, Na"": [1500.0, 2300.0], ""Potassium, K"": [4700.0, 10000.0], ""Zinc, Zn"": [8.0, 40.0], ""Carbohydrate, by difference"": [170.0, 300.0], ""Fiber, total dietary"": [20.0, 9999.0], ""Protein"": [40.0, 100.0], ""Energy"": [2000.0, 2400.0], ""Vitamin A"": [700.0, 3000.0], ""Vitamin B-6"": [1.3, 100.0], ""Vitamin B-12"": [2.4, 10000.0], ""Vitamin C, total ascorbic acid"": [75.0, 2000.0], ""Vitamin D"": [600.0, 4000.0], ""Vitamin E (alpha-tocopherol)"": [15.0, 1000.0], ""Thiamin"": [1.1, 10000.0], ""Riboflavin"": [1.1, 10000.0], ""Niacin"": [14.0, 35.0], ""Pantothenic acid"": [5.0, 10000.0], ""Vitamin B-9 Folic acid"": [400.0, 1000.0], ""Vitamin B-7"": [30.0, 10000.0], ""Total lipid (fat)"": [40.0, 120.0]}"
SPEA2,2,without_diversity,48,32.4,16.6,138.0,1.260481,1.260481,6,"[79, 36, 50]","[342, 141, 210, 158, 266]","[79, 36, 50, 342, 141, 210, 158, 266]","{""Calcium, Ca"": 731.5840400000001, ""Copper, Cu"": 0.8057602, ""Iron, Fe"": 12.824020999999998, ""Magnesium, Mg"": 158.76062, ""Manganese, Mn"": 1.1052411999999998, ""Phosphorus, P"": 878.1970399999999, ""Sodium, Na"": 2064.9642999999996, ""Potassium, K"": 3269.5432000000005, ""Zinc, Zn"": 11.734601, ""Carbohydrate, by difference"": 216.84851, ""Fiber, total dietary"": 30.869102, ""Protein"": 80.045602, ""Energy"": 2265.6310300000005, ""Vitamin A"": 931.7900999999999, ""Vitamin B-6"": 2.021062, ""Vitamin B-12"": 6.777876, ""Vitamin C, total ascorbic acid"": 121.23960199999999, ""Vitamin D"": 0.534998, ""Vitamin E (alpha-tocopherol)"": 24.673090000000002, ""Thiamin"": 5.7733, ""Riboflavin"": 1.8687027000000003, ""Niacin"": 14.2183842, ""Pantothenic acid"": 13.06854, ""Vitamin B-9 Folic acid"": 179.17641000000003, ""Vitamin B-7"": 15.90791, ""Total lipid (fat)"": 137.9930802}","{""Calcium, Ca"": [1000.0, 2500.0], ""Copper, Cu"": [0.9, 10.0], ""Iron, Fe"": [18.0, 45.0], ""Magnesium, Mg"": [310.0, 660.0], ""Manganese, Mn"": [1.8, 11.0], ""Phosphorus, P"": [700.0, 4000.0], ""Sodium, Na"": [1500.0, 2300.0], ""Potassium, K"": [4700.0, 10000.0], ""Zinc, Zn"": [8.0, 40.0], ""Carbohydrate, by difference"": [170.0, 300.0], ""Fiber, total dietary"": [20.0, 9999.0], ""Protein"": [40.0, 100.0], ""Energy"": [2000.0, 2400.0], ""Vitamin A"": [700.0, 3000.0], ""Vitamin B-6"": [1.3, 100.0], ""Vitamin B-12"": [2.4, 10000.0], ""Vitamin C, total ascorbic acid"": [75.0, 2000.0], ""Vitamin D"": [600.0, 4000.0], ""Vitamin E (alpha-tocopherol)"": [15.0, 1000.0], ""Thiamin"": [1.1, 10000.0], ""Riboflavin"": [1.1, 10000.0], ""Niacin"": [14.0, 35.0], ""Pantothenic acid"": [5.0, 10000.0], ""Vitamin B-9 Folic acid"": [400.0, 1000.0], ""Vitamin B-7"": [30.0, 10000.0], ""Total lipid (fat)"": [40.0, 120.0]}"
SPEA2,2,without_diversity,49,119.6,28.01,295.0,0.781489,0.781489,12,"[8, 24, 42, 88, 12, 74, 92, 17, 54]","[210, 132, 330, 280, 285, 376, 155, 336, 266]","[8, 24, 42, 88, 12, 74, 92, 17, 54, 210, 132, 330, 280, 285, 376, 155, 336, 266]","{""Calcium, Ca"": 1148.5235399999997, ""Copper, Cu"": 1.5234582, ""Iron, Fe"": 17.879311, ""Magnesium, Mg"": 404.32102, ""Manganese, Mn"": 1.5618012000000001, ""Phosphorus, P"": 1395.98174, ""Sodium, Na"": 2544.776, ""Potassium, K"": 5159.2318000000005, ""Zinc, Zn"": 14.734101, ""Carbohydrate, by difference"": 316.700781, ""Fiber, total dietary"": 33.627392, ""Protein"": 94.05767199999998, ""Energy"": 2721.42115, ""Vitamin A"": 1614.9392, ""Vitamin B-6"": 4.39228, ""Vitamin B-12"": 21.23146, ""Vitamin C, total ascorbic acid"": 392.99740199999997, ""Vitamin D"": 0.5743940000000001, ""Vitamin E (alpha-tocopherol)"": 29.262849999999997, ""Thiamin"": 3.9508000000000005, ""Riboflavin"": 5.322330699999999, ""Niacin"": 15.865350200000002, ""Pantothenic acid"": 162.18289, ""Vitamin B-9 Folic acid"": 230.45871, ""Vitamin B-7"": 16.58031, ""Total lipid (fat)"": 137.78326019999997}","{""Calcium, Ca"": [1000.0, 2500.0], ""Copper, Cu"": [0.9, 10.0], ""Iron, Fe"": [18.0, 45.0], ""Magnesium, Mg"": [310.0, 660.0], ""Manganese, Mn"": [1.8, 11.0], ""Phosphorus, P"": [700.0, 4000.0], ""Sodium, Na"": [1500.0, 2300.0], ""Potassium, K"": [4700.0, 10000.0], ""Zinc, Zn"": [8.0, 40.0], ""Carbohydrate, by difference"": [170.0, 300.0], ""Fiber, total dietary"": [20.0, 9999.0], ""Protein"": [40.0, 100.0], ""Energy"": [2000.0, 2400.0], ""Vitamin A"": [700.0, 3000.0], ""Vitamin B-6"": [1.3, 100.0], ""Vitamin B-12"": [2.4, 10000.0], ""Vitamin C, total ascorbic acid"": [75.0, 2000.0], ""Vitamin D"": [600.0, 4000.0], ""Vitamin E (alpha-tocopherol)"": [15.0, 1000.0], ""Thiamin"": [1.1, 10000.0], ""Riboflavin"": [1.1, 10000.0], ""Niacin"": [14.0, 35.0], ""Pantothenic acid"": [5.0, 10000.0], ""Vitamin B-9 Folic acid"": [400.0, 1000.0], ""Vitamin B-7"": [30.0, 10000.0], ""Total lipid (fat)"": [40.0, 120.0]}"
SPEA2,2,without_diversity,50,78.2,13.64,315.0,1.428778,1.428778,10,"[90, 76, 54, 93, 86, 8, 43]","[339, 197, 252, 336, 266, 245]","[90, 76, 54, 93, 86, 8, 43, 339, 197, 252, 336, 266, 245]","{""Calcium, Ca"": 812.80218, ""Copper, Cu"": 1.1730182, ""Iron, Fe"": 11.021296, ""Magnesium, Mg"": 233.45332000000002, ""Manganese, Mn"": 7.3930592, ""Phosphorus, P"": 864.2611399999998, ""Sodium, Na"": 1760.527, ""Potassium, K"": 3147.8522000000003, ""Zinc, Zn"": 6.365951, ""Carbohydrate, by difference"": 295.11427100000003, ""Fiber, total dietary"": 15.552222, ""Protein"": 50.409296, ""Energy"": 2440.18013, ""Vitamin A"": 947.18397, ""Vitamin B-6"": 1.384455, ""Vitamin B-12"": 7.70511, ""Vitamin C, total ascorbic acid"": 76.425204, ""Vitamin D"": 3.1916793, ""Vitamin E (alpha-tocopherol)"": 16.56129, ""Thiamin"": 3.49765, ""Riboflavin"": 2.3960646999999997, ""Niacin"": 5.9237622, ""Pantothenic acid"": 15.437640000000002, ""Vitamin B-9 Folic acid"": 163.76201, ""Vitamin B-7"": 14.095565, ""Total lipid (fat)"": 137.97228019999997}","{""Calcium, Ca"": [1000.0, 2500.0], ""Copper, Cu"": [0.9, 10.0], ""Iron, Fe"": [18.0, 45.0], ""Magnesium, Mg"": [310.0, 660.0], ""Manganese, Mn"": [1.8, 11.0], ""Phosphorus, P"": [700.0, 4000.0], ""Sodium, Na"": [1500.0, 2300.0], ""Potassium, K"": [4700.0, 10000.0], ""Zinc, Zn"": [8.0, 40.0], ""Carbohydrate, by difference"": [170.0, 300.0], ""Fiber, total dietary"": [20.0, 9999.0], ""Protein"": [40.0, 100.0], ""Energy"": [2000.0, 2400.0], ""Vitamin A"": [700.0, 3000.0], ""Vitamin B-6"": [1.3, 100.0], ""Vitamin B-12"": [2.4, 10000.0], ""Vitamin C, total ascorbic acid"": [75.0, 2000.0], ""Vitamin D"": [600.0, 4000.0], ""Vitamin E (alpha-tocopherol)"": [15.0, 1000.0], ""Thiamin"": [1.1, 10000.0], ""Riboflavin"": [1.1, 10000.0], ""Niacin"": [14.0, 35.0], ""Pantothenic acid"": [5.0, 10000.0], ""Vitamin B-9 Folic acid"": [400.0, 1000.0], ""Vitamin B-7"": [30.0, 10000.0], ""Total lipid (fat)"": [40.0, 120.0]}"
NSGA-II,2,without_diversity,1,171.2,38.49,724.0,0.76757,0.76757,12,"[44, 26, 7, 55, 61, 91, 89, 82, 2, 18]","[96, 303, 181, 195, 137, 177, 214, 361, 139, 147]","[44, 26, 7, 55, 61, 91, 89, 82, 2, 18, 96, 303, 181, 195, 137, 177, 214, 361, 139, 147]","{""Calcium, Ca"": 1306.0737900000001, ""Copper, Cu"": 2.3074513999999997, ""Iron, Fe"": 24.957671800000004, ""Magnesium, Mg"": 439.93240000000003, ""Manganese, Mn"": 6.8828510000000005, ""Phosphorus, P"": 1470.4359, ""Sodium, Na"": 2641.04747, ""Potassium, K"": 6264.067, ""Zinc, Zn"": 11.919351, ""Carbohydrate, by difference"": 342.95425, ""Fiber, total dietary"": 45.219594900000004, ""Protein"": 87.089726, ""Energy"": 2744.2445999999995, ""Vitamin A"": 354.99641999999994, ""Vitamin B-6"": 3.610197, ""Vitamin B-12"": 11.946826, ""Vitamin C, total ascorbic acid"": 575.965464, ""Vitamin D"": 0.2409672, ""Vitamin E (alpha-tocopherol)"": 47.765420000000006, ""Thiamin"": 8.068997000000001, ""Riboflavin"": 3.9865855000000003, ""Niacin"": 13.864844, ""Pantothenic acid"": 29.113675100000002, ""Vitamin B-9 Folic acid"": 568.7079000000001, ""Vitamin B-7"": 24.185298000000003, ""Total lipid (fat)"": 133.05969000000002}","{""Calcium, Ca"": [1000.0, 2500.0], ""Copper, Cu"": [0.9, 10.0], ""Iron, Fe"": [18.0, 45.0], ""Magnesium, Mg"": [310.0, 660.0], ""Manganese, Mn"": [1.8, 11.0], ""Phosphorus, P"": [700.0, 4000.0], ""Sodium, Na"": [1500.0, 2300.0], ""Potassium, K"": [4700.0, 10000.0], ""Zinc, Zn"": [8.0, 40.0], ""Carbohydrate, by difference"": [170.0, 300.0], ""Fiber, total dietary"": [20.0, 9999.0], ""Protein"": [40.0, 100.0], ""Energy"": [2000.0, 2400.0], ""Vitamin A"": [700.0, 3000.0], ""Vitamin B-6"": [1.3, 100.0], ""Vitamin B-12"": [2.4, 10000.0], ""Vitamin C, total ascorbic acid"": [75.0, 2000.0], ""Vitamin D"": [600.0, 4000.0], ""Vitamin E (alpha-tocopherol)"": [15.0, 1000.0], ""Thiamin"": [1.1, 10000.0], ""Riboflavin"": [1.1, 10000.0], ""Niacin"": [14.0, 35.0], ""Pantothenic acid"": [5.0, 10000.0], ""Vitamin B-9 Folic acid"": [400.0, 1000.0], ""Vitamin B-7"": [30.0, 10000.0], ""Total lipid (fat)"": [40.0, 120.0]}"
NSGA-II,2,without_diversity,2,12.7,15.43,325.0,1.529302,1.529302,6,"[31, 71]","[399, 345, 248, 369, 266]","[31, 71, 399, 345, 248, 369, 266]","{""Calcium, Ca"": 444.15764, ""Copper, Cu"": 1.3335983999999999, ""Iron, Fe"": 9.798656999999999, ""Magnesium, Mg"": 260.32003000000003, ""Manganese, Mn"": 1.0364172, ""Phosphorus, P"": 1102.76384, ""Sodium, Na"": 1349.339, ""Potassium, K"": 3388.5816, ""Zinc, Zn"": 7.596101999999999, ""Carbohydrate, by difference"": 182.99059, ""Fiber, total dietary"": 15.721352, ""Protein"": 112.946182, ""Energy"": 2371.61803, ""Vitamin A"": 11.545433899999999, ""Vitamin B-6"": 3.3652619, ""Vitamin B-12"": 9.510777, ""Vitamin C, total ascorbic acid"": 103.305732, ""Vitamin D"": 0.1031656, ""Vitamin E (alpha-tocopherol)"": 80.94709, ""Thiamin"": 47.00116, ""Riboflavin"": 2.3946796999999997, ""Niacin"": 36.0322952, ""Pantothenic acid"": 18.78195, ""Vitamin B-9 Folic acid"": 310.2779, ""Vitamin B-7"": 15.600928999999999, ""Total lipid (fat)"": 137.9867202}","{""Calcium, Ca"": [1000.0, 2500.0], ""Copper, Cu"": [0.9, 10.0], ""Iron, Fe"": [18.0, 45.0], ""Magnesium, Mg"": [310.0, 660.0], ""Manganese, Mn"": [1.8, 11.0], ""Phosphorus, P"": [700.0, 4000.0], ""Sodium, Na"": [1500.0, 2300.0], ""Potassium, K"": [4700.0, 10000.0], ""Zinc, Zn"": [8.0, 40.0], ""Carbohydrate, by difference"": [170.0, 300.0], ""Fiber, total dietary"": [20.0, 9999.0], ""Protein"": [40.0, 100.0], ""Energy"": [2000.0, 2400.0], ""Vitamin A"": [700.0, 3000.0], ""Vitamin B-6"": [1.3, 100.0], ""Vitamin B-12"": [2.4, 10000.0], ""Vitamin C, total ascorbic acid"": [75.0, 2000.0], ""Vitamin D"": [600.0, 4000.0], ""Vitamin E (alpha-tocopherol)"": [15.0, 1000.0], ""Thiamin"": [1.1, 10000.0], ""Riboflavin"": [1.1, 10000.0], ""Niacin"": [14.0, 35.0], ""Pantothenic acid"": [5.0, 10000.0], ""Vitamin B-9 Folic acid"": [400.0, 1000.0], ""Vitamin B-7"": [30.0, 10000.0], ""Total lipid (fat)"": [40.0, 120.0]}"
NSGA-II,2,without_diversity,3,121.5,59.66,845.0,0.747208,0.747208,12,"[61, 6, 48, 5, 40, 92, 46]","[198, 139, 172, 154, 245, 137, 101, 270, 330, 251, 284]","[61, 6, 48, 5, 40, 92, 46, 198, 139, 172, 154, 245, 137, 101, 270, 330, 251, 284]","{""Calcium, Ca"": 1254.1729180000002, ""Copper, Cu"": 1.9149616, ""Iron, Fe"": 17.6963779, ""Magnesium, Mg"": 381.1942399999999, ""Manganese, Mn"": 3.5377026000000003, ""Phosphorus, P"": 980.9203128, ""Sodium, Na"": 2623.54432, ""Potassium, K"": 5170.595788, ""Zinc, Zn"": 8.1659796, ""Carbohydrate, by difference"": 344.048221, ""Fiber, total dietary"": 58.779388600000004, ""Protein"": 91.42384879999999, ""Energy"": 2759.4374199999997, ""Vitamin A"": 1850.57841, ""Vitamin B-6"": 3.3350436, ""Vitamin B-12"": 4.4283707, ""Vitamin C, total ascorbic acid"": 623.300268, ""Vitamin D"": 0.8723373, ""Vitamin E (alpha-tocopherol)"": 42.728261999999994, ""Thiamin"": 10.954614999999999, ""Riboflavin"": 2.2450232000000003, ""Niacin"": 11.950951000000002, ""Pantothenic acid"": 228.7151181, ""Vitamin B-9 Folic acid"": 410.93435999999997, ""Vitamin B-7"": 10.487182, ""Total lipid (fat)"": 134.33537999999996}","{""Calcium, Ca"": [1000.0, 2500.0], ""Copper, Cu"": [0.9, 10.0], ""Iron, Fe"": [18.0, 45.0], ""Magnesium, Mg"": [310.0, 660.0], ""Manganese, Mn"": [1.8, 11.0], ""Phosphorus, P"": [700.0, 4000.0], ""Sodium, Na"": [1500.0, 2300.0], ""Potassium, K"": [4700.0, 10000.0], ""Zinc, Zn"": [8.0, 40.0], ""Carbohydrate, by difference"": [170.0, 300.0], ""Fiber, total dietary"": [20.0, 9999.0], ""Protein"": [40.0, 100.0], ""Energy"": [2000.0, 2400.0], ""Vitamin A"": [700.0, 3000.0], ""Vitamin B-6"": [1.3, 100.0], ""Vitamin B-12"": [2.4, 10000.0], ""Vitamin C, total ascorbic acid"": [75.0, 2000.0], ""Vitamin D"": [600.0, 4000.0], ""Vitamin E (alpha-tocopherol)"": [15.0, 1000.0], ""Thiamin"": [1.1, 10000.0], ""Riboflavin"": [1.1, 10000.0], ""Niacin"": [14.0, 35.0], ""Pantothenic acid"": [5.0, 10000.0], ""Vitamin B-9 Folic acid"": [400.0, 1000.0], ""Vitamin B-7"": [30.0, 10000.0], ""Total lipid (fat)"": [40.0, 120.0]}"
NSGA-II,2,without_diversity,4,42.0,9.34,380.0,0.829797,0.829797,6,[73],"[183, 286, 339, 185, 336, 284]","[73, 183, 286, 339, 185, 336, 284]","{""Calcium, Ca"": 783.183738, ""Copper, Cu"": 1.470961, ""Iron, Fe"": 18.5056133, ""Magnesium, Mg"": 331.01865, ""Manganese, Mn"": 7.5510635, ""Phosphorus, P"": 924.3143128, ""Sodium, Na"": 1745.2761, ""Potassium, K"": 3632.8871879999997, ""Zinc, Zn"": 6.881258, ""Carbohydrate, by difference"": 344.12690000000003, ""Fiber, total dietary"": 43.64973, ""Protein"": 43.8534633, ""Energy"": 2710.5742000000005, ""Vitamin A"": 561.6863199999999, ""Vitamin B-6"": 2.046315, ""Vitamin B-12"": 1.321294, ""Vitamin C, total ascorbic acid"": 358.79520999999994, ""Vitamin D"": 3.6797480000000005, ""Vitamin E (alpha-tocopherol)"": 28.83344, ""Thiamin"": 4.275592, ""Riboflavin"": 2.5620420000000004, ""Niacin"": 20.227524, ""Pantothenic acid"": 6.617890000000001, ""Vitamin B-9 Folic acid"": 532.0755, ""Vitamin B-7"": 21.848752, ""Total lipid (fat)"": 136.78047999999998}","{""Calcium, Ca"": [1000.0, 2500.0], ""Copper, Cu"": [0.9, 10.0], ""Iron, Fe"": [18.0, 45.0], ""Magnesium, Mg"": [310.0, 660.0], ""Manganese, Mn"": [1.8, 11.0], ""Phosphorus, P"": [700.0, 4000.0], ""Sodium, Na"": [1500.0, 2300.0], ""Potassium, K"": [4700.0, 10000.0], ""Zinc, Zn"": [8.0, 40.0], ""Carbohydrate, by difference"": [170.0, 300.0], ""Fiber, total dietary"": [20.0, 9999.0], ""Protein"": [40.0, 100.0], ""Energy"": [2000.0, 2400.0], ""Vitamin A"": [700.0, 3000.0], ""Vitamin B-6"": [1.3, 100.0], ""Vitamin B-12"": [2.4, 10000.0], ""Vitamin C, total ascorbic acid"": [75.0, 2000.0], ""Vitamin D"": [600.0, 4000.0], ""Vitamin E (alpha-tocopherol)"": [15.0, 1000.0], ""Thiamin"": [1.1, 10000.0], ""Riboflavin"": [1.1, 10000.0], ""Niacin"": [14.0, 35.0], ""Pantothenic acid"": [5.0, 10000.0], ""Vitamin B-9 Folic acid"": [400.0, 1000.0], ""Vitamin B-7"": [30.0, 10000.0], ""Total lipid (fat)"": [40.0, 120.0]}"
NSGA-II,2,without_diversity,5,36.1,22.67,128.0,2.31077,2.31077,6,"[46, 9, 50]","[222, 223, 311, 336, 266]","[46, 9, 50, 222, 223, 311, 336, 266]","{""Calcium, Ca"": 255.17224000000002, ""Copper, Cu"": 0.6218707, ""Iron, Fe"": 9.824961, ""Magnesium, Mg"": 127.73422000000001, ""Manganese, Mn"": 0.9480872000000001, ""Phosphorus, P"": 415.93194, ""Sodium, Na"": 1302.854, ""Potassium, K"": 2558.9592, ""Zinc, Zn"": 5.792957, ""Carbohydrate, by difference"": 298.14841, ""Fiber, total dietary"": 25.308581999999998, ""Protein"": 81.04470199999999, ""Energy"": 2453.7510300000004, ""Vitamin A"": 901.82411, ""Vitamin B-6"": 2.084153, ""Vitamin B-12"": 1.76928, ""Vitamin C, total ascorbic acid"": 243.414202, ""Vitamin D"": 0.0808986, ""Vitamin E (alpha-tocopherol)"": 33.974199999999996, ""Thiamin"": 2.5404619999999998, ""Riboflavin"": 0.38529060000000004, ""Niacin"": 6.4456652, ""Pantothenic acid"": 2.209279, ""Vitamin B-9 Folic acid"": 184.41201, ""Vitamin B-7"": 3.58544, ""Total lipid (fat)"": 137.9665002}","{""Calcium, Ca"": [1000.0, 2500.0], ""Copper, Cu"": [0.9, 10.0], ""Iron, Fe"": [18.0, 45.0], ""Magnesium, Mg"": [310.0, 660.0], ""Manganese, Mn"": [1.8, 11.0], ""Phosphorus, P"": [700.0, 4000.0], ""Sodium, Na"": [1500.0, 2300.0], ""Potassium, K"": [4700.0, 10000.0], ""Zinc, Zn"": [8.0, 40.0], ""Carbohydrate, by difference"": [170.0, 300.0], ""Fiber, total dietary"": [20.0, 9999.0], ""Protein"": [40.0, 100.0], ""Energy"": [2000.0, 2400.0], ""Vitamin A"": [700.0, 3000.0], ""Vitamin B-6"": [1.3, 100.0], ""Vitamin B-12"": [2.4, 10000.0], ""Vitamin C, total ascorbic acid"": [75.0, 2000.0], ""Vitamin D"": [600.0, 4000.0], ""Vitamin E (alpha-tocopherol)"": [15.0, 1000.0], ""Thiamin"": [1.1, 10000.0], ""Riboflavin"": [1.1, 10000.0], ""Niacin"": [14.0, 35.0], ""Pantothenic acid"": [5.0, 10000.0], ""Vitamin B-9 Folic acid"": [400.0, 1000.0], ""Vitamin B-7"": [30.0, 10000.0], ""Total lipid (fat)"": [40.0, 120.0]}"
NSGA-II,2,without_diversity,6,85.3,26.2,1041.0,1.081379,1.081379,10,"[72, 15, 55, 47]","[303, 405, 283, 131, 366, 179, 338, 342, 133, 284, 343]","[72, 15, 55, 47, 303, 405, 283, 131, 366, 179, 338, 342, 133, 284, 343]","{""Calcium, Ca"": 974.3850780000001, ""Copper, Cu"": 1.0983063000000002, ""Iron, Fe"": 14.373702299999998, ""Magnesium, Mg"": 322.14519, ""Manganese, Mn"": 4.5336986999999995, ""Phosphorus, P"": 1319.5895928, ""Sodium, Na"": 2580.16471, ""Potassium, K"": 4378.5763879999995, ""Zinc, Zn"": 8.98921, ""Carbohydrate, by difference"": 341.30391999999995, ""Fiber, total dietary"": 37.332134999999994, ""Protein"": 68.8725033, ""Energy"": 2751.5254999999997, ""Vitamin A"": 90.0850168, ""Vitamin B-6"": 2.9886867, ""Vitamin B-12"": 9.653118, ""Vitamin C, total ascorbic acid"": 311.050597, ""Vitamin D"": 0.3039519, ""Vitamin E (alpha-tocopherol)"": 43.36641, ""Thiamin"": 10.109833100000001, ""Riboflavin"": 3.0090855000000003, ""Niacin"": 10.736525, ""Pantothenic acid"": 21.942779000000005, ""Vitamin B-9 Folic acid"": 655.36261, ""Vitamin B-7"": 20.207759, ""Total lipid (fat)"": 133.43257}","{""Calcium, Ca"": [1000.0, 2500.0], ""Copper, Cu"": [0.9, 10.0], ""Iron, Fe"": [18.0, 45.0], ""Magnesium, Mg"": [310.0, 660.0], ""Manganese, Mn"": [1.8, 11.0], ""Phosphorus, P"": [700.0, 4000.0], ""Sodium, Na"": [1500.0, 2300.0], ""Potassium, K"": [4700.0, 10000.0], ""Zinc, Zn"": [8.0, 40.0], ""Carbohydrate, by difference"": [170.0, 300.0], ""Fiber, total dietary"": [20.0, 9999.0], ""Protein"": [40.0, 100.0], ""Energy"": [2000.0, 2400.0], ""Vitamin A"": [700.0, 3000.0], ""Vitamin B-6"": [1.3, 100.0], ""Vitamin B-12"": [2.4, 10000.0], ""Vitamin C, total ascorbic acid"": [75.0, 2000.0], ""Vitamin D"": [600.0, 4000.0], ""Vitamin E (alpha-tocopherol)"": [15.0, 1000.0], ""Thiamin"": [1.1, 10000.0], ""Riboflavin"": [1.1, 10000.0], ""Niacin"": [14.0, 35.0], ""Pantothenic acid"": [5.0, 10000.0], ""Vitamin B-9 Folic acid"": [400.0, 1000.0], ""Vitamin B-7"": [30.0, 10000.0], ""Total lipid (fat)"": [40.0, 120.0]}"
NSGA-II,2,without_diversity,7,155.2,56.11,462.0,0.654588,0.654588,13,"[70, 13, 82, 52, 5, 89, 7, 17, 8]","[104, 260, 398, 295, 184, 195, 248, 160, 208, 161, 245, 139, 113]","[70, 13, 82, 52, 5, 89, 7, 17, 8, 104, 260, 398, 295, 184, 195, 248, 160, 208, 161, 245, 139, 113]","{""Calcium, Ca"": 993.13022, ""Copper, Cu"": 1.4737125000000002, ""Iron, Fe"": 22.094653599999997, ""Magnesium, Mg"": 398.07197, ""Manganese, Mn"": 4.2919772, ""Phosphorus, P"": 1148.9939667, ""Sodium, Na"": 2644.49763, ""Potassium, K"": 6756.337500000001, ""Zinc, Zn"": 10.590389100000003, ""Carbohydrate, by difference"": 336.55231999999995, ""Fiber, total dietary"": 57.2886035, ""Protein"": 79.5595315, ""Energy"": 2736.3956000000003, ""Vitamin A"": 1629.77715, ""Vitamin B-6"": 3.7014758000000008, ""Vitamin B-12"": 20.37184, ""Vitamin C, total ascorbic acid"": 955.344732, ""Vitamin D"": 0.14227599999999999, ""Vitamin E (alpha-tocopherol)"": 58.7693, ""Thiamin"": 7.7833568, ""Riboflavin"": 4.7027275, ""Niacin"": 18.562959000000003, ""Pantothenic acid"": 37.88146400000001, ""Vitamin B-9 Folic acid"": 743.09651, ""Vitamin B-7"": 23.141151, ""Total lipid (fat)"": 136.41753799999992}","{""Calcium, Ca"": [1000.0, 2500.0], ""Copper, Cu"": [0.9, 10.0], ""Iron, Fe"": [18.0, 45.0], ""Magnesium, Mg"": [310.0, 660.0], ""Manganese, Mn"": [1.8, 11.0], ""Phosphorus, P"": [700.0, 4000.0], ""Sodium, Na"": [1500.0, 2300.0], ""Potassium, K"": [4700.0, 10000.0], ""Zinc, Zn"": [8.0, 40.0], ""Carbohydrate, by difference"": [170.0, 300.0], ""Fiber, total dietary"": [20.0, 9999.0], ""Protein"": [40.0, 100.0], ""Energy"": [2000.0, 2400.0], ""Vitamin A"": [700.0, 3000.0], ""Vitamin B-6"": [1.3, 100.0], ""Vitamin B-12"": [2.4, 10000.0], ""Vitamin C, total ascorbic acid"": [75.0, 2000.0], ""Vitamin D"": [600.0, 4000.0], ""Vitamin E (alpha-tocopherol)"": [15.0, 1000.0], ""Thiamin"": [1.1, 10000.0], ""Riboflavin"": [1.1, 10000.0], ""Niacin"": [14.0, 35.0], ""Pantothenic acid"": [5.0, 10000.0], ""Vitamin B-9 Folic acid"": [400.0, 1000.0], ""Vitamin B-7"": [30.0, 10000.0], ""Total lipid (fat)"": [40.0, 120.0]}"
NSGA-II,2,without_diversity,8,75.5,29.72,957.0,1.209879,1.209879,8,"[15, 19, 38]","[276, 275, 333, 184, 104, 350, 310, 96, 334, 271, 126, 284]","[15, 19, 38, 276, 275, 333, 184, 104, 350, 310, 96, 334, 271, 126, 284]","{""Calcium, Ca"": 518.450338, ""Copper, Cu"": 1.8286486, ""Iron, Fe"": 22.318546300000005, ""Magnesium, Mg"": 448.0362999999999, ""Manganese, Mn"": 4.444057600000001, ""Phosphorus, P"": 1609.2642128, ""Sodium, Na"": 2595.2216, ""Potassium, K"": 3094.224587999999, ""Zinc, Zn"": 13.946697999999998, ""Carbohydrate, by difference"": 344.25136000000003, ""Fiber, total dietary"": 36.808397, ""Protein"": 79.02147330000003, ""Energy"": 2696.2008, ""Vitamin A"": 211.51744000000002, ""Vitamin B-6"": 3.0277151, ""Vitamin B-12"": 12.6184535, ""Vitamin C, total ascorbic acid"": 229.827004, ""Vitamin D"": 1.2024883999999998, ""Vitamin E (alpha-tocopherol)"": 53.13334, ""Thiamin"": 15.6720833, ""Riboflavin"": 5.3106829, ""Niacin"": 28.398924, ""Pantothenic acid"": 26.1499146, ""Vitamin B-9 Folic acid"": 556.21938, ""Vitamin B-7"": 37.146523, ""Total lipid (fat)"": 137.63857}","{""Calcium, Ca"": [1000.0, 2500.0], ""Copper, Cu"": [0.9, 10.0], ""Iron, Fe"": [18.0, 45.0], ""Magnesium, Mg"": [310.0, 660.0], ""Manganese, Mn"": [1.8, 11.0], ""Phosphorus, P"": [700.0, 4000.0], ""Sodium, Na"": [1500.0, 2300.0], ""Potassium, K"": [4700.0, 10000.0], ""Zinc, Zn"": [8.0, 40.0], ""Carbohydrate, by difference"": [170.0, 300.0], ""Fiber, total dietary"": [20.0, 9999.0], ""Protein"": [40.0, 100.0], ""Energy"": [2000.0, 2400.0], ""Vitamin A"": [700.0, 3000.0], ""Vitamin B-6"": [1.3, 100.0], ""Vitamin B-12"": [2.4, 10000.0], ""Vitamin C, total ascorbic acid"": [75.0, 2000.0], ""Vitamin D"": [600.0, 4000.0], ""Vitamin E (alpha-tocopherol)"": [15.0, 1000.0], ""Thiamin"": [1.1, 10000.0], ""Riboflavin"": [1.1, 10000.0], ""Niacin"": [14.0, 35.0], ""Pantothenic acid"": [5.0, 10000.0], ""Vitamin B-9 Folic acid"": [400.0, 1000.0], ""Vitamin B-7"": [30.0, 10000.0], ""Total lipid (fat)"": [40.0, 120.0]}"
NSGA-II,2,without_diversity,9,155.6,48.63,365.0,0.803433,0.803433,16,"[1, 36, 80, 69, 2, 44, 81, 92, 5]","[250, 155, 246, 113, 194, 334, 131, 215, 222, 274, 336, 208, 284, 139, 266]","[1, 36, 80, 69, 2, 44, 81, 92, 5, 250, 155, 246, 113, 194, 334, 131, 215, 222, 274, 336, 208, 284, 139, 266]","{""Calcium, Ca"": 992.2028580000001, ""Copper, Cu"": 0.9982599000000001, ""Iron, Fe"": 16.1455639, ""Magnesium, Mg"": 328.8928899999999, ""Manganese, Mn"": 2.6331330000000004, ""Phosphorus, P"": 1017.3382194999998, ""Sodium, Na"": 2577.76116, ""Potassium, K"": 4923.058588, ""Zinc, Zn"": 5.831010099999998, ""Carbohydrate, by difference"": 343.553861, ""Fiber, total dietary"": 49.3953096, ""Protein"": 53.6871208, ""Energy"": 2742.00025, ""Vitamin A"": 1700.68709, ""Vitamin B-6"": 2.7666838, ""Vitamin B-12"": 29.1379339, ""Vitamin C, total ascorbic acid"": 512.899679, ""Vitamin D"": 0.1528229, ""Vitamin E (alpha-tocopherol)"": 46.66456000000001, ""Thiamin"": 5.5937184, ""Riboflavin"": 6.3191172, ""Niacin"": 12.4250222, ""Pantothenic acid"": 46.41911700000001, ""Vitamin B-9 Folic acid"": 570.8978699999999, ""Vitamin B-7"": 20.675105000000002, ""Total lipid (fat)"": 137.71958819999998}","{""Calcium, Ca"": [1000.0, 2500.0], ""Copper, Cu"": [0.9, 10.0], ""Iron, Fe"": [18.0, 45.0], ""Magnesium, Mg"": [310.0, 660.0], ""Manganese, Mn"": [1.8, 11.0], ""Phosphorus, P"": [700.0, 4000.0], ""Sodium, Na"": [1500.0, 2300.0], ""Potassium, K"": [4700.0, 10000.0], ""Zinc, Zn"": [8.0, 40.0], ""Carbohydrate, by difference"": [170.0, 300.0], ""Fiber, total dietary"": [20.0, 9999.0], ""Protein"": [40.0, 100.0], ""Energy"": [2000.0, 2400.0], ""Vitamin A"": [700.0, 3000.0], ""Vitamin B-6"": [1.3, 100.0], ""Vitamin B-12"": [2.4, 10000.0], ""Vitamin C, total ascorbic acid"": [75.0, 2000.0], ""Vitamin D"": [600.0, 4000.0], ""Vitamin E (alpha-tocopherol)"": [15.0, 1000.0], ""Thiamin"": [1.1, 10000.0], ""Riboflavin"": [1.1, 10000.0], ""Niacin"": [14.0, 35.0], ""Pantothenic acid"": [5.0, 10000.0], ""Vitamin B-9 Folic acid"": [400.0, 1000.0], ""Vitamin B-7"": [30.0, 10000.0], ""Total lipid (fat)"": [40.0, 120.0]}"
NSGA-II,2,without_diversity,10,167.4,44.8,622.0,0.536063,0.536063,14,"[44, 26, 7, 55, 61, 91, 89, 82, 2, 18]","[336, 303, 99, 174, 353, 165, 161, 251, 249, 208, 366, 297, 139]","[44, 26, 7, 55, 61, 91, 89, 82, 2, 18, 336, 303, 99, 174, 353, 165, 161, 251, 249, 208, 366, 297, 139]","{""Calcium, Ca"": 1116.0633300000002, ""Copper, Cu"": 1.6925690000000002, ""Iron, Fe"": 21.2336578, ""Magnesium, Mg"": 393.51213, ""Manganese, Mn"": 4.0649717, ""Phosphorus, P"": 1052.48968, ""Sodium, Na"": 2641.5424800000005, ""Potassium, K"": 5124.308300000001, ""Zinc, Zn"": 8.950581099999999, ""Carbohydrate, by difference"": 341.20808999999997, ""Fiber, total dietary"": 53.9287629, ""Protein"": 79.193142, ""Energy"": 2610.2644000000005, ""Vitamin A"": 1226.0459, ""Vitamin B-6"": 2.3248737999999998, ""Vitamin B-12"": 14.499529999999998, ""Vitamin C, total ascorbic acid"": 797.631664, ""Vitamin D"": 0.21201150000000002, ""Vitamin E (alpha-tocopherol)"": 43.16699, ""Thiamin"": 9.948363099999998, ""Riboflavin"": 4.5341633, ""Niacin"": 17.866719, ""Pantothenic acid"": 38.4135119, ""Vitamin B-9 Folic acid"": 378.94062, ""Vitamin B-7"": 89.946151, ""Total lipid (fat)"": 121.90296999999998}","{""Calcium, Ca"": [1000.0, 2500.0], ""Copper, Cu"": [0.9, 10.0], ""Iron, Fe"": [18.0, 45.0], ""Magnesium, Mg"": [310.0, 660.0], ""Manganese, Mn"": [1.8, 11.0], ""Phosphorus, P"": [700.0, 4000.0], ""Sodium, Na"": [1500.0, 2300.0], ""Potassium, K"": [4700.0, 10000.0], ""Zinc, Zn"": [8.0, 40.0], ""Carbohydrate, by difference"": [170.0, 300.0], ""Fiber, total dietary"": [20.0, 9999.0], ""Protein"": [40.0, 100.0], ""Energy"": [2000.0, 2400.0], ""Vitamin A"": [700.0, 3000.0], ""Vitamin B-6"": [1.3, 100.0], ""Vitamin B-12"": [2.4, 10000.0], ""Vitamin C, total ascorbic acid"": [75.0, 2000.0], ""Vitamin D"": [600.0, 4000.0], ""Vitamin E (alpha-tocopherol)"": [15.0, 1000.0], ""Thiamin"": [1.1, 10000.0], ""Riboflavin"": [1.1, 10000.0], ""Niacin"": [14.0, 35.0], ""Pantothenic acid"": [5.0, 10000.0], ""Vitamin B-9 Folic acid"": [400.0, 1000.0], ""Vitamin B-7"": [30.0, 10000.0], ""Total lipid (fat)"": [40.0, 120.0]}"
NSGA-II,2,without_diversity,11,161.8,25.27,772.0,0.619909,0.619909,14,"[55, 91, 82, 18, 2, 44, 81, 6, 47]","[297, 182, 193, 198, 275, 139, 172, 154, 252, 309, 334]","[55, 91, 82, 18, 2, 44, 81, 6, 47, 297, 182, 193, 198, 275, 139, 172, 154, 252, 309, 334]","{""Calcium, Ca"": 848.24339, ""Copper, Cu"": 2.2995002, ""Iron, Fe"": 22.4763908, ""Magnesium, Mg"": 506.67463999999995, ""Manganese, Mn"": 3.858743300000001, ""Phosphorus, P"": 1331.3572, ""Sodium, Na"": 2634.8246699999995, ""Potassium, K"": 6789.8330000000005, ""Zinc, Zn"": 10.503067999999999, ""Carbohydrate, by difference"": 334.73584, ""Fiber, total dietary"": 62.714920899999996, ""Protein"": 77.49123599999999, ""Energy"": 2641.2007000000003, ""Vitamin A"": 1249.8284999999998, ""Vitamin B-6"": 2.6574029000000006, ""Vitamin B-12"": 14.3202244, ""Vitamin C, total ascorbic acid"": 511.27976900000004, ""Vitamin D"": 0.9496587, ""Vitamin E (alpha-tocopherol)"": 47.032450000000004, ""Thiamin"": 10.660605, ""Riboflavin"": 4.0941995, ""Niacin"": 15.874569, ""Pantothenic acid"": 122.67357, ""Vitamin B-9 Folic acid"": 519.6036, ""Vitamin B-7"": 15.214559999999999, ""Total lipid (fat)"": 130.15955}","{""Calcium, Ca"": [1000.0, 2500.0], ""Copper, Cu"": [0.9, 10.0], ""Iron, Fe"": [18.0, 45.0], ""Magnesium, Mg"": [310.0, 660.0], ""Manganese, Mn"": [1.8, 11.0], ""Phosphorus, P"": [700.0, 4000.0], ""Sodium, Na"": [1500.0, 2300.0], ""Potassium, K"": [4700.0, 10000.0], ""Zinc, Zn"": [8.0, 40.0], ""Carbohydrate, by difference"": [170.0, 300.0], ""Fiber, total dietary"": [20.0, 9999.0], ""Protein"": [40.0, 100.0], ""Energy"": [2000.0, 2400.0], ""Vitamin A"": [700.0, 3000.0], ""Vitamin B-6"": [1.3, 100.0], ""Vitamin B-12"": [2.4, 10000.0], ""Vitamin C, total ascorbic acid"": [75.0, 2000.0], ""Vitamin D"": [600.0, 4000.0], ""Vitamin E (alpha-tocopherol)"": [15.0, 1000.0], ""Thiamin"": [1.1, 10000.0], ""Riboflavin"": [1.1, 10000.0], ""Niacin"": [14.0, 35.0], ""Pantothenic acid"": [5.0, 10000.0], ""Vitamin B-9 Folic acid"": [400.0, 1000.0], ""Vitamin B-7"": [30.0, 10000.0], ""Total lipid (fat)"": [40.0, 120.0]}"
NSGA-II,2,without_diversity,12,119.2,53.36,587.0,0.708603,0.708603,13,"[17, 22, 40, 5, 75, 12, 7, 69]","[335, 251, 215, 214, 194, 332, 113, 147, 266, 284]","[17, 22, 40, 5, 75, 12, 7, 69, 335, 251, 215, 214, 194, 332, 113, 147, 266, 284]","{""Calcium, Ca"": 841.510158, ""Copper, Cu"": 1.2653956, ""Iron, Fe"": 20.0537739, ""Magnesium, Mg"": 283.49899, ""Manganese, Mn"": 2.8326176, ""Phosphorus, P"": 1234.0018195000002, ""Sodium, Na"": 2303.5137600000003, ""Potassium, K"": 5243.638988, ""Zinc, Zn"": 13.799588100000001, ""Carbohydrate, by difference"": 344.54266999999993, ""Fiber, total dietary"": 47.0397746, ""Protein"": 77.22465079999999, ""Energy"": 2758.1768300000003, ""Vitamin A"": 1050.82951, ""Vitamin B-6"": 3.3335893999999997, ""Vitamin B-12"": 5.0283726, ""Vitamin C, total ascorbic acid"": 245.825258, ""Vitamin D"": 0.774321, ""Vitamin E (alpha-tocopherol)"": 43.481912, ""Thiamin"": 6.8864424, ""Riboflavin"": 2.0354715999999997, ""Niacin"": 20.639120199999997, ""Pantothenic acid"": 11.591659999999997, ""Vitamin B-9 Folic acid"": 376.43192999999997, ""Vitamin B-7"": 24.443714999999997, ""Total lipid (fat)"": 135.3712282}","{""Calcium, Ca"": [1000.0, 2500.0], ""Copper, Cu"": [0.9, 10.0], ""Iron, Fe"": [18.0, 45.0], ""Magnesium, Mg"": [310.0, 660.0], ""Manganese, Mn"": [1.8, 11.0], ""Phosphorus, P"": [700.0, 4000.0], ""Sodium, Na"": [1500.0, 2300.0], ""Potassium, K"": [4700.0, 10000.0], ""Zinc, Zn"": [8.0, 40.0], ""Carbohydrate, by difference"": [170.0, 300.0], ""Fiber, total dietary"": [20.0, 9999.0], ""Protein"": [40.0, 100.0], ""Energy"": [2000.0, 2400.0], ""Vitamin A"": [700.0, 3000.0], ""Vitamin B-6"": [1.3, 100.0], ""Vitamin B-12"": [2.4, 10000.0], ""Vitamin C, total ascorbic acid"": [75.0, 2000.0], ""Vitamin D"": [600.0, 4000.0], ""Vitamin E (alpha-tocopherol)"": [15.0, 1000.0], ""Thiamin"": [1.1, 10000.0], ""Riboflavin"": [1.1, 10000.0], ""Niacin"": [14.0, 35.0], ""Pantothenic acid"": [5.0, 10000.0], ""Vitamin B-9 Folic acid"": [400.0, 1000.0], ""Vitamin B-7"": [30.0, 10000.0], ""Total lipid (fat)"": [40.0, 120.0]}"
NSGA-II,2,without_diversity,13,25.5,19.78,260.0,1.140432,1.140432,6,"[75, 5, 73]","[233, 162, 253, 336]","[75, 5, 73, 233, 162, 253, 336]","{""Calcium, Ca"": 587.60547, ""Copper, Cu"": 1.4671735, ""Iron, Fe"": 21.917606599999996, ""Magnesium, Mg"": 328.63607, ""Manganese, Mn"": 1.0950947000000002, ""Phosphorus, P"": 1526.0911800000001, ""Sodium, Na"": 1647.479285, ""Potassium, K"": 3055.9311, ""Zinc, Zn"": 21.335980600000003, ""Carbohydrate, by difference"": 245.5461, ""Fiber, total dietary"": 28.3825026, ""Protein"": 104.4080855, ""Energy"": 2499.7690999999995, ""Vitamin A"": 191.78269999999998, ""Vitamin B-6"": 1.8372834999999998, ""Vitamin B-12"": 7.953966, ""Vitamin C, total ascorbic acid"": 36.16140200000001, ""Vitamin D"": 0.628244, ""Vitamin E (alpha-tocopherol)"": 33.69435, ""Thiamin"": 6.2408364, ""Riboflavin"": 3.2314165999999998, ""Niacin"": 31.05079, ""Pantothenic acid"": 4.317165999999999, ""Vitamin B-9 Folic acid"": 211.5127, ""Vitamin B-7"": 18.914408, ""Total lipid (fat)"": 137.97665}","{""Calcium, Ca"": [1000.0, 2500.0], ""Copper, Cu"": [0.9, 10.0], ""Iron, Fe"": [18.0, 45.0], ""Magnesium, Mg"": [310.0, 660.0], ""Manganese, Mn"": [1.8, 11.0], ""Phosphorus, P"": [700.0, 4000.0], ""Sodium, Na"": [1500.0, 2300.0], ""Potassium, K"": [4700.0, 10000.0], ""Zinc, Zn"": [8.0, 40.0], ""Carbohydrate, by difference"": [170.0, 300.0], ""Fiber, total dietary"": [20.0, 9999.0], ""Protein"": [40.0, 100.0], ""Energy"": [2000.0, 2400.0], ""Vitamin A"": [700.0, 3000.0], ""Vitamin B-6"": [1.3, 100.0], ""Vitamin B-12"": [2.4, 10000.0], ""Vitamin C, total ascorbic acid"": [75.0, 2000.0], ""Vitamin D"": [600.0, 4000.0], ""Vitamin E (alpha-tocopherol)"": [15.0, 1000.0], ""Thiamin"": [1.1, 10000.0], ""Riboflavin"": [1.1, 10000.0], ""Niacin"": [14.0, 35.0], ""Pantothenic acid"": [5.0, 10000.0], ""Vitamin B-9 Folic acid"": [400.0, 1000.0], ""Vitamin B-7"": [30.0, 10000.0], ""Total lipid (fat)"": [40.0, 120.0]}"
NSGA-II,2,without_diversity,14,73.8,38.07,1035.0,1.058751,1.058751,10,"[71, 17, 53]","[172, 154, 245, 176, 137, 101, 405, 127, 285, 253, 284]","[71, 17, 53, 172, 154, 245, 176, 137, 101, 405, 127, 285, 253, 284]","{""Calcium, Ca"": 684.5999380000001, ""Copper, Cu"": 1.5636672999999996, ""Iron, Fe"": 16.1536533, ""Magnesium, Mg"": 349.51529, ""Manganese, Mn"": 5.5729519000000005, ""Phosphorus, P"": 1065.0642928, ""Sodium, Na"": 1862.7780650000002, ""Potassium, K"": 3251.7720879999997, ""Zinc, Zn"": 11.079249, ""Carbohydrate, by difference"": 344.98954, ""Fiber, total dietary"": 38.86891800000001, ""Protein"": 68.0179933, ""Energy"": 2746.8288000000002, ""Vitamin A"": 473.03363, ""Vitamin B-6"": 2.0173762, ""Vitamin B-12"": 6.0030909999999995, ""Vitamin C, total ascorbic acid"": 57.22871000000001, ""Vitamin D"": 0.12689479999999997, ""Vitamin E (alpha-tocopherol)"": 36.513628000000004, ""Thiamin"": 7.900892999999999, ""Riboflavin"": 1.9244720000000002, ""Niacin"": 12.731454, ""Pantothenic acid"": 100.96321800000001, ""Vitamin B-9 Folic acid"": 481.62467, ""Vitamin B-7"": 12.962737, ""Total lipid (fat)"": 137.58768999999998}","{""Calcium, Ca"": [1000.0, 2500.0], ""Copper, Cu"": [0.9, 10.0], ""Iron, Fe"": [18.0, 45.0], ""Magnesium, Mg"": [310.0, 660.0], ""Manganese, Mn"": [1.8, 11.0], ""Phosphorus, P"": [700.0, 4000.0], ""Sodium, Na"": [1500.0, 2300.0], ""Potassium, K"": [4700.0, 10000.0], ""Zinc, Zn"": [8.0, 40.0], ""Carbohydrate, by difference"": [170.0, 300.0], ""Fiber, total dietary"": [20.0, 9999.0], ""Protein"": [40.0, 100.0], ""Energy"": [2000.0, 2400.0], ""Vitamin A"": [700.0, 3000.0], ""Vitamin B-6"": [1.3, 100.0], ""Vitamin B-12"": [2.4, 10000.0], ""Vitamin C, total ascorbic acid"": [75.0, 2000.0], ""Vitamin D"": [600.0, 4000.0], ""Vitamin E (alpha-tocopherol)"": [15.0, 1000.0], ""Thiamin"": [1.1, 10000.0], ""Riboflavin"": [1.1, 10000.0], ""Niacin"": [14.0, 35.0], ""Pantothenic acid"": [5.0, 10000.0], ""Vitamin B-9 Folic acid"": [400.0, 1000.0], ""Vitamin B-7"": [30.0, 10000.0], ""Total lipid (fat)"": [40.0, 120.0]}"
NSGA-II,2,without_diversity,15,36.7,13.15,360.0,0.868906,0.868906,5,"[75, 73]","[115, 203, 110, 109, 334, 284]","[75, 73, 115, 203, 110, 109, 334, 284]","{""Calcium, Ca"": 1315.352338, ""Copper, Cu"": 1.33918, ""Iron, Fe"": 15.960554299999998, ""Magnesium, Mg"": 389.97765, ""Manganese, Mn"": 1.6538505, ""Phosphorus, P"": 1583.8955128, ""Sodium, Na"": 1828.4189, ""Potassium, K"": 2581.816188, ""Zinc, Zn"": 9.159968, ""Carbohydrate, by difference"": 344.46754, ""Fiber, total dietary"": 29.626720000000002, ""Protein"": 70.0287133, ""Energy"": 2460.1688, ""Vitamin A"": 366.76050999999995, ""Vitamin B-6"": 1.2443724, ""Vitamin B-12"": 7.651148, ""Vitamin C, total ascorbic acid"": 49.347590000000004, ""Vitamin D"": 1.0477788, ""Vitamin E (alpha-tocopherol)"": 30.79454, ""Thiamin"": 5.713068000000001, ""Riboflavin"": 4.489642999999999, ""Niacin"": 20.56445, ""Pantothenic acid"": 13.20851, ""Vitamin B-9 Folic acid"": 277.4711, ""Vitamin B-7"": 37.872713, ""Total lipid (fat)"": 100.63247}","{""Calcium, Ca"": [1000.0, 2500.0], ""Copper, Cu"": [0.9, 10.0], ""Iron, Fe"": [18.0, 45.0], ""Magnesium, Mg"": [310.0, 660.0], ""Manganese, Mn"": [1.8, 11.0], ""Phosphorus, P"": [700.0, 4000.0], ""Sodium, Na"": [1500.0, 2300.0], ""Potassium, K"": [4700.0, 10000.0], ""Zinc, Zn"": [8.0, 40.0], ""Carbohydrate, by difference"": [170.0, 300.0], ""Fiber, total dietary"": [20.0, 9999.0], ""Protein"": [40.0, 100.0], ""Energy"": [2000.0, 2400.0], ""Vitamin A"": [700.0, 3000.0], ""Vitamin B-6"": [1.3, 100.0], ""Vitamin B-12"": [2.4, 10000.0], ""Vitamin C, total ascorbic acid"": [75.0, 2000.0], ""Vitamin D"": [600.0, 4000.0], ""Vitamin E (alpha-tocopherol)"": [15.0, 1000.0], ""Thiamin"": [1.1, 10000.0], ""Riboflavin"": [1.1, 10000.0], ""Niacin"": [14.0, 35.0], ""Pantothenic acid"": [5.0, 10000.0], ""Vitamin B-9 Folic acid"": [400.0, 1000.0], ""Vitamin B-7"": [30.0, 10000.0], ""Total lipid (fat)"": [40.0, 120.0]}"
NSGA-II,2,without_diversity,16,121.5,59.66,845.0,0.747208,0.747208,12,"[61, 6, 48, 5, 40, 92, 46]","[198, 139, 172, 154, 245, 137, 101, 270, 330, 251, 284]","[61, 6, 48, 5, 40, 92, 46, 198, 139, 172, 154, 245, 137, 101, 270, 330, 251, 284]","{""Calcium, Ca"": 1254.1729180000002, ""Copper, Cu"": 1.9149616, ""Iron, Fe"": 17.6963779, ""Magnesium, Mg"": 381.1942399999999, ""Manganese, Mn"": 3.5377026000000003, ""Phosphorus, P"": 980.9203128, ""Sodium, Na"": 2623.54432, ""Potassium, K"": 5170.595788, ""Zinc, Zn"": 8.1659796, ""Carbohydrate, by difference"": 344.048221, ""Fiber, total dietary"": 58.779388600000004, ""Protein"": 91.42384879999999, ""Energy"": 2759.4374199999997, ""Vitamin A"": 1850.57841, ""Vitamin B-6"": 3.3350436, ""Vitamin B-12"": 4.4283707, ""Vitamin C, total ascorbic acid"": 623.300268, ""Vitamin D"": 0.8723373, ""Vitamin E (alpha-tocopherol)"": 42.728261999999994, ""Thiamin"": 10.954614999999999, ""Riboflavin"": 2.2450232000000003, ""Niacin"": 11.950951000000002, ""Pantothenic acid"": 228.7151181, ""Vitamin B-9 Folic acid"": 410.93435999999997, ""Vitamin B-7"": 10.487182, ""Total lipid (fat)"": 134.33537999999996}","{""Calcium, Ca"": [1000.0, 2500.0], ""Copper, Cu"": [0.9, 10.0], ""Iron, Fe"": [18.0, 45.0], ""Magnesium, Mg"": [310.0, 660.0], ""Manganese, Mn"": [1.8, 11.0], ""Phosphorus, P"": [700.0, 4000.0], ""Sodium, Na"": [1500.0, 2300.0], ""Potassium, K"": [4700.0, 10000.0], ""Zinc, Zn"": [8.0, 40.0], ""Carbohydrate, by difference"": [170.0, 300.0], ""Fiber, total dietary"": [20.0, 9999.0], ""Protein"": [40.0, 100.0], ""Energy"": [2000.0, 2400.0], ""Vitamin A"": [700.0, 3000.0], ""Vitamin B-6"": [1.3, 100.0], ""Vitamin B-12"": [2.4, 10000.0], ""Vitamin C, total ascorbic acid"": [75.0, 2000.0], ""Vitamin D"": [600.0, 4000.0], ""Vitamin E (alpha-tocopherol)"": [15.0, 1000.0], ""Thiamin"": [1.1, 10000.0], ""Riboflavin"": [1.1, 10000.0], ""Niacin"": [14.0, 35.0], ""Pantothenic acid"": [5.0, 10000.0], ""Vitamin B-9 Folic acid"": [400.0, 1000.0], ""Vitamin B-7"": [30.0, 10000.0], ""Total lipid (fat)"": [40.0, 120.0]}"
NSGA-II,2,without_diversity,17,78.6,47.84,482.0,0.42165,0.42165,10,"[46, 89, 36, 78]","[176, 137, 263, 169, 161, 376, 266, 251, 147, 330, 264]","[46, 89, 36, 78, 176, 137, 263, 169, 161, 376, 266, 251, 147, 330, 264]","{""Calcium, Ca"": 984.3203399999999, ""Copper, Cu"": 2.5317287000000004, ""Iron, Fe"": 29.870091, ""Magnesium, Mg"": 474.84502, ""Manganese, Mn"": 4.927127199999999, ""Phosphorus, P"": 1481.25494, ""Sodium, Na"": 1734.05, ""Potassium, K"": 6760.770200000001, ""Zinc, Zn"": 16.309917, ""Carbohydrate, by difference"": 308.70991, ""Fiber, total dietary"": 46.266574, ""Protein"": 100.560532, ""Energy"": 2665.72803, ""Vitamin A"": 1811.94686, ""Vitamin B-6"": 4.733004, ""Vitamin B-12"": 3.0536, ""Vitamin C, total ascorbic acid"": 531.971522, ""Vitamin D"": 0.11507329999999999, ""Vitamin E (alpha-tocopherol)"": 44.379749999999994, ""Thiamin"": 8.415499999999998, ""Riboflavin"": 1.4957756, ""Niacin"": 23.128075199999998, ""Pantothenic acid"": 129.42765400000002, ""Vitamin B-9 Folic acid"": 605.8165099999999, ""Vitamin B-7"": 13.859744000000001, ""Total lipid (fat)"": 137.9987002}","{""Calcium, Ca"": [1000.0, 2500.0], ""Copper, Cu"": [0.9, 10.0], ""Iron, Fe"": [18.0, 45.0], ""Magnesium, Mg"": [310.0, 660.0], ""Manganese, Mn"": [1.8, 11.0], ""Phosphorus, P"": [700.0, 4000.0], ""Sodium, Na"": [1500.0, 2300.0], ""Potassium, K"": [4700.0, 10000.0], ""Zinc, Zn"": [8.0, 40.0], ""Carbohydrate, by difference"": [170.0, 300.0], ""Fiber, total dietary"": [20.0, 9999.0], ""Protein"": [40.0, 100.0], ""Energy"": [2000.0, 2400.0], ""Vitamin A"": [700.0, 3000.0], ""Vitamin B-6"": [1.3, 100.0], ""Vitamin B-12"": [2.4, 10000.0], ""Vitamin C, total ascorbic acid"": [75.0, 2000.0], ""Vitamin D"": [600.0, 4000.0], ""Vitamin E (alpha-tocopherol)"": [15.0, 1000.0], ""Thiamin"": [1.1, 10000.0], ""Riboflavin"": [1.1, 10000.0], ""Niacin"": [14.0, 35.0], ""Pantothenic acid"": [5.0, 10000.0], ""Vitamin B-9 Folic acid"": [400.0, 1000.0], ""Vitamin B-7"": [30.0, 10000.0], ""Total lipid (fat)"": [40.0, 120.0]}"
NSGA-II,2,without_diversity,18,62.7,10.38,373.0,2.070108,2.070108,8,"[54, 71, 94]","[183, 286, 339, 336, 234, 266]","[54, 71, 94, 183, 286, 339, 336, 234, 266]","{""Calcium, Ca"": 600.9809399999999, ""Copper, Cu"": 0.8117494000000001, ""Iron, Fe"": 8.82539, ""Magnesium, Mg"": 172.56632, ""Manganese, Mn"": 7.439590599999999, ""Phosphorus, P"": 479.13833999999997, ""Sodium, Na"": 1266.135, ""Potassium, K"": 2900.1592, ""Zinc, Zn"": 4.153193000000001, ""Carbohydrate, by difference"": 332.15171000000004, ""Fiber, total dietary"": 31.378388, ""Protein"": 40.14107200000001, ""Energy"": 2645.29623, ""Vitamin A"": 489.55258000000003, ""Vitamin B-6"": 1.497424, ""Vitamin B-12"": 0.436095, ""Vitamin C, total ascorbic acid"": 338.33273199999996, ""Vitamin D"": 3.1885379000000005, ""Vitamin E (alpha-tocopherol)"": 16.39656, ""Thiamin"": 3.3657120000000003, ""Riboflavin"": 0.39872670000000004, ""Niacin"": 5.7014262, ""Pantothenic acid"": 3.0648, ""Vitamin B-9 Folic acid"": 409.46331000000004, ""Vitamin B-7"": 8.244793, ""Total lipid (fat)"": 137.9942802}","{""Calcium, Ca"": [1000.0, 2500.0], ""Copper, Cu"": [0.9, 10.0], ""Iron, Fe"": [18.0, 45.0], ""Magnesium, Mg"": [310.0, 660.0], ""Manganese, Mn"": [1.8, 11.0], ""Phosphorus, P"": [700.0, 4000.0], ""Sodium, Na"": [1500.0, 2300.0], ""Potassium, K"": [4700.0, 10000.0], ""Zinc, Zn"": [8.0, 40.0], ""Carbohydrate, by difference"": [170.0, 300.0], ""Fiber, total dietary"": [20.0, 9999.0], ""Protein"": [40.0, 100.0], ""Energy"": [2000.0, 2400.0], ""Vitamin A"": [700.0, 3000.0], ""Vitamin B-6"": [1.3, 100.0], ""Vitamin B-12"": [2.4, 10000.0], ""Vitamin C, total ascorbic acid"": [75.0, 2000.0], ""Vitamin D"": [600.0, 4000.0], ""Vitamin E (alpha-tocopherol)"": [15.0, 1000.0], ""Thiamin"": [1.1, 10000.0], ""Riboflavin"": [1.1, 10000.0], ""Niacin"": [14.0, 35.0], ""Pantothenic acid"": [5.0, 10000.0], ""Vitamin B-9 Folic acid"": [400.0, 1000.0], ""Vitamin B-7"": [30.0, 10000.0], ""Total lipid (fat)"": [40.0, 120.0]}"
NSGA-II,2,without_diversity,19,86.2,27.06,917.0,1.351523,1.351523,9,"[72, 15, 55, 47]","[195, 137, 177, 214, 175, 382, 211, 99, 266, 284]","[72, 15, 55, 47, 195, 137, 177, 214, 175, 382, 211, 99, 266, 284]","{""Calcium, Ca"": 821.9838780000001, ""Copper, Cu"": 0.7511785, ""Iron, Fe"": 13.0737793, ""Magnesium, Mg"": 278.34774, ""Manganese, Mn"": 3.4706912000000005, ""Phosphorus, P"": 1117.8392528, ""Sodium, Na"": 2364.6679000000004, ""Potassium, K"": 3648.8190879999997, ""Zinc, Zn"": 7.858471000000001, ""Carbohydrate, by difference"": 344.72143, ""Fiber, total dietary"": 27.529511999999997, ""Protein"": 57.03965130000001, ""Energy"": 2741.9143300000005, ""Vitamin A"": 118.52264999999998, ""Vitamin B-6"": 2.360075, ""Vitamin B-12"": 21.624019999999998, ""Vitamin C, total ascorbic acid"": 222.303266, ""Vitamin D"": 0.6637686, ""Vitamin E (alpha-tocopherol)"": 47.998696, ""Thiamin"": 16.871755, ""Riboflavin"": 4.3566795, ""Niacin"": 8.650914199999999, ""Pantothenic acid"": 30.8966509, ""Vitamin B-9 Folic acid"": 475.6363800000001, ""Vitamin B-7"": 23.175243999999996, ""Total lipid (fat)"": 136.2702102}","{""Calcium, Ca"": [1000.0, 2500.0], ""Copper, Cu"": [0.9, 10.0], ""Iron, Fe"": [18.0, 45.0], ""Magnesium, Mg"": [310.0, 660.0], ""Manganese, Mn"": [1.8, 11.0], ""Phosphorus, P"": [700.0, 4000.0], ""Sodium, Na"": [1500.0, 2300.0], ""Potassium, K"": [4700.0, 10000.0], ""Zinc, Zn"": [8.0, 40.0], ""Carbohydrate, by difference"": [170.0, 300.0], ""Fiber, total dietary"": [20.0, 9999.0], ""Protein"": [40.0, 100.0], ""Energy"": [2000.0, 2400.0], ""Vitamin A"": [700.0, 3000.0], ""Vitamin B-6"": [1.3, 100.0], ""Vitamin B-12"": [2.4, 10000.0], ""Vitamin C, total ascorbic acid"": [75.0, 2000.0], ""Vitamin D"": [600.0, 4000.0], ""Vitamin E (alpha-tocopherol)"": [15.0, 1000.0], ""Thiamin"": [1.1, 10000.0], ""Riboflavin"": [1.1, 10000.0], ""Niacin"": [14.0, 35.0], ""Pantothenic acid"": [5.0, 10000.0], ""Vitamin B-9 Folic acid"": [400.0, 1000.0], ""Vitamin B-7"": [30.0, 10000.0], ""Total lipid (fat)"": [40.0, 120.0]}"
NSGA-II,2,without_diversity,20,121.2,51.94,665.0,0.714774,0.714774,15,"[48, 5, 40, 92, 46, 86, 42]","[400, 155, 295, 185, 163, 195, 105, 366, 208, 251, 284, 266, 113]","[48, 5, 40, 92, 46, 86, 42, 400, 155, 295, 185, 163, 195, 105, 366, 208, 251, 284, 266, 113]","{""Calcium, Ca"": 694.2326380000001, ""Copper, Cu"": 1.3864603000000002, ""Iron, Fe"": 19.379976900000003, ""Magnesium, Mg"": 318.21372999999994, ""Manganese, Mn"": 2.8245616000000004, ""Phosphorus, P"": 628.8809994999999, ""Sodium, Na"": 2439.9866100000004, ""Potassium, K"": 5782.368088000001, ""Zinc, Zn"": 6.167926099999999, ""Carbohydrate, by difference"": 344.826711, ""Fiber, total dietary"": 61.0652046, ""Protein"": 59.1230748, ""Energy"": 2575.7764500000003, ""Vitamin A"": 1992.2484599999998, ""Vitamin B-6"": 2.2145245000000005, ""Vitamin B-12"": 4.1235, ""Vitamin C, total ascorbic acid"": 564.5528599999999, ""Vitamin D"": 0.1988565, ""Vitamin E (alpha-tocopherol)"": 73.294432, ""Thiamin"": 11.4452866, ""Riboflavin"": 2.1319335, ""Niacin"": 12.482358200000002, ""Pantothenic acid"": 18.420519000000002, ""Vitamin B-9 Folic acid"": 449.53674, ""Vitamin B-7"": 11.488731000000001, ""Total lipid (fat)"": 134.33862619999996}","{""Calcium, Ca"": [1000.0, 2500.0], ""Copper, Cu"": [0.9, 10.0], ""Iron, Fe"": [18.0, 45.0], ""Magnesium, Mg"": [310.0, 660.0], ""Manganese, Mn"": [1.8, 11.0], ""Phosphorus, P"": [700.0, 4000.0], ""Sodium, Na"": [1500.0, 2300.0], ""Potassium, K"": [4700.0, 10000.0], ""Zinc, Zn"": [8.0, 40.0], ""Carbohydrate, by difference"": [170.0, 300.0], ""Fiber, total dietary"": [20.0, 9999.0], ""Protein"": [40.0, 100.0], ""Energy"": [2000.0, 2400.0], ""Vitamin A"": [700.0, 3000.0], ""Vitamin B-6"": [1.3, 100.0], ""Vitamin B-12"": [2.4, 10000.0], ""Vitamin C, total ascorbic acid"": [75.0, 2000.0], ""Vitamin D"": [600.0, 4000.0], ""Vitamin E (alpha-tocopherol)"": [15.0, 1000.0], ""Thiamin"": [1.1, 10000.0], ""Riboflavin"": [1.1, 10000.0], ""Niacin"": [14.0, 35.0], ""Pantothenic acid"": [5.0, 10000.0], ""Vitamin B-9 Folic acid"": [400.0, 1000.0], ""Vitamin B-7"": [30.0, 10000.0], ""Total lipid (fat)"": [40.0, 120.0]}"
NSGA-II,2,without_diversity,21,127.5,39.24,435.0,0.614637,0.614637,11,"[14, 88, 1, 58]","[241, 399, 389, 96, 248, 160, 249, 234, 208, 161, 245, 139, 376, 251, 336]","[14, 88, 1, 58, 241, 399, 389, 96, 248, 160, 249, 234, 208, 161, 245, 139, 376, 251, 336]","{""Calcium, Ca"": 1304.0407000000002, ""Copper, Cu"": 1.8034052000000003, ""Iron, Fe"": 19.176278999999994, ""Magnesium, Mg"": 457.9942, ""Manganese, Mn"": 4.6307523999999995, ""Phosphorus, P"": 1213.9025000000001, ""Sodium, Na"": 2586.285, ""Potassium, K"": 6227.9402, ""Zinc, Zn"": 9.353512, ""Carbohydrate, by difference"": 333.21543, ""Fiber, total dietary"": 42.888918, ""Protein"": 63.57605999999999, ""Energy"": 2719.0921999999996, ""Vitamin A"": 1266.3775039, ""Vitamin B-6"": 2.832081, ""Vitamin B-12"": 37.437265000000004, ""Vitamin C, total ascorbic acid"": 561.91177, ""Vitamin D"": 0.19921830000000001, ""Vitamin E (alpha-tocopherol)"": 53.09103999999999, ""Thiamin"": 13.664134999999996, ""Riboflavin"": 6.951754399999999, ""Niacin"": 15.463446000000001, ""Pantothenic acid"": 49.623734000000006, ""Vitamin B-9 Folic acid"": 570.2939000000001, ""Vitamin B-7"": 20.687954000000005, ""Total lipid (fat)"": 137.91135999999997}","{""Calcium, Ca"": [1000.0, 2500.0], ""Copper, Cu"": [0.9, 10.0], ""Iron, Fe"": [18.0, 45.0], ""Magnesium, Mg"": [310.0, 660.0], ""Manganese, Mn"": [1.8, 11.0], ""Phosphorus, P"": [700.0, 4000.0], ""Sodium, Na"": [1500.0, 2300.0], ""Potassium, K"": [4700.0, 10000.0], ""Zinc, Zn"": [8.0, 40.0], ""Carbohydrate, by difference"": [170.0, 300.0], ""Fiber, total dietary"": [20.0, 9999.0], ""Protein"": [40.0, 100.0], ""Energy"": [2000.0, 2400.0], ""Vitamin A"": [700.0, 3000.0], ""Vitamin B-6"": [1.3, 100.0], ""Vitamin B-12"": [2.4, 10000.0], ""Vitamin C, total ascorbic acid"": [75.0, 2000.0], ""Vitamin D"": [600.0, 4000.0], ""Vitamin E (alpha-tocopherol)"": [15.0, 1000.0], ""Thiamin"": [1.1, 10000.0], ""Riboflavin"": [1.1, 10000.0], ""Niacin"": [14.0, 35.0], ""Pantothenic acid"": [5.0, 10000.0], ""Vitamin B-9 Folic acid"": [400.0, 1000.0], ""Vitamin B-7"": [30.0, 10000.0], ""Total lipid (fat)"": [40.0, 120.0]}"
NSGA-II,2,without_diversity,22,30.7,15.38,210.0,1.329194,1.329194,6,"[93, 64]","[191, 281, 250, 336]","[93, 64, 191, 281, 250, 336]","{""Calcium, Ca"": 669.3764, ""Copper, Cu"": 0.8656098999999999, ""Iron, Fe"": 12.715610000000002, ""Magnesium, Mg"": 265.1959, ""Manganese, Mn"": 1.075931, ""Phosphorus, P"": 1376.5963000000002, ""Sodium, Na"": 1326.441, ""Potassium, K"": 4318.856, ""Zinc, Zn"": 19.939183, ""Carbohydrate, by difference"": 151.24730000000002, ""Fiber, total dietary"": 20.22678, ""Protein"": 101.53367, ""Energy"": 2208.999, ""Vitamin A"": 73.0612, ""Vitamin B-6"": 2.8792899999999997, ""Vitamin B-12"": 8.48339, ""Vitamin C, total ascorbic acid"": 144.2924, ""Vitamin D"": 0.1933893, ""Vitamin E (alpha-tocopherol)"": 29.208129999999997, ""Thiamin"": 5.66458, ""Riboflavin"": 2.0500705999999997, ""Niacin"": 19.50372, ""Pantothenic acid"": 8.928035, ""Vitamin B-9 Folic acid"": 231.4776, ""Vitamin B-7"": 10.767731999999999, ""Total lipid (fat)"": 137.9865}","{""Calcium, Ca"": [1000.0, 2500.0], ""Copper, Cu"": [0.9, 10.0], ""Iron, Fe"": [18.0, 45.0], ""Magnesium, Mg"": [310.0, 660.0], ""Manganese, Mn"": [1.8, 11.0], ""Phosphorus, P"": [700.0, 4000.0], ""Sodium, Na"": [1500.0, 2300.0], ""Potassium, K"": [4700.0, 10000.0], ""Zinc, Zn"": [8.0, 40.0], ""Carbohydrate, by difference"": [170.0, 300.0], ""Fiber, total dietary"": [20.0, 9999.0], ""Protein"": [40.0, 100.0], ""Energy"": [2000.0, 2400.0], ""Vitamin A"": [700.0, 3000.0], ""Vitamin B-6"": [1.3, 100.0], ""Vitamin B-12"": [2.4, 10000.0], ""Vitamin C, total ascorbic acid"": [75.0, 2000.0], ""Vitamin D"": [600.0, 4000.0], ""Vitamin E (alpha-tocopherol)"": [15.0, 1000.0], ""Thiamin"": [1.1, 10000.0], ""Riboflavin"": [1.1, 10000.0], ""Niacin"": [14.0, 35.0], ""Pantothenic acid"": [5.0, 10000.0], ""Vitamin B-9 Folic acid"": [400.0, 1000.0], ""Vitamin B-7"": [30.0, 10000.0], ""Total lipid (fat)"": [40.0, 120.0]}"
NSGA-II,2,without_diversity,23,20.7,13.58,190.0,0.87764,0.87764,5,"[20, 22, 73]","[373, 336]","[20, 22, 73, 373, 336]","{""Calcium, Ca"": 505.02650000000006, ""Copper, Cu"": 1.8758830000000002, ""Iron, Fe"": 23.87219, ""Magnesium, Mg"": 372.4207, ""Manganese, Mn"": 1.1490655, ""Phosphorus, P"": 1663.43, ""Sodium, Na"": 1459.4479999999999, ""Potassium, K"": 3779.2569999999996, ""Zinc, Zn"": 22.24866, ""Carbohydrate, by difference"": 207.005, ""Fiber, total dietary"": 26.45889, ""Protein"": 108.40805, ""Energy"": 2455.639, ""Vitamin A"": 1060.94248, ""Vitamin B-6"": 3.282763, ""Vitamin B-12"": 8.678138, ""Vitamin C, total ascorbic acid"": 162.422994, ""Vitamin D"": 0.6404259999999999, ""Vitamin E (alpha-tocopherol)"": 37.05104, ""Thiamin"": 7.470179999999999, ""Riboflavin"": 3.6130119999999994, ""Niacin"": 32.925114, ""Pantothenic acid"": 8.68452, ""Vitamin B-9 Folic acid"": 258.7976, ""Vitamin B-7"": 19.599204, ""Total lipid (fat)"": 137.9736}","{""Calcium, Ca"": [1000.0, 2500.0], ""Copper, Cu"": [0.9, 10.0], ""Iron, Fe"": [18.0, 45.0], ""Magnesium, Mg"": [310.0, 660.0], ""Manganese, Mn"": [1.8, 11.0], ""Phosphorus, P"": [700.0, 4000.0], ""Sodium, Na"": [1500.0, 2300.0], ""Potassium, K"": [4700.0, 10000.0], ""Zinc, Zn"": [8.0, 40.0], ""Carbohydrate, by difference"": [170.0, 300.0], ""Fiber, total dietary"": [20.0, 9999.0], ""Protein"": [40.0, 100.0], ""Energy"": [2000.0, 2400.0], ""Vitamin A"": [700.0, 3000.0], ""Vitamin B-6"": [1.3, 100.0], ""Vitamin B-12"": [2.4, 10000.0], ""Vitamin C, total ascorbic acid"": [75.0, 2000.0], ""Vitamin D"": [600.0, 4000.0], ""Vitamin E (alpha-tocopherol)"": [15.0, 1000.0], ""Thiamin"": [1.1, 10000.0], ""Riboflavin"": [1.1, 10000.0], ""Niacin"": [14.0, 35.0], ""Pantothenic acid"": [5.0, 10000.0], ""Vitamin B-9 Folic acid"": [400.0, 1000.0], ""Vitamin B-7"": [30.0, 10000.0], ""Total lipid (fat)"": [40.0, 120.0]}"
NSGA-II,2,without_diversity,24,103.4,20.63,885.0,1.037504,1.037504,11,"[72, 35, 43, 88]","[336, 242, 388, 153, 234, 123, 332, 271, 163, 177, 266, 284]","[72, 35, 43, 88, 336, 242, 388, 153, 234, 123, 332, 271, 163, 177, 266, 284]","{""Calcium, Ca"": 770.309578, ""Copper, Cu"": 1.3495976, ""Iron, Fe"": 14.333359300000001, ""Magnesium, Mg"": 358.26072, ""Manganese, Mn"": 3.4720262000000006, ""Phosphorus, P"": 1138.4085528, ""Sodium, Na"": 2289.8346, ""Potassium, K"": 4031.4324879999995, ""Zinc, Zn"": 9.713064999999999, ""Carbohydrate, by difference"": 344.54291000000006, ""Fiber, total dietary"": 28.987391, ""Protein"": 59.644445299999994, ""Energy"": 2682.0714300000004, ""Vitamin A"": 847.2131200000001, ""Vitamin B-6"": 1.9824746999999998, ""Vitamin B-12"": 10.4756433, ""Vitamin C, total ascorbic acid"": 135.36547199999998, ""Vitamin D"": 0.9469606, ""Vitamin E (alpha-tocopherol)"": 44.585280000000004, ""Thiamin"": 27.756882599999997, ""Riboflavin"": 2.6143826999999997, ""Niacin"": 9.366606199999998, ""Pantothenic acid"": 76.83768059999998, ""Vitamin B-9 Folic acid"": 301.31586, ""Vitamin B-7"": 21.927524, ""Total lipid (fat)"": 130.4343802}","{""Calcium, Ca"": [1000.0, 2500.0], ""Copper, Cu"": [0.9, 10.0], ""Iron, Fe"": [18.0, 45.0], ""Magnesium, Mg"": [310.0, 660.0], ""Manganese, Mn"": [1.8, 11.0], ""Phosphorus, P"": [700.0, 4000.0], ""Sodium, Na"": [1500.0, 2300.0], ""Potassium, K"": [4700.0, 10000.0], ""Zinc, Zn"": [8.0, 40.0], ""Carbohydrate, by difference"": [170.0, 300.0], ""Fiber, total dietary"": [20.0, 9999.0], ""Protein"": [40.0, 100.0], ""Energy"": [2000.0, 2400.0], ""Vitamin A"": [700.0, 3000.0], ""Vitamin B-6"": [1.3, 100.0], ""Vitamin B-12"": [2.4, 10000.0], ""Vitamin C, total ascorbic acid"": [75.0, 2000.0], ""Vitamin D"": [600.0, 4000.0], ""Vitamin E (alpha-tocopherol)"": [15.0, 1000.0], ""Thiamin"": [1.1, 10000.0], ""Riboflavin"": [1.1, 10000.0], ""Niacin"": [14.0, 35.0], ""Pantothenic acid"": [5.0, 10000.0], ""Vitamin B-9 Folic acid"": [400.0, 1000.0], ""Vitamin B-7"": [30.0, 10000.0], ""Total lipid (fat)"": [40.0, 120.0]}"
NSGA-II,2,without_diversity,25,12.7,15.43,325.0,1.529302,1.529302,6,"[31, 71]","[399, 345, 248, 369, 266]","[31, 71, 399, 345, 248, 369, 266]","{""Calcium, Ca"": 444.15764, ""Copper, Cu"": 1.3335983999999999, ""Iron, Fe"": 9.798656999999999, ""Magnesium, Mg"": 260.32003000000003, ""Manganese, Mn"": 1.0364172, ""Phosphorus, P"": 1102.76384, ""Sodium, Na"": 1349.339, ""Potassium, K"": 3388.5816, ""Zinc, Zn"": 7.596101999999999, ""Carbohydrate, by difference"": 182.99059, ""Fiber, total dietary"": 15.721352, ""Protein"": 112.946182, ""Energy"": 2371.61803, ""Vitamin A"": 11.545433899999999, ""Vitamin B-6"": 3.3652619, ""Vitamin B-12"": 9.510777, ""Vitamin C, total ascorbic acid"": 103.305732, ""Vitamin D"": 0.1031656, ""Vitamin E (alpha-tocopherol)"": 80.94709, ""Thiamin"": 47.00116, ""Riboflavin"": 2.3946796999999997, ""Niacin"": 36.0322952, ""Pantothenic acid"": 18.78195, ""Vitamin B-9 Folic acid"": 310.2779, ""Vitamin B-7"": 15.600928999999999, ""Total lipid (fat)"": 137.9867202}","{""Calcium, Ca"": [1000.0, 2500.0], ""Copper, Cu"": [0.9, 10.0], ""Iron, Fe"": [18.0, 45.0], ""Magnesium, Mg"": [310.0, 660.0], ""Manganese, Mn"": [1.8, 11.0], ""Phosphorus, P"": [700.0, 4000.0], ""Sodium, Na"": [1500.0, 2300.0], ""Potassium, K"": [4700.0, 10000.0], ""Zinc, Zn"": [8.0, 40.0], ""Carbohydrate, by difference"": [170.0, 300.0], ""Fiber, total dietary"": [20.0, 9999.0], ""Protein"": [40.0, 100.0], ""Energy"": [2000.0, 2400.0], ""Vitamin A"": [700.0, 3000.0], ""Vitamin B-6"": [1.3, 100.0], ""Vitamin B-12"": [2.4, 10000.0], ""Vitamin C, total ascorbic acid"": [75.0, 2000.0], ""Vitamin D"": [600.0, 4000.0], ""Vitamin E (alpha-tocopherol)"": [15.0, 1000.0], ""Thiamin"": [1.1, 10000.0], ""Riboflavin"": [1.1, 10000.0], ""Niacin"": [14.0, 35.0], ""Pantothenic acid"": [5.0, 10000.0], ""Vitamin B-9 Folic acid"": [400.0, 1000.0], ""Vitamin B-7"": [30.0, 10000.0], ""Total lipid (fat)"": [40.0, 120.0]}"
NSGA-II,2,without_diversity,26,70.7,21.68,175.0,0.683944,0.683944,9,"[14, 52, 27, 17]","[156, 355, 331, 250, 155, 302, 336, 266]","[14, 52, 27, 17, 156, 355, 331, 250, 155, 302, 336, 266]","{""Calcium, Ca"": 926.72254, ""Copper, Cu"": 1.4062822, ""Iron, Fe"": 16.527600999999997, ""Magnesium, Mg"": 401.85792, ""Manganese, Mn"": 2.9003981999999997, ""Phosphorus, P"": 1020.4577399999998, ""Sodium, Na"": 2322.317, ""Potassium, K"": 6119.3522, ""Zinc, Zn"": 14.668137000000002, ""Carbohydrate, by difference"": 296.55530999999996, ""Fiber, total dietary"": 37.704202, ""Protein"": 101.03967199999998, ""Energy"": 2731.1970300000003, ""Vitamin A"": 838.14302, ""Vitamin B-6"": 3.999656, ""Vitamin B-12"": 6.25975, ""Vitamin C, total ascorbic acid"": 315.681902, ""Vitamin D"": 0.405914, ""Vitamin E (alpha-tocopherol)"": 24.83885, ""Thiamin"": 7.45761, ""Riboflavin"": 1.9081487000000001, ""Niacin"": 18.917200200000003, ""Pantothenic acid"": 12.766779999999999, ""Vitamin B-9 Folic acid"": 262.20181, ""Vitamin B-7"": 19.246470000000002, ""Total lipid (fat)"": 137.2384802}","{""Calcium, Ca"": [1000.0, 2500.0], ""Copper, Cu"": [0.9, 10.0], ""Iron, Fe"": [18.0, 45.0], ""Magnesium, Mg"": [310.0, 660.0], ""Manganese, Mn"": [1.8, 11.0], ""Phosphorus, P"": [700.0, 4000.0], ""Sodium, Na"": [1500.0, 2300.0], ""Potassium, K"": [4700.0, 10000.0], ""Zinc, Zn"": [8.0, 40.0], ""Carbohydrate, by difference"": [170.0, 300.0], ""Fiber, total dietary"": [20.0, 9999.0], ""Protein"": [40.0, 100.0], ""Energy"": [2000.0, 2400.0], ""Vitamin A"": [700.0, 3000.0], ""Vitamin B-6"": [1.3, 100.0], ""Vitamin B-12"": [2.4, 10000.0], ""Vitamin C, total ascorbic acid"": [75.0, 2000.0], ""Vitamin D"": [600.0, 4000.0], ""Vitamin E (alpha-tocopherol)"": [15.0, 1000.0], ""Thiamin"": [1.1, 10000.0], ""Riboflavin"": [1.1, 10000.0], ""Niacin"": [14.0, 35.0], ""Pantothenic acid"": [5.0, 10000.0], ""Vitamin B-9 Folic acid"": [400.0, 1000.0], ""Vitamin B-7"": [30.0, 10000.0], ""Total lipid (fat)"": [40.0, 120.0]}"
NSGA-II,2,without_diversity,27,148.6,31.53,452.0,0.785569,0.785569,11,"[44, 26, 7, 55, 61, 91, 89, 82, 2, 18]","[182, 396, 360, 241, 297, 105, 332, 361]","[44, 26, 7, 55, 61, 91, 89, 82, 2, 18, 182, 396, 360, 241, 297, 105, 332, 361]","{""Calcium, Ca"": 1197.3606900000002, ""Copper, Cu"": 1.3051433, ""Iron, Fe"": 15.0411978, ""Magnesium, Mg"": 318.33204, ""Manganese, Mn"": 3.0732399999999997, ""Phosphorus, P"": 1020.2802999999999, ""Sodium, Na"": 2618.2644099999998, ""Potassium, K"": 5471.7473, ""Zinc, Zn"": 7.586136999999999, ""Carbohydrate, by difference"": 342.62908, ""Fiber, total dietary"": 57.715350900000004, ""Protein"": 61.393345999999994, ""Energy"": 2628.5491, ""Vitamin A"": 392.64784319999995, ""Vitamin B-6"": 2.4009538000000004, ""Vitamin B-12"": 25.66995, ""Vitamin C, total ascorbic acid"": 484.92512, ""Vitamin D"": 0.6425193, ""Vitamin E (alpha-tocopherol)"": 53.09168999999999, ""Thiamin"": 7.5284318, ""Riboflavin"": 6.0578568, ""Niacin"": 12.624866, ""Pantothenic acid"": 49.09044300000001, ""Vitamin B-9 Folic acid"": 453.90551, ""Vitamin B-7"": 20.361221, ""Total lipid (fat)"": 132.59121800000003}","{""Calcium, Ca"": [1000.0, 2500.0], ""Copper, Cu"": [0.9, 10.0], ""Iron, Fe"": [18.0, 45.0], ""Magnesium, Mg"": [310.0, 660.0], ""Manganese, Mn"": [1.8, 11.0], ""Phosphorus, P"": [700.0, 4000.0], ""Sodium, Na"": [1500.0, 2300.0], ""Potassium, K"": [4700.0, 10000.0], ""Zinc, Zn"": [8.0, 40.0], ""Carbohydrate, by difference"": [170.0, 300.0], ""Fiber, total dietary"": [20.0, 9999.0], ""Protein"": [40.0, 100.0], ""Energy"": [2000.0, 2400.0], ""Vitamin A"": [700.0, 3000.0], ""Vitamin B-6"": [1.3, 100.0], ""Vitamin B-12"": [2.4, 10000.0], ""Vitamin C, total ascorbic acid"": [75.0, 2000.0], ""Vitamin D"": [600.0, 4000.0], ""Vitamin E (alpha-tocopherol)"": [15.0, 1000.0], ""Thiamin"": [1.1, 10000.0], ""Riboflavin"": [1.1, 10000.0], ""Niacin"": [14.0, 35.0], ""Pantothenic acid"": [5.0, 10000.0], ""Vitamin B-9 Folic acid"": [400.0, 1000.0], ""Vitamin B-7"": [30.0, 10000.0], ""Total lipid (fat)"": [40.0, 120.0]}"
NSGA-II,2,without_diversity,28,64.5,27.72,248.0,0.897024,0.897024,8,"[46, 4, 50]","[363, 314, 217, 105, 158, 361, 252, 266]","[46, 4, 50, 363, 314, 217, 105, 158, 361, 252, 266]","{""Calcium, Ca"": 587.85744, ""Copper, Cu"": 1.5508497, ""Iron, Fe"": 19.347297, ""Magnesium, Mg"": 315.24602, ""Manganese, Mn"": 2.0516992000000003, ""Phosphorus, P"": 1254.60504, ""Sodium, Na"": 1856.0837399999998, ""Potassium, K"": 5274.9462, ""Zinc, Zn"": 16.664068999999998, ""Carbohydrate, by difference"": 343.76789999999994, ""Fiber, total dietary"": 50.902772000000006, ""Protein"": 102.003612, ""Energy"": 2654.3102300000005, ""Vitamin A"": 1529.64148, ""Vitamin B-6"": 2.6977368000000004, ""Vitamin B-12"": 5.48382, ""Vitamin C, total ascorbic acid"": 398.914802, ""Vitamin D"": 0.200036, ""Vitamin E (alpha-tocopherol)"": 42.738240000000005, ""Thiamin"": 4.9901288, ""Riboflavin"": 1.5004917, ""Niacin"": 20.0903382, ""Pantothenic acid"": 4.833267, ""Vitamin B-9 Folic acid"": 217.83132000000003, ""Vitamin B-7"": 13.191538000000001, ""Total lipid (fat)"": 137.5273282}","{""Calcium, Ca"": [1000.0, 2500.0], ""Copper, Cu"": [0.9, 10.0], ""Iron, Fe"": [18.0, 45.0], ""Magnesium, Mg"": [310.0, 660.0], ""Manganese, Mn"": [1.8, 11.0], ""Phosphorus, P"": [700.0, 4000.0], ""Sodium, Na"": [1500.0, 2300.0], ""Potassium, K"": [4700.0, 10000.0], ""Zinc, Zn"": [8.0, 40.0], ""Carbohydrate, by difference"": [170.0, 300.0], ""Fiber, total dietary"": [20.0, 9999.0], ""Protein"": [40.0, 100.0], ""Energy"": [2000.0, 2400.0], ""Vitamin A"": [700.0, 3000.0], ""Vitamin B-6"": [1.3, 100.0], ""Vitamin B-12"": [2.4, 10000.0], ""Vitamin C, total ascorbic acid"": [75.0, 2000.0], ""Vitamin D"": [600.0, 4000.0], ""Vitamin E (alpha-tocopherol)"": [15.0, 1000.0], ""Thiamin"": [1.1, 10000.0], ""Riboflavin"": [1.1, 10000.0], ""Niacin"": [14.0, 35.0], ""Pantothenic acid"": [5.0, 10000.0], ""Vitamin B-9 Folic acid"": [400.0, 1000.0], ""Vitamin B-7"": [30.0, 10000.0], ""Total lipid (fat)"": [40.0, 120.0]}"
NSGA-II,2,without_diversity,29,122.3,43.78,335.0,0.574339,0.574339,12,"[93, 69, 7, 88, 91, 74, 34, 16]","[405, 270, 330, 209, 159, 313, 285, 375, 251, 266, 161, 336, 245]","[93, 69, 7, 88, 91, 74, 34, 16, 405, 270, 330, 209, 159, 313, 285, 375, 251, 266, 161, 336, 245]","{""Calcium, Ca"": 1192.9103899999996, ""Copper, Cu"": 2.1554806999999996, ""Iron, Fe"": 20.1459218, ""Magnesium, Mg"": 446.42219, ""Manganese, Mn"": 2.6449745, ""Phosphorus, P"": 1347.8804400000004, ""Sodium, Na"": 2452.4419, ""Potassium, K"": 6420.2689, ""Zinc, Zn"": 12.769239000000002, ""Carbohydrate, by difference"": 342.86579, ""Fiber, total dietary"": 50.308948000000015, ""Protein"": 87.529602, ""Energy"": 2702.9628300000004, ""Vitamin A"": 1437.61197, ""Vitamin B-6"": 4.807583800000001, ""Vitamin B-12"": 34.2558757, ""Vitamin C, total ascorbic acid"": 442.878542, ""Vitamin D"": 0.284508, ""Vitamin E (alpha-tocopherol)"": 42.59266, ""Thiamin"": 6.22254, ""Riboflavin"": 16.6508811, ""Niacin"": 16.409610200000003, ""Pantothenic acid"": 225.33521409999997, ""Vitamin B-9 Folic acid"": 408.20761, ""Vitamin B-7"": 25.423720999999997, ""Total lipid (fat)"": 137.93001019999997}","{""Calcium, Ca"": [1000.0, 2500.0], ""Copper, Cu"": [0.9, 10.0], ""Iron, Fe"": [18.0, 45.0], ""Magnesium, Mg"": [310.0, 660.0], ""Manganese, Mn"": [1.8, 11.0], ""Phosphorus, P"": [700.0, 4000.0], ""Sodium, Na"": [1500.0, 2300.0], ""Potassium, K"": [4700.0, 10000.0], ""Zinc, Zn"": [8.0, 40.0], ""Carbohydrate, by difference"": [170.0, 300.0], ""Fiber, total dietary"": [20.0, 9999.0], ""Protein"": [40.0, 100.0], ""Energy"": [2000.0, 2400.0], ""Vitamin A"": [700.0, 3000.0], ""Vitamin B-6"": [1.3, 100.0], ""Vitamin B-12"": [2.4, 10000.0], ""Vitamin C, total ascorbic acid"": [75.0, 2000.0], ""Vitamin D"": [600.0, 4000.0], ""Vitamin E (alpha-tocopherol)"": [15.0, 1000.0], ""Thiamin"": [1.1, 10000.0], ""Riboflavin"": [1.1, 10000.0], ""Niacin"": [14.0, 35.0], ""Pantothenic acid"": [5.0, 10000.0], ""Vitamin B-9 Folic acid"": [400.0, 1000.0], ""Vitamin B-7"": [30.0, 10000.0], ""Total lipid (fat)"": [40.0, 120.0]}"
NSGA-II,2,without_diversity,30,30.7,15.38,210.0,1.329194,1.329194,6,"[93, 64]","[191, 281, 250, 336]","[93, 64, 191, 281, 250, 336]","{""Calcium, Ca"": 669.3764, ""Copper, Cu"": 0.8656098999999999, ""Iron, Fe"": 12.715610000000002, ""Magnesium, Mg"": 265.1959, ""Manganese, Mn"": 1.075931, ""Phosphorus, P"": 1376.5963000000002, ""Sodium, Na"": 1326.441, ""Potassium, K"": 4318.856, ""Zinc, Zn"": 19.939183, ""Carbohydrate, by difference"": 151.24730000000002, ""Fiber, total dietary"": 20.22678, ""Protein"": 101.53367, ""Energy"": 2208.999, ""Vitamin A"": 73.0612, ""Vitamin B-6"": 2.8792899999999997, ""Vitamin B-12"": 8.48339, ""Vitamin C, total ascorbic acid"": 144.2924, ""Vitamin D"": 0.1933893, ""Vitamin E (alpha-tocopherol)"": 29.208129999999997, ""Thiamin"": 5.66458, ""Riboflavin"": 2.0500705999999997, ""Niacin"": 19.50372, ""Pantothenic acid"": 8.928035, ""Vitamin B-9 Folic acid"": 231.4776, ""Vitamin B-7"": 10.767731999999999, ""Total lipid (fat)"": 137.9865}","{""Calcium, Ca"": [1000.0, 2500.0], ""Copper, Cu"": [0.9, 10.0], ""Iron, Fe"": [18.0, 45.0], ""Magnesium, Mg"": [310.0, 660.0], ""Manganese, Mn"": [1.8, 11.0], ""Phosphorus, P"": [700.0, 4000.0], ""Sodium, Na"": [1500.0, 2300.0], ""Potassium, K"": [4700.0, 10000.0], ""Zinc, Zn"": [8.0, 40.0], ""Carbohydrate, by difference"": [170.0, 300.0], ""Fiber, total dietary"": [20.0, 9999.0], ""Protein"": [40.0, 100.0], ""Energy"": [2000.0, 2400.0], ""Vitamin A"": [700.0, 3000.0], ""Vitamin B-6"": [1.3, 100.0], ""Vitamin B-12"": [2.4, 10000.0], ""Vitamin C, total ascorbic acid"": [75.0, 2000.0], ""Vitamin D"": [600.0, 4000.0], ""Vitamin E (alpha-tocopherol)"": [15.0, 1000.0], ""Thiamin"": [1.1, 10000.0], ""Riboflavin"": [1.1, 10000.0], ""Niacin"": [14.0, 35.0], ""Pantothenic acid"": [5.0, 10000.0], ""Vitamin B-9 Folic acid"": [400.0, 1000.0], ""Vitamin B-7"": [30.0, 10000.0], ""Total lipid (fat)"": [40.0, 120.0]}"
NSGA-II,2,without_diversity,31,140.0,31.17,707.0,0.922926,0.922926,12,"[44, 26, 7, 55, 61, 91, 89, 82, 2, 18]","[96, 303, 195, 137, 214, 298, 99, 338]","[44, 26, 7, 55, 61, 91, 89, 82, 2, 18, 96, 303, 195, 137, 214, 298, 99, 338]","{""Calcium, Ca"": 1109.0956899999999, ""Copper, Cu"": 1.3047214999999999, ""Iron, Fe"": 13.6769278, ""Magnesium, Mg"": 342.31135000000006, ""Manganese, Mn"": 9.1363896, ""Phosphorus, P"": 1275.2442999999998, ""Sodium, Na"": 2546.2164700000003, ""Potassium, K"": 3620.1047000000003, ""Zinc, Zn"": 13.724393000000001, ""Carbohydrate, by difference"": 286.73715, ""Fiber, total dietary"": 26.0975979, ""Protein"": 69.096742, ""Energy"": 2505.2893, ""Vitamin A"": 359.38466999999997, ""Vitamin B-6"": 3.3133426000000004, ""Vitamin B-12"": 5.2673499999999995, ""Vitamin C, total ascorbic acid"": 211.450329, ""Vitamin D"": 0.2596446, ""Vitamin E (alpha-tocopherol)"": 55.01263, ""Thiamin"": 9.6240527, ""Riboflavin"": 4.5169321, ""Niacin"": 7.9394219999999995, ""Pantothenic acid"": 27.636928900000004, ""Vitamin B-9 Folic acid"": 452.41801999999996, ""Vitamin B-7"": 25.842962999999997, ""Total lipid (fat)"": 137.99147}","{""Calcium, Ca"": [1000.0, 2500.0], ""Copper, Cu"": [0.9, 10.0], ""Iron, Fe"": [18.0, 45.0], ""Magnesium, Mg"": [310.0, 660.0], ""Manganese, Mn"": [1.8, 11.0], ""Phosphorus, P"": [700.0, 4000.0], ""Sodium, Na"": [1500.0, 2300.0], ""Potassium, K"": [4700.0, 10000.0], ""Zinc, Zn"": [8.0, 40.0], ""Carbohydrate, by difference"": [170.0, 300.0], ""Fiber, total dietary"": [20.0, 9999.0], ""Protein"": [40.0, 100.0], ""Energy"": [2000.0, 2400.0], ""Vitamin A"": [700.0, 3000.0], ""Vitamin B-6"": [1.3, 100.0], ""Vitamin B-12"": [2.4, 10000.0], ""Vitamin C, total ascorbic acid"": [75.0, 2000.0], ""Vitamin D"": [600.0, 4000.0], ""Vitamin E (alpha-tocopherol)"": [15.0, 1000.0], ""Thiamin"": [1.1, 10000.0], ""Riboflavin"": [1.1, 10000.0], ""Niacin"": [14.0, 35.0], ""Pantothenic acid"": [5.0, 10000.0], ""Vitamin B-9 Folic acid"": [400.0, 1000.0], ""Vitamin B-7"": [30.0, 10000.0], ""Total lipid (fat)"": [40.0, 120.0]}"
NSGA-II,2,without_diversity,32,20.7,13.58,190.0,0.87764,0.87764,5,"[20, 22, 73]","[373, 336]","[20, 22, 73, 373, 336]","{""Calcium, Ca"": 505.02650000000006, ""Copper, Cu"": 1.8758830000000002, ""Iron, Fe"": 23.87219, ""Magnesium, Mg"": 372.4207, ""Manganese, Mn"": 1.1490655, ""Phosphorus, P"": 1663.43, ""Sodium, Na"": 1459.4479999999999, ""Potassium, K"": 3779.2569999999996, ""Zinc, Zn"": 22.24866, ""Carbohydrate, by difference"": 207.005, ""Fiber, total dietary"": 26.45889, ""Protein"": 108.40805, ""Energy"": 2455.639, ""Vitamin A"": 1060.94248, ""Vitamin B-6"": 3.282763, ""Vitamin B-12"": 8.678138, ""Vitamin C, total ascorbic acid"": 162.422994, ""Vitamin D"": 0.6404259999999999, ""Vitamin E (alpha-tocopherol)"": 37.05104, ""Thiamin"": 7.470179999999999, ""Riboflavin"": 3.6130119999999994, ""Niacin"": 32.925114, ""Pantothenic acid"": 8.68452, ""Vitamin B-9 Folic acid"": 258.7976, ""Vitamin B-7"": 19.599204, ""Total lipid (fat)"": 137.9736}","{""Calcium, Ca"": [1000.0, 2500.0], ""Copper, Cu"": [0.9, 10.0], ""Iron, Fe"": [18.0, 45.0], ""Magnesium, Mg"": [310.0, 660.0], ""Manganese, Mn"": [1.8, 11.0], ""Phosphorus, P"": [700.0, 4000.0], ""Sodium, Na"": [1500.0, 2300.0], ""Potassium, K"": [4700.0, 10000.0], ""Zinc, Zn"": [8.0, 40.0], ""Carbohydrate, by difference"": [170.0, 300.0], ""Fiber, total dietary"": [20.0, 9999.0], ""Protein"": [40.0, 100.0], ""Energy"": [2000.0, 2400.0], ""Vitamin A"": [700.0, 3000.0], ""Vitamin B-6"": [1.3, 100.0], ""Vitamin B-12"": [2.4, 10000.0], ""Vitamin C, total ascorbic acid"": [75.0, 2000.0], ""Vitamin D"": [600.0, 4000.0], ""Vitamin E (alpha-tocopherol)"": [15.0, 1000.0], ""Thiamin"": [1.1, 10000.0], ""Riboflavin"": [1.1, 10000.0], ""Niacin"": [14.0, 35.0], ""Pantothenic acid"": [5.0, 10000.0], ""Vitamin B-9 Folic acid"": [400.0, 1000.0], ""Vitamin B-7"": [30.0, 10000.0], ""Total lipid (fat)"": [40.0, 120.0]}"
NSGA-II,2,without_diversity,33,53.0,24.44,405.0,1.556736,1.556736,9,"[6, 47, 24, 79]","[366, 241, 220, 349, 314, 150, 376, 245, 266]","[6, 47, 24, 79, 366, 241, 220, 349, 314, 150, 376, 245, 266]","{""Calcium, Ca"": 748.83788, ""Copper, Cu"": 1.2427692, ""Iron, Fe"": 12.213606999999998, ""Magnesium, Mg"": 213.21286, ""Manganese, Mn"": 1.2648677000000002, ""Phosphorus, P"": 839.8015199999999, ""Sodium, Na"": 2316.68391, ""Potassium, K"": 2887.1364000000003, ""Zinc, Zn"": 11.369535, ""Carbohydrate, by difference"": 278.02449000000007, ""Fiber, total dietary"": 19.351311999999997, ""Protein"": 88.255872, ""Energy"": 2754.1520299999997, ""Vitamin A"": 498.74201999999997, ""Vitamin B-6"": 1.9893451, ""Vitamin B-12"": 14.391185, ""Vitamin C, total ascorbic acid"": 108.39399999999999, ""Vitamin D"": 0.9286559999999999, ""Vitamin E (alpha-tocopherol)"": 31.450439999999997, ""Thiamin"": 3.9046469999999998, ""Riboflavin"": 3.2942102, ""Niacin"": 12.6213362, ""Pantothenic acid"": 26.192134, ""Vitamin B-9 Folic acid"": 185.93791000000002, ""Vitamin B-7"": 9.126824000000001, ""Total lipid (fat)"": 136.5645202}","{""Calcium, Ca"": [1000.0, 2500.0], ""Copper, Cu"": [0.9, 10.0], ""Iron, Fe"": [18.0, 45.0], ""Magnesium, Mg"": [310.0, 660.0], ""Manganese, Mn"": [1.8, 11.0], ""Phosphorus, P"": [700.0, 4000.0], ""Sodium, Na"": [1500.0, 2300.0], ""Potassium, K"": [4700.0, 10000.0], ""Zinc, Zn"": [8.0, 40.0], ""Carbohydrate, by difference"": [170.0, 300.0], ""Fiber, total dietary"": [20.0, 9999.0], ""Protein"": [40.0, 100.0], ""Energy"": [2000.0, 2400.0], ""Vitamin A"": [700.0, 3000.0], ""Vitamin B-6"": [1.3, 100.0], ""Vitamin B-12"": [2.4, 10000.0], ""Vitamin C, total ascorbic acid"": [75.0, 2000.0], ""Vitamin D"": [600.0, 4000.0], ""Vitamin E (alpha-tocopherol)"": [15.0, 1000.0], ""Thiamin"": [1.1, 10000.0], ""Riboflavin"": [1.1, 10000.0], ""Niacin"": [14.0, 35.0], ""Pantothenic acid"": [5.0, 10000.0], ""Vitamin B-9 Folic acid"": [400.0, 1000.0], ""Vitamin B-7"": [30.0, 10000.0], ""Total lipid (fat)"": [40.0, 120.0]}"
NSGA-II,2,without_diversity,34,81.9,33.62,438.0,1.583118,1.583118,10,"[31, 78, 94]","[112, 216, 289, 155, 185, 163, 253, 105, 361, 264, 160, 266, 336]","[31, 78, 94, 112, 216, 289, 155, 185, 163, 253, 105, 361, 264, 160, 266, 336]","{""Calcium, Ca"": 384.36364, ""Copper, Cu"": 1.8914832999999998, ""Iron, Fe"": 14.013218, ""Magnesium, Mg"": 215.77566, ""Manganese, Mn"": 1.7753822000000001, ""Phosphorus, P"": 1056.6045200000003, ""Sodium, Na"": 1922.7991049999998, ""Potassium, K"": 4392.1371, ""Zinc, Zn"": 14.208413, ""Carbohydrate, by difference"": 319.03947999999997, ""Fiber, total dietary"": 37.512902, ""Protein"": 100.154192, ""Energy"": 2743.03863, ""Vitamin A"": 96.97305, ""Vitamin B-6"": 1.7963139, ""Vitamin B-12"": 10.830853000000001, ""Vitamin C, total ascorbic acid"": 348.927662, ""Vitamin D"": 0.1192792, ""Vitamin E (alpha-tocopherol)"": 27.2717, ""Thiamin"": 8.024866800000002, ""Riboflavin"": 3.5638082000000004, ""Niacin"": 22.268804199999998, ""Pantothenic acid"": 28.037367000000003, ""Vitamin B-9 Folic acid"": 156.80070000000003, ""Vitamin B-7"": 11.094460000000002, ""Total lipid (fat)"": 137.9720982}","{""Calcium, Ca"": [1000.0, 2500.0], ""Copper, Cu"": [0.9, 10.0], ""Iron, Fe"": [18.0, 45.0], ""Magnesium, Mg"": [310.0, 660.0], ""Manganese, Mn"": [1.8, 11.0], ""Phosphorus, P"": [700.0, 4000.0], ""Sodium, Na"": [1500.0, 2300.0], ""Potassium, K"": [4700.0, 10000.0], ""Zinc, Zn"": [8.0, 40.0], ""Carbohydrate, by difference"": [170.0, 300.0], ""Fiber, total dietary"": [20.0, 9999.0], ""Protein"": [40.0, 100.0], ""Energy"": [2000.0, 2400.0], ""Vitamin A"": [700.0, 3000.0], ""Vitamin B-6"": [1.3, 100.0], ""Vitamin B-12"": [2.4, 10000.0], ""Vitamin C, total ascorbic acid"": [75.0, 2000.0], ""Vitamin D"": [600.0, 4000.0], ""Vitamin E (alpha-tocopherol)"": [15.0, 1000.0], ""Thiamin"": [1.1, 10000.0], ""Riboflavin"": [1.1, 10000.0], ""Niacin"": [14.0, 35.0], ""Pantothenic acid"": [5.0, 10000.0], ""Vitamin B-9 Folic acid"": [400.0, 1000.0], ""Vitamin B-7"": [30.0, 10000.0], ""Total lipid (fat)"": [40.0, 120.0]}"
NSGA-II,2,without_diversity,35,99.7,29.57,147.0,0.894924,0.894924,9,"[61, 91, 82, 18, 53, 2, 44, 81]","[373, 376, 375, 336, 160, 266]","[61, 91, 82, 18, 53, 2, 44, 81, 373, 376, 375, 336, 160, 266]","{""Calcium, Ca"": 967.06463, ""Copper, Cu"": 2.0265222, ""Iron, Fe"": 15.931572800000001, ""Magnesium, Mg"": 270.13471999999996, ""Manganese, Mn"": 1.6916962000000002, ""Phosphorus, P"": 1446.03104, ""Sodium, Na"": 1932.2806699999999, ""Potassium, K"": 5483.1742, ""Zinc, Zn"": 19.488303, ""Carbohydrate, by difference"": 302.72674, ""Fiber, total dietary"": 16.9087629, ""Protein"": 114.80281799999997, ""Energy"": 2649.4045300000002, ""Vitamin A"": 1115.55268, ""Vitamin B-6"": 3.3355102, ""Vitamin B-12"": 7.32966, ""Vitamin C, total ascorbic acid"": 375.47681, ""Vitamin D"": 0.1265507, ""Vitamin E (alpha-tocopherol)"": 23.925568, ""Thiamin"": 6.218439999999999, ""Riboflavin"": 1.6142037, ""Niacin"": 26.991350200000003, ""Pantothenic acid"": 6.072794999999999, ""Vitamin B-9 Folic acid"": 154.95435, ""Vitamin B-7"": 5.86433, ""Total lipid (fat)"": 135.8122502}","{""Calcium, Ca"": [1000.0, 2500.0], ""Copper, Cu"": [0.9, 10.0], ""Iron, Fe"": [18.0, 45.0], ""Magnesium, Mg"": [310.0, 660.0], ""Manganese, Mn"": [1.8, 11.0], ""Phosphorus, P"": [700.0, 4000.0], ""Sodium, Na"": [1500.0, 2300.0], ""Potassium, K"": [4700.0, 10000.0], ""Zinc, Zn"": [8.0, 40.0], ""Carbohydrate, by difference"": [170.0, 300.0], ""Fiber, total dietary"": [20.0, 9999.0], ""Protein"": [40.0, 100.0], ""Energy"": [2000.0, 2400.0], ""Vitamin A"": [700.0, 3000.0], ""Vitamin B-6"": [1.3, 100.0], ""Vitamin B-12"": [2.4, 10000.0], ""Vitamin C, total ascorbic acid"": [75.0, 2000.0], ""Vitamin D"": [600.0, 4000.0], ""Vitamin E (alpha-tocopherol)"": [15.0, 1000.0], ""Thiamin"": [1.1, 10000.0], ""Riboflavin"": [1.1, 10000.0], ""Niacin"": [14.0, 35.0], ""Pantothenic acid"": [5.0, 10000.0], ""Vitamin B-9 Folic acid"": [400.0, 1000.0], ""Vitamin B-7"": [30.0, 10000.0], ""Total lipid (fat)"": [40.0, 120.0]}"
NSGA-II,2,without_diversity,36,101.5,40.24,469.0,0.704072,0.704072,8,"[45, 36, 87, 56, 12, 93]","[161, 355, 174, 250, 344, 249, 208, 251, 105, 284, 266, 245]","[45, 36, 87, 56, 12, 93, 161, 355, 174, 250, 344, 249, 208, 251, 105, 284, 266, 245]","{""Calcium, Ca"": 1097.347278, ""Copper, Cu"": 1.6164972000000002, ""Iron, Fe"": 15.1809853, ""Magnesium, Mg"": 405.77176999999995, ""Manganese, Mn"": 2.8809692000000005, ""Phosphorus, P"": 1262.3762528000002, ""Sodium, Na"": 2519.0334399999997, ""Potassium, K"": 6094.906588000002, ""Zinc, Zn"": 8.020957, ""Carbohydrate, by difference"": 328.27100999999993, ""Fiber, total dietary"": 50.85906200000001, ""Protein"": 56.8930153, ""Energy"": 2709.07223, ""Vitamin A"": 1272.3599100000001, ""Vitamin B-6"": 3.1095708, ""Vitamin B-12"": 24.277048, ""Vitamin C, total ascorbic acid"": 568.905812, ""Vitamin D"": 0.2711953, ""Vitamin E (alpha-tocopherol)"": 53.04554999999999, ""Thiamin"": 8.0181568, ""Riboflavin"": 14.5668108, ""Niacin"": 13.5894712, ""Pantothenic acid"": 85.49358200000005, ""Vitamin B-9 Folic acid"": 359.19862, ""Vitamin B-7"": 100.33368100000001, ""Total lipid (fat)"": 137.87858819999997}","{""Calcium, Ca"": [1000.0, 2500.0], ""Copper, Cu"": [0.9, 10.0], ""Iron, Fe"": [18.0, 45.0], ""Magnesium, Mg"": [310.0, 660.0], ""Manganese, Mn"": [1.8, 11.0], ""Phosphorus, P"": [700.0, 4000.0], ""Sodium, Na"": [1500.0, 2300.0], ""Potassium, K"": [4700.0, 10000.0], ""Zinc, Zn"": [8.0, 40.0], ""Carbohydrate, by difference"": [170.0, 300.0], ""Fiber, total dietary"": [20.0, 9999.0], ""Protein"": [40.0, 100.0], ""Energy"": [2000.0, 2400.0], ""Vitamin A"": [700.0, 3000.0], ""Vitamin B-6"": [1.3, 100.0], ""Vitamin B-12"": [2.4, 10000.0], ""Vitamin C, total ascorbic acid"": [75.0, 2000.0], ""Vitamin D"": [600.0, 4000.0], ""Vitamin E (alpha-tocopherol)"": [15.0, 1000.0], ""Thiamin"": [1.1, 10000.0], ""Riboflavin"": [1.1, 10000.0], ""Niacin"": [14.0, 35.0], ""Pantothenic acid"": [5.0, 10000.0], ""Vitamin B-9 Folic acid"": [400.0, 1000.0], ""Vitamin B-7"": [30.0, 10000.0], ""Total lipid (fat)"": [40.0, 120.0]}"
NSGA-II,2,without_diversity,37,145.4,37.1,580.0,0.644559,0.644559,12,"[74, 34, 89, 7, 72]","[160, 214, 192, 254, 334, 245, 212, 251, 252, 176, 301, 291, 336, 208, 366, 266]","[74, 34, 89, 7, 72, 160, 214, 192, 254, 334, 245, 212, 251, 252, 176, 301, 291, 336, 208, 366, 266]","{""Calcium, Ca"": 1435.87588, ""Copper, Cu"": 1.9899869000000001, ""Iron, Fe"": 24.791738999999996, ""Magnesium, Mg"": 563.7614600000002, ""Manganese, Mn"": 7.5270792, ""Phosphorus, P"": 1386.1046200000005, ""Sodium, Na"": 2610.9848100000004, ""Potassium, K"": 5728.4448, ""Zinc, Zn"": 14.021568, ""Carbohydrate, by difference"": 335.8327499999999, ""Fiber, total dietary"": 40.98561899999999, ""Protein"": 66.353532, ""Energy"": 2756.9088300000003, ""Vitamin A"": 1546.72875, ""Vitamin B-6"": 3.4170217000000003, ""Vitamin B-12"": 20.1458226, ""Vitamin C, total ascorbic acid"": 389.66457499999996, ""Vitamin D"": 0.1412257, ""Vitamin E (alpha-tocopherol)"": 63.74900999999999, ""Thiamin"": 4.9448486, ""Riboflavin"": 9.746839499999998, ""Niacin"": 15.204181200000003, ""Pantothenic acid"": 64.401211, ""Vitamin B-9 Folic acid"": 778.3965999999999, ""Vitamin B-7"": 25.652985, ""Total lipid (fat)"": 134.33639019999995}","{""Calcium, Ca"": [1000.0, 2500.0], ""Copper, Cu"": [0.9, 10.0], ""Iron, Fe"": [18.0, 45.0], ""Magnesium, Mg"": [310.0, 660.0], ""Manganese, Mn"": [1.8, 11.0], ""Phosphorus, P"": [700.0, 4000.0], ""Sodium, Na"": [1500.0, 2300.0], ""Potassium, K"": [4700.0, 10000.0], ""Zinc, Zn"": [8.0, 40.0], ""Carbohydrate, by difference"": [170.0, 300.0], ""Fiber, total dietary"": [20.0, 9999.0], ""Protein"": [40.0, 100.0], ""Energy"": [2000.0, 2400.0], ""Vitamin A"": [700.0, 3000.0], ""Vitamin B-6"": [1.3, 100.0], ""Vitamin B-12"": [2.4, 10000.0], ""Vitamin C, total ascorbic acid"": [75.0, 2000.0], ""Vitamin D"": [600.0, 4000.0], ""Vitamin E (alpha-tocopherol)"": [15.0, 1000.0], ""Thiamin"": [1.1, 10000.0], ""Riboflavin"": [1.1, 10000.0], ""Niacin"": [14.0, 35.0], ""Pantothenic acid"": [5.0, 10000.0], ""Vitamin B-9 Folic acid"": [400.0, 1000.0], ""Vitamin B-7"": [30.0, 10000.0], ""Total lipid (fat)"": [40.0, 120.0]}"
NSGA-II,2,without_diversity,38,73.7,17.29,675.0,0.759119,0.759119,9,"[22, 73]","[130, 336, 385, 163, 307, 380, 274, 150, 176, 266]","[22, 73, 130, 336, 385, 163, 307, 380, 274, 150, 176, 266]","{""Calcium, Ca"": 1024.60794, ""Copper, Cu"": 2.2006283, ""Iron, Fe"": 23.294598, ""Magnesium, Mg"": 458.17011, ""Manganese, Mn"": 7.5936831, ""Phosphorus, P"": 1365.35934, ""Sodium, Na"": 2467.5930000000003, ""Potassium, K"": 3429.0771, ""Zinc, Zn"": 11.61383, ""Carbohydrate, by difference"": 343.97456, ""Fiber, total dietary"": 38.493359, ""Protein"": 68.247412, ""Energy"": 2758.53203, ""Vitamin A"": 1160.96407, ""Vitamin B-6"": 1.9649413999999998, ""Vitamin B-12"": 2.6289823, ""Vitamin C, total ascorbic acid"": 117.11133900000002, ""Vitamin D"": 2.2268125, ""Vitamin E (alpha-tocopherol)"": 41.47737, ""Thiamin"": 17.457670999999998, ""Riboflavin"": 3.3552801, ""Niacin"": 24.968485199999996, ""Pantothenic acid"": 9.119319999999998, ""Vitamin B-9 Folic acid"": 447.77776, ""Vitamin B-7"": 29.791880999999997, ""Total lipid (fat)"": 129.31978020000003}","{""Calcium, Ca"": [1000.0, 2500.0], ""Copper, Cu"": [0.9, 10.0], ""Iron, Fe"": [18.0, 45.0], ""Magnesium, Mg"": [310.0, 660.0], ""Manganese, Mn"": [1.8, 11.0], ""Phosphorus, P"": [700.0, 4000.0], ""Sodium, Na"": [1500.0, 2300.0], ""Potassium, K"": [4700.0, 10000.0], ""Zinc, Zn"": [8.0, 40.0], ""Carbohydrate, by difference"": [170.0, 300.0], ""Fiber, total dietary"": [20.0, 9999.0], ""Protein"": [40.0, 100.0], ""Energy"": [2000.0, 2400.0], ""Vitamin A"": [700.0, 3000.0], ""Vitamin B-6"": [1.3, 100.0], ""Vitamin B-12"": [2.4, 10000.0], ""Vitamin C, total ascorbic acid"": [75.0, 2000.0], ""Vitamin D"": [600.0, 4000.0], ""Vitamin E (alpha-tocopherol)"": [15.0, 1000.0], ""Thiamin"": [1.1, 10000.0], ""Riboflavin"": [1.1, 10000.0], ""Niacin"": [14.0, 35.0], ""Pantothenic acid"": [5.0, 10000.0], ""Vitamin B-9 Folic acid"": [400.0, 1000.0], ""Vitamin B-7"": [30.0, 10000.0], ""Total lipid (fat)"": [40.0, 120.0]}"
NSGA-II,2,without_diversity,39,112.0,44.65,597.0,0.816378,0.816378,12,"[40, 92, 46, 52, 71]","[275, 242, 241, 105, 301, 366, 208, 251, 390, 266, 116, 147]","[40, 92, 46, 52, 71, 275, 242, 241, 105, 301, 366, 208, 251, 390, 266, 116, 147]","{""Calcium, Ca"": 1043.51078, ""Copper, Cu"": 1.3720654, ""Iron, Fe"": 15.258387, ""Magnesium, Mg"": 312.92635, ""Manganese, Mn"": 2.5458394, ""Phosphorus, P"": 927.94432, ""Sodium, Na"": 2582.48295, ""Potassium, K"": 4325.002199999999, ""Zinc, Zn"": 7.0188939999999995, ""Carbohydrate, by difference"": 332.35288099999997, ""Fiber, total dietary"": 36.052598999999994, ""Protein"": 71.18207199999999, ""Energy"": 2731.09615, ""Vitamin A"": 1766.59134, ""Vitamin B-6"": 1.8735935000000001, ""Vitamin B-12"": 8.010580599999999, ""Vitamin C, total ascorbic acid"": 408.971485, ""Vitamin D"": 0.36217060000000006, ""Vitamin E (alpha-tocopherol)"": 52.53450199999999, ""Thiamin"": 13.382653700000002, ""Riboflavin"": 2.0448117, ""Niacin"": 14.5388792, ""Pantothenic acid"": 13.935469, ""Vitamin B-9 Folic acid"": 348.57192000000003, ""Vitamin B-7"": 22.474716, ""Total lipid (fat)"": 136.3768582}","{""Calcium, Ca"": [1000.0, 2500.0], ""Copper, Cu"": [0.9, 10.0], ""Iron, Fe"": [18.0, 45.0], ""Magnesium, Mg"": [310.0, 660.0], ""Manganese, Mn"": [1.8, 11.0], ""Phosphorus, P"": [700.0, 4000.0], ""Sodium, Na"": [1500.0, 2300.0], ""Potassium, K"": [4700.0, 10000.0], ""Zinc, Zn"": [8.0, 40.0], ""Carbohydrate, by difference"": [170.0, 300.0], ""Fiber, total dietary"": [20.0, 9999.0], ""Protein"": [40.0, 100.0], ""Energy"": [2000.0, 2400.0], ""Vitamin A"": [700.0, 3000.0], ""Vitamin B-6"": [1.3, 100.0], ""Vitamin B-12"": [2.4, 10000.0], ""Vitamin C, total ascorbic acid"": [75.0, 2000.0], ""Vitamin D"": [600.0, 4000.0], ""Vitamin E (alpha-tocopherol)"": [15.0, 1000.0], ""Thiamin"": [1.1, 10000.0], ""Riboflavin"": [1.1, 10000.0], ""Niacin"": [14.0, 35.0], ""Pantothenic acid"": [5.0, 10000.0], ""Vitamin B-9 Folic acid"": [400.0, 1000.0], ""Vitamin B-7"": [30.0, 10000.0], ""Total lipid (fat)"": [40.0, 120.0]}"
NSGA-II,2,without_diversity,40,66.9,36.77,815.0,0.769588,0.769588,11,"[92, 18, 58, 53]","[245, 131, 176, 137, 263, 101, 383, 405, 284]","[92, 18, 58, 53, 245, 131, 176, 137, 263, 101, 383, 405, 284]","{""Calcium, Ca"": 1071.504338, ""Copper, Cu"": 1.9306134, ""Iron, Fe"": 21.788061300000003, ""Magnesium, Mg"": 380.56474999999995, ""Manganese, Mn"": 5.7147082000000005, ""Phosphorus, P"": 1510.2913128, ""Sodium, Na"": 2245.6911, ""Potassium, K"": 3942.020188, ""Zinc, Zn"": 14.910938999999999, ""Carbohydrate, by difference"": 327.2096509999999, ""Fiber, total dietary"": 17.633993, ""Protein"": 87.98580330000001, ""Energy"": 2755.73732, ""Vitamin A"": 203.84645, ""Vitamin B-6"": 2.6442922, ""Vitamin B-12"": 2.660123, ""Vitamin C, total ascorbic acid"": 181.456438, ""Vitamin D"": 0.18061460000000001, ""Vitamin E (alpha-tocopherol)"": 34.021358000000006, ""Thiamin"": 5.784396, ""Riboflavin"": 1.9301380000000001, ""Niacin"": 15.379287999999999, ""Pantothenic acid"": 7.475654, ""Vitamin B-9 Folic acid"": 524.99034, ""Vitamin B-7"": 15.882794, ""Total lipid (fat)"": 137.12809}","{""Calcium, Ca"": [1000.0, 2500.0], ""Copper, Cu"": [0.9, 10.0], ""Iron, Fe"": [18.0, 45.0], ""Magnesium, Mg"": [310.0, 660.0], ""Manganese, Mn"": [1.8, 11.0], ""Phosphorus, P"": [700.0, 4000.0], ""Sodium, Na"": [1500.0, 2300.0], ""Potassium, K"": [4700.0, 10000.0], ""Zinc, Zn"": [8.0, 40.0], ""Carbohydrate, by difference"": [170.0, 300.0], ""Fiber, total dietary"": [20.0, 9999.0], ""Protein"": [40.0, 100.0], ""Energy"": [2000.0, 2400.0], ""Vitamin A"": [700.0, 3000.0], ""Vitamin B-6"": [1.3, 100.0], ""Vitamin B-12"": [2.4, 10000.0], ""Vitamin C, total ascorbic acid"": [75.0, 2000.0], ""Vitamin D"": [600.0, 4000.0], ""Vitamin E (alpha-tocopherol)"": [15.0, 1000.0], ""Thiamin"": [1.1, 10000.0], ""Riboflavin"": [1.1, 10000.0], ""Niacin"": [14.0, 35.0], ""Pantothenic acid"": [5.0, 10000.0], ""Vitamin B-9 Folic acid"": [400.0, 1000.0], ""Vitamin B-7"": [30.0, 10000.0], ""Total lipid (fat)"": [40.0, 120.0]}"
NSGA-II,2,without_diversity,41,72.2,22.99,535.0,0.489381,0.489381,12,"[57, 20, 9]","[298, 257, 169, 344, 330, 155, 331, 272, 253, 139, 266]","[57, 20, 9, 298, 257, 169, 344, 330, 155, 331, 272, 253, 139, 266]","{""Calcium, Ca"": 973.83224, ""Copper, Cu"": 1.8522472, ""Iron, Fe"": 20.652990999999993, ""Magnesium, Mg"": 464.09076, ""Manganese, Mn"": 8.655565200000002, ""Phosphorus, P"": 1515.74822, ""Sodium, Na"": 2103.414965, ""Potassium, K"": 4866.3538, ""Zinc, Zn"": 19.511231000000002, ""Carbohydrate, by difference"": 311.08544, ""Fiber, total dietary"": 41.973826, ""Protein"": 95.03851199999998, ""Energy"": 2755.73563, ""Vitamin A"": 1502.73334, ""Vitamin B-6"": 5.045073, ""Vitamin B-12"": 5.028719, ""Vitamin C, total ascorbic acid"": 588.1332659999999, ""Vitamin D"": 0.2255407, ""Vitamin E (alpha-tocopherol)"": 52.75014, ""Thiamin"": 11.319933999999998, ""Riboflavin"": 3.6599177000000003, ""Niacin"": 15.936414199999998, ""Pantothenic acid"": 141.148744, ""Vitamin B-9 Folic acid"": 610.5368799999999, ""Vitamin B-7"": 24.903991, ""Total lipid (fat)"": 136.2519002}","{""Calcium, Ca"": [1000.0, 2500.0], ""Copper, Cu"": [0.9, 10.0], ""Iron, Fe"": [18.0, 45.0], ""Magnesium, Mg"": [310.0, 660.0], ""Manganese, Mn"": [1.8, 11.0], ""Phosphorus, P"": [700.0, 4000.0], ""Sodium, Na"": [1500.0, 2300.0], ""Potassium, K"": [4700.0, 10000.0], ""Zinc, Zn"": [8.0, 40.0], ""Carbohydrate, by difference"": [170.0, 300.0], ""Fiber, total dietary"": [20.0, 9999.0], ""Protein"": [40.0, 100.0], ""Energy"": [2000.0, 2400.0], ""Vitamin A"": [700.0, 3000.0], ""Vitamin B-6"": [1.3, 100.0], ""Vitamin B-12"": [2.4, 10000.0], ""Vitamin C, total ascorbic acid"": [75.0, 2000.0], ""Vitamin D"": [600.0, 4000.0], ""Vitamin E (alpha-tocopherol)"": [15.0, 1000.0], ""Thiamin"": [1.1, 10000.0], ""Riboflavin"": [1.1, 10000.0], ""Niacin"": [14.0, 35.0], ""Pantothenic acid"": [5.0, 10000.0], ""Vitamin B-9 Folic acid"": [400.0, 1000.0], ""Vitamin B-7"": [30.0, 10000.0], ""Total lipid (fat)"": [40.0, 120.0]}"
NSGA-II,2,without_diversity,42,109.5,41.28,485.0,0.885886,0.885886,12,"[20, 61, 89, 2, 18, 5, 12]","[168, 341, 250, 222, 282, 129, 327, 197, 246, 336, 343]","[20, 61, 89, 2, 18, 5, 12, 168, 341, 250, 222, 282, 129, 327, 197, 246, 336, 343]","{""Calcium, Ca"": 830.39278, ""Copper, Cu"": 2.3256734, ""Iron, Fe"": 22.7283736, ""Magnesium, Mg"": 475.0185499999999, ""Manganese, Mn"": 9.6066375, ""Phosphorus, P"": 1505.1800000000003, ""Sodium, Na"": 2626.47232, ""Potassium, K"": 4086.0931, ""Zinc, Zn"": 19.163833599999997, ""Carbohydrate, by difference"": 343.23642, ""Fiber, total dietary"": 33.04135660000001, ""Protein"": 99.5987155, ""Energy"": 2723.9284000000002, ""Vitamin A"": 296.62874000000005, ""Vitamin B-6"": 3.991212, ""Vitamin B-12"": 9.75161, ""Vitamin C, total ascorbic acid"": 254.711176, ""Vitamin D"": 0.148102, ""Vitamin E (alpha-tocopherol)"": 49.51416999999999, ""Thiamin"": 12.3734264, ""Riboflavin"": 3.1808485999999996, ""Niacin"": 13.59815, ""Pantothenic acid"": 24.536073, ""Vitamin B-9 Folic acid"": 477.99938, ""Vitamin B-7"": 17.959970000000002, ""Total lipid (fat)"": 117.13709999999999}","{""Calcium, Ca"": [1000.0, 2500.0], ""Copper, Cu"": [0.9, 10.0], ""Iron, Fe"": [18.0, 45.0], ""Magnesium, Mg"": [310.0, 660.0], ""Manganese, Mn"": [1.8, 11.0], ""Phosphorus, P"": [700.0, 4000.0], ""Sodium, Na"": [1500.0, 2300.0], ""Potassium, K"": [4700.0, 10000.0], ""Zinc, Zn"": [8.0, 40.0], ""Carbohydrate, by difference"": [170.0, 300.0], ""Fiber, total dietary"": [20.0, 9999.0], ""Protein"": [40.0, 100.0], ""Energy"": [2000.0, 2400.0], ""Vitamin A"": [700.0, 3000.0], ""Vitamin B-6"": [1.3, 100.0], ""Vitamin B-12"": [2.4, 10000.0], ""Vitamin C, total ascorbic acid"": [75.0, 2000.0], ""Vitamin D"": [600.0, 4000.0], ""Vitamin E (alpha-tocopherol)"": [15.0, 1000.0], ""Thiamin"": [1.1, 10000.0], ""Riboflavin"": [1.1, 10000.0], ""Niacin"": [14.0, 35.0], ""Pantothenic acid"": [5.0, 10000.0], ""Vitamin B-9 Folic acid"": [400.0, 1000.0], ""Vitamin B-7"": [30.0, 10000.0], ""Total lipid (fat)"": [40.0, 120.0]}"
NSGA-II,2,without_diversity,43,60.1,31.01,760.0,0.836961,0.836961,6,[33],"[312, 263, 401, 242, 176, 137, 101, 405, 266]","[33, 312, 263, 401, 242, 176, 137, 101, 405, 266]","{""Calcium, Ca"": 876.81964, ""Copper, Cu"": 2.2956345000000002, ""Iron, Fe"": 30.456078, ""Magnesium, Mg"": 489.00532, ""Manganese, Mn"": 3.8650181, ""Phosphorus, P"": 1426.7266400000003, ""Sodium, Na"": 2188.376, ""Potassium, K"": 3855.1942, ""Zinc, Zn"": 14.335253, ""Carbohydrate, by difference"": 325.5469, ""Fiber, total dietary"": 37.214383999999995, ""Protein"": 86.693282, ""Energy"": 2758.63963, ""Vitamin A"": 151.43499, ""Vitamin B-6"": 2.743942, ""Vitamin B-12"": 13.2722185, ""Vitamin C, total ascorbic acid"": 117.228332, ""Vitamin D"": 0.8951903, ""Vitamin E (alpha-tocopherol)"": 41.6598135, ""Thiamin"": 13.161663700000002, ""Riboflavin"": 4.800282800000001, ""Niacin"": 24.1316422, ""Pantothenic acid"": 19.513684, ""Vitamin B-9 Folic acid"": 663.2879099999999, ""Vitamin B-7"": 25.123029, ""Total lipid (fat)"": 133.15258020000002}","{""Calcium, Ca"": [1000.0, 2500.0], ""Copper, Cu"": [0.9, 10.0], ""Iron, Fe"": [18.0, 45.0], ""Magnesium, Mg"": [310.0, 660.0], ""Manganese, Mn"": [1.8, 11.0], ""Phosphorus, P"": [700.0, 4000.0], ""Sodium, Na"": [1500.0, 2300.0], ""Potassium, K"": [4700.0, 10000.0], ""Zinc, Zn"": [8.0, 40.0], ""Carbohydrate, by difference"": [170.0, 300.0], ""Fiber, total dietary"": [20.0, 9999.0], ""Protein"": [40.0, 100.0], ""Energy"": [2000.0, 2400.0], ""Vitamin A"": [700.0, 3000.0], ""Vitamin B-6"": [1.3, 100.0], ""Vitamin B-12"": [2.4, 10000.0], ""Vitamin C, total ascorbic acid"": [75.0, 2000.0], ""Vitamin D"": [600.0, 4000.0], ""Vitamin E (alpha-tocopherol)"": [15.0, 1000.0], ""Thiamin"": [1.1, 10000.0], ""Riboflavin"": [1.1, 10000.0], ""Niacin"": [14.0, 35.0], ""Pantothenic acid"": [5.0, 10000.0], ""Vitamin B-9 Folic acid"": [400.0, 1000.0], ""Vitamin B-7"": [30.0, 10000.0], ""Total lipid (fat)"": [40.0, 120.0]}"
NSGA-II,2,without_diversity,44,90.9,22.52,810.0,0.605468,0.605468,11,"[53, 6, 47, 79]","[154, 95, 185, 271, 216, 354, 276, 198, 312, 253, 362, 139, 161, 266]","[53, 6, 47, 79, 154, 95, 185, 271, 216, 354, 276, 198, 312, 253, 362, 139, 161, 266]","{""Calcium, Ca"": 1073.8036399999996, ""Copper, Cu"": 1.9314977999999996, ""Iron, Fe"": 15.801454000000001, ""Magnesium, Mg"": 346.22751, ""Manganese, Mn"": 3.533890199999999, ""Phosphorus, P"": 1185.0083200000001, ""Sodium, Na"": 2570.3904650000004, ""Potassium, K"": 5187.9105, ""Zinc, Zn"": 7.931533999999999, ""Carbohydrate, by difference"": 303.91338999999994, ""Fiber, total dietary"": 44.773828, ""Protein"": 71.792262, ""Energy"": 2729.02223, ""Vitamin A"": 1031.92976, ""Vitamin B-6"": 2.6233829, ""Vitamin B-12"": 27.3821336, ""Vitamin C, total ascorbic acid"": 315.063808, ""Vitamin D"": 1.0477249, ""Vitamin E (alpha-tocopherol)"": 51.41966150000001, ""Thiamin"": 15.172327699999995, ""Riboflavin"": 6.3384391, ""Niacin"": 18.1440202, ""Pantothenic acid"": 52.024456599999986, ""Vitamin B-9 Folic acid"": 436.2650600000001, ""Vitamin B-7"": 13.453811, ""Total lipid (fat)"": 137.41384020000004}","{""Calcium, Ca"": [1000.0, 2500.0], ""Copper, Cu"": [0.9, 10.0], ""Iron, Fe"": [18.0, 45.0], ""Magnesium, Mg"": [310.0, 660.0], ""Manganese, Mn"": [1.8, 11.0], ""Phosphorus, P"": [700.0, 4000.0], ""Sodium, Na"": [1500.0, 2300.0], ""Potassium, K"": [4700.0, 10000.0], ""Zinc, Zn"": [8.0, 40.0], ""Carbohydrate, by difference"": [170.0, 300.0], ""Fiber, total dietary"": [20.0, 9999.0], ""Protein"": [40.0, 100.0], ""Energy"": [2000.0, 2400.0], ""Vitamin A"": [700.0, 3000.0], ""Vitamin B-6"": [1.3, 100.0], ""Vitamin B-12"": [2.4, 10000.0], ""Vitamin C, total ascorbic acid"": [75.0, 2000.0], ""Vitamin D"": [600.0, 4000.0], ""Vitamin E (alpha-tocopherol)"": [15.0, 1000.0], ""Thiamin"": [1.1, 10000.0], ""Riboflavin"": [1.1, 10000.0], ""Niacin"": [14.0, 35.0], ""Pantothenic acid"": [5.0, 10000.0], ""Vitamin B-9 Folic acid"": [400.0, 1000.0], ""Vitamin B-7"": [30.0, 10000.0], ""Total lipid (fat)"": [40.0, 120.0]}"
NSGA-II,2,without_diversity,45,58.8,28.61,299.0,0.838655,0.838655,9,"[45, 87, 79, 84]","[216, 289, 295, 187, 163, 208, 266]","[45, 87, 79, 84, 216, 289, 295, 187, 163, 208, 266]","{""Calcium, Ca"": 554.9418400000001, ""Copper, Cu"": 4.7096778, ""Iron, Fe"": 16.862937, ""Magnesium, Mg"": 219.33432, ""Manganese, Mn"": 1.8046031999999999, ""Phosphorus, P"": 1197.57774, ""Sodium, Na"": 1770.8508, ""Potassium, K"": 4646.2302, ""Zinc, Zn"": 14.710158999999999, ""Carbohydrate, by difference"": 165.17159999999998, ""Fiber, total dietary"": 29.103862, ""Protein"": 86.140452, ""Energy"": 2751.3890300000003, ""Vitamin A"": 1639.10995, ""Vitamin B-6"": 2.4925961000000005, ""Vitamin B-12"": 18.894375, ""Vitamin C, total ascorbic acid"": 292.82873199999995, ""Vitamin D"": 0.10561109999999999, ""Vitamin E (alpha-tocopherol)"": 45.28016, ""Thiamin"": 6.835016999999999, ""Riboflavin"": 6.263034599999999, ""Niacin"": 30.8168042, ""Pantothenic acid"": 49.275759, ""Vitamin B-9 Folic acid"": 404.99956000000003, ""Vitamin B-7"": 70.052493, ""Total lipid (fat)"": 116.8541002}","{""Calcium, Ca"": [1000.0, 2500.0], ""Copper, Cu"": [0.9, 10.0], ""Iron, Fe"": [18.0, 45.0], ""Magnesium, Mg"": [310.0, 660.0], ""Manganese, Mn"": [1.8, 11.0], ""Phosphorus, P"": [700.0, 4000.0], ""Sodium, Na"": [1500.0, 2300.0], ""Potassium, K"": [4700.0, 10000.0], ""Zinc, Zn"": [8.0, 40.0], ""Carbohydrate, by difference"": [170.0, 300.0], ""Fiber, total dietary"": [20.0, 9999.0], ""Protein"": [40.0, 100.0], ""Energy"": [2000.0, 2400.0], ""Vitamin A"": [700.0, 3000.0], ""Vitamin B-6"": [1.3, 100.0], ""Vitamin B-12"": [2.4, 10000.0], ""Vitamin C, total ascorbic acid"": [75.0, 2000.0], ""Vitamin D"": [600.0, 4000.0], ""Vitamin E (alpha-tocopherol)"": [15.0, 1000.0], ""Thiamin"": [1.1, 10000.0], ""Riboflavin"": [1.1, 10000.0], ""Niacin"": [14.0, 35.0], ""Pantothenic acid"": [5.0, 10000.0], ""Vitamin B-9 Folic acid"": [400.0, 1000.0], ""Vitamin B-7"": [30.0, 10000.0], ""Total lipid (fat)"": [40.0, 120.0]}"
NSGA-II,2,without_diversity,46,56.9,42.24,450.0,0.592207,0.592207,9,"[45, 1, 82, 15, 78]","[147, 146, 102, 264, 150, 395, 266, 161]","[45, 1, 82, 15, 78, 147, 146, 102, 264, 150, 395, 266, 161]","{""Calcium, Ca"": 680.82108, ""Copper, Cu"": 1.3244931999999998, ""Iron, Fe"": 19.086717, ""Magnesium, Mg"": 383.30082, ""Manganese, Mn"": 2.8504542, ""Phosphorus, P"": 1507.4195399999999, ""Sodium, Na"": 1872.22767, ""Potassium, K"": 4710.5562, ""Zinc, Zn"": 16.522332, ""Carbohydrate, by difference"": 218.90354999999997, ""Fiber, total dietary"": 26.712830899999997, ""Protein"": 92.923378, ""Energy"": 2329.18253, ""Vitamin A"": 99.19443, ""Vitamin B-6"": 2.2824491000000005, ""Vitamin B-12"": 32.38832000000001, ""Vitamin C, total ascorbic acid"": 193.916302, ""Vitamin D"": 0.1361084, ""Vitamin E (alpha-tocopherol)"": 33.85599, ""Thiamin"": 4.711368, ""Riboflavin"": 5.650830600000001, ""Niacin"": 26.956190199999998, ""Pantothenic acid"": 39.081643, ""Vitamin B-9 Folic acid"": 341.0050100000001, ""Vitamin B-7"": 19.462258, ""Total lipid (fat)"": 137.9559002}","{""Calcium, Ca"": [1000.0, 2500.0], ""Copper, Cu"": [0.9, 10.0], ""Iron, Fe"": [18.0, 45.0], ""Magnesium, Mg"": [310.0, 660.0], ""Manganese, Mn"": [1.8, 11.0], ""Phosphorus, P"": [700.0, 4000.0], ""Sodium, Na"": [1500.0, 2300.0], ""Potassium, K"": [4700.0, 10000.0], ""Zinc, Zn"": [8.0, 40.0], ""Carbohydrate, by difference"": [170.0, 300.0], ""Fiber, total dietary"": [20.0, 9999.0], ""Protein"": [40.0, 100.0], ""Energy"": [2000.0, 2400.0], ""Vitamin A"": [700.0, 3000.0], ""Vitamin B-6"": [1.3, 100.0], ""Vitamin B-12"": [2.4, 10000.0], ""Vitamin C, total ascorbic acid"": [75.0, 2000.0], ""Vitamin D"": [600.0, 4000.0], ""Vitamin E (alpha-tocopherol)"": [15.0, 1000.0], ""Thiamin"": [1.1, 10000.0], ""Riboflavin"": [1.1, 10000.0], ""Niacin"": [14.0, 35.0], ""Pantothenic acid"": [5.0, 10000.0], ""Vitamin B-9 Folic acid"": [400.0, 1000.0], ""Vitamin B-7"": [30.0, 10000.0], ""Total lipid (fat)"": [40.0, 120.0]}"
NSGA-II,2,without_diversity,47,116.4,35.59,570.0,2.196048,2.196048,12,"[24, 58, 36, 80, 44, 76, 5, 7]","[336, 253, 366, 334, 224, 246, 274, 341, 132, 314, 105, 284, 266]","[24, 58, 36, 80, 44, 76, 5, 7, 336, 253, 366, 334, 224, 246, 274, 341, 132, 314, 105, 284, 266]","{""Calcium, Ca"": 679.365798, ""Copper, Cu"": 0.9847007, ""Iron, Fe"": 7.383000900000001, ""Magnesium, Mg"": 184.34197000000003, ""Manganese, Mn"": 1.0321486, ""Phosphorus, P"": 715.8536127999998, ""Sodium, Na"": 2054.0118350000002, ""Potassium, K"": 2598.5548879999997, ""Zinc, Zn"": 4.3529446, ""Carbohydrate, by difference"": 344.02668099999994, ""Fiber, total dietary"": 24.341294599999998, ""Protein"": 50.0174308, ""Energy"": 2721.66873, ""Vitamin A"": 292.78851000000003, ""Vitamin B-6"": 1.764031, ""Vitamin B-12"": 11.490236299999998, ""Vitamin C, total ascorbic acid"": 143.915821, ""Vitamin D"": 0.1155093, ""Vitamin E (alpha-tocopherol)"": 33.93336, ""Thiamin"": 6.6039588, ""Riboflavin"": 3.7936973000000003, ""Niacin"": 5.239385199999999, ""Pantothenic acid"": 31.00559, ""Vitamin B-9 Folic acid"": 267.66474999999997, ""Vitamin B-7"": 13.10946, ""Total lipid (fat)"": 137.6550082}","{""Calcium, Ca"": [1000.0, 2500.0], ""Copper, Cu"": [0.9, 10.0], ""Iron, Fe"": [18.0, 45.0], ""Magnesium, Mg"": [310.0, 660.0], ""Manganese, Mn"": [1.8, 11.0], ""Phosphorus, P"": [700.0, 4000.0], ""Sodium, Na"": [1500.0, 2300.0], ""Potassium, K"": [4700.0, 10000.0], ""Zinc, Zn"": [8.0, 40.0], ""Carbohydrate, by difference"": [170.0, 300.0], ""Fiber, total dietary"": [20.0, 9999.0], ""Protein"": [40.0, 100.0], ""Energy"": [2000.0, 2400.0], ""Vitamin A"": [700.0, 3000.0], ""Vitamin B-6"": [1.3, 100.0], ""Vitamin B-12"": [2.4, 10000.0], ""Vitamin C, total ascorbic acid"": [75.0, 2000.0], ""Vitamin D"": [600.0, 4000.0], ""Vitamin E (alpha-tocopherol)"": [15.0, 1000.0], ""Thiamin"": [1.1, 10000.0], ""Riboflavin"": [1.1, 10000.0], ""Niacin"": [14.0, 35.0], ""Pantothenic acid"": [5.0, 10000.0], ""Vitamin B-9 Folic acid"": [400.0, 1000.0], ""Vitamin B-7"": [30.0, 10000.0], ""Total lipid (fat)"": [40.0, 120.0]}"
NSGA-II,2,without_diversity,48,105.4,19.33,690.0,1.046464,1.046464,11,"[17, 30, 8]","[331, 113, 155, 333, 272, 215, 336, 253, 129, 240, 334, 284]","[17, 30, 8, 331, 113, 155, 333, 272, 215, 336, 253, 129, 240, 334, 284]","{""Calcium, Ca"": 372.238138, ""Copper, Cu"": 1.3178958, ""Iron, Fe"": 14.6036933, ""Magnesium, Mg"": 353.91049, ""Manganese, Mn"": 7.970614, ""Phosphorus, P"": 1060.2916595, ""Sodium, Na"": 1774.7542050000002, ""Potassium, K"": 3463.8367879999996, ""Zinc, Zn"": 13.5483205, ""Carbohydrate, by difference"": 344.95282000000003, ""Fiber, total dietary"": 33.332814000000006, ""Protein"": 51.3143633, ""Energy"": 2557.9844, ""Vitamin A"": 584.45703, ""Vitamin B-6"": 3.0105546000000003, ""Vitamin B-12"": 8.0105066, ""Vitamin C, total ascorbic acid"": 291.941168, ""Vitamin D"": 0.535006, ""Vitamin E (alpha-tocopherol)"": 52.949850000000005, ""Thiamin"": 4.384243400000001, ""Riboflavin"": 2.4094788, ""Niacin"": 10.370312000000002, ""Pantothenic acid"": 16.912288, ""Vitamin B-9 Folic acid"": 420.81663000000003, ""Vitamin B-7"": 24.452415, ""Total lipid (fat)"": 119.724058}","{""Calcium, Ca"": [1000.0, 2500.0], ""Copper, Cu"": [0.9, 10.0], ""Iron, Fe"": [18.0, 45.0], ""Magnesium, Mg"": [310.0, 660.0], ""Manganese, Mn"": [1.8, 11.0], ""Phosphorus, P"": [700.0, 4000.0], ""Sodium, Na"": [1500.0, 2300.0], ""Potassium, K"": [4700.0, 10000.0], ""Zinc, Zn"": [8.0, 40.0], ""Carbohydrate, by difference"": [170.0, 300.0], ""Fiber, total dietary"": [20.0, 9999.0], ""Protein"": [40.0, 100.0], ""Energy"": [2000.0, 2400.0], ""Vitamin A"": [700.0, 3000.0], ""Vitamin B-6"": [1.3, 100.0], ""Vitamin B-12"": [2.4, 10000.0], ""Vitamin C, total ascorbic acid"": [75.0, 2000.0], ""Vitamin D"": [600.0, 4000.0], ""Vitamin E (alpha-tocopherol)"": [15.0, 1000.0], ""Thiamin"": [1.1, 10000.0], ""Riboflavin"": [1.1, 10000.0], ""Niacin"": [14.0, 35.0], ""Pantothenic acid"": [5.0, 10000.0], ""Vitamin B-9 Folic acid"": [400.0, 1000.0], ""Vitamin B-7"": [30.0, 10000.0], ""Total lipid (fat)"": [40.0, 120.0]}"
NSGA-II,2,without_diversity,49,47.7,29.33,285.0,1.508645,1.508645,8,"[16, 93, 64]","[224, 331, 223, 198, 235, 250, 336, 266, 245, 284]","[16, 93, 64, 224, 331, 223, 198, 235, 250, 336, 266, 245, 284]","{""Calcium, Ca"": 706.139978, ""Copper, Cu"": 0.9591141999999999, ""Iron, Fe"": 11.043174299999999, ""Magnesium, Mg"": 266.44487, ""Manganese, Mn"": 1.1491042, ""Phosphorus, P"": 1037.9114528, ""Sodium, Na"": 1749.6041, ""Potassium, K"": 3394.571388, ""Zinc, Zn"": 10.439491000000002, ""Carbohydrate, by difference"": 314.82821, ""Fiber, total dietary"": 23.573712, ""Protein"": 101.30486529999999, ""Energy"": 2759.00423, ""Vitamin A"": 586.12308, ""Vitamin B-6"": 1.4524059999999999, ""Vitamin B-12"": 3.736316, ""Vitamin C, total ascorbic acid"": 200.92689199999998, ""Vitamin D"": 0.31062100000000004, ""Vitamin E (alpha-tocopherol)"": 12.77951, ""Thiamin"": 1.071327, ""Riboflavin"": 1.5703737, ""Niacin"": 10.8793902, ""Pantothenic acid"": 7.225149999999999, ""Vitamin B-9 Folic acid"": 167.18771, ""Vitamin B-7"": 9.363593999999999, ""Total lipid (fat)"": 129.4172802}","{""Calcium, Ca"": [1000.0, 2500.0], ""Copper, Cu"": [0.9, 10.0], ""Iron, Fe"": [18.0, 45.0], ""Magnesium, Mg"": [310.0, 660.0], ""Manganese, Mn"": [1.8, 11.0], ""Phosphorus, P"": [700.0, 4000.0], ""Sodium, Na"": [1500.0, 2300.0], ""Potassium, K"": [4700.0, 10000.0], ""Zinc, Zn"": [8.0, 40.0], ""Carbohydrate, by difference"": [170.0, 300.0], ""Fiber, total dietary"": [20.0, 9999.0], ""Protein"": [40.0, 100.0], ""Energy"": [2000.0, 2400.0], ""Vitamin A"": [700.0, 3000.0], ""Vitamin B-6"": [1.3, 100.0], ""Vitamin B-12"": [2.4, 10000.0], ""Vitamin C, total ascorbic acid"": [75.0, 2000.0], ""Vitamin D"": [600.0, 4000.0], ""Vitamin E (alpha-tocopherol)"": [15.0, 1000.0], ""Thiamin"": [1.1, 10000.0], ""Riboflavin"": [1.1, 10000.0], ""Niacin"": [14.0, 35.0], ""Pantothenic acid"": [5.0, 10000.0], ""Vitamin B-9 Folic acid"": [400.0, 1000.0], ""Vitamin B-7"": [30.0, 10000.0], ""Total lipid (fat)"": [40.0, 120.0]}"
NSGA-II,2,without_diversity,50,114.5,34.91,667.0,1.159482,1.159482,14,"[55, 61, 91, 89, 82, 2, 18, 53]","[137, 180, 208, 173, 342, 161, 203, 343]","[55, 61, 91, 89, 82, 2, 18, 53, 137, 180, 208, 173, 342, 161, 203, 343]","{""Calcium, Ca"": 1034.8104899999998, ""Copper, Cu"": 1.1565699, ""Iron, Fe"": 11.3093668, ""Magnesium, Mg"": 244.0299, ""Manganese, Mn"": 2.3037379999999996, ""Phosphorus, P"": 957.7905000000001, ""Sodium, Na"": 2582.10267, ""Potassium, K"": 4005.173, ""Zinc, Zn"": 5.446786, ""Carbohydrate, by difference"": 340.66387000000003, ""Fiber, total dietary"": 38.1219109, ""Protein"": 71.776346, ""Energy"": 2653.9147999999996, ""Vitamin A"": 1394.36873, ""Vitamin B-6"": 2.3332082, ""Vitamin B-12"": 1.187596, ""Vitamin C, total ascorbic acid"": 333.10788799999995, ""Vitamin D"": 0.4033448, ""Vitamin E (alpha-tocopherol)"": 37.919197999999994, ""Thiamin"": 13.641496400000001, ""Riboflavin"": 1.0816637000000002, ""Niacin"": 16.509116000000002, ""Pantothenic acid"": 5.833741, ""Vitamin B-9 Folic acid"": 292.80534, ""Vitamin B-7"": 7.889416, ""Total lipid (fat)"": 137.66660000000002}","{""Calcium, Ca"": [1000.0, 2500.0], ""Copper, Cu"": [0.9, 10.0], ""Iron, Fe"": [18.0, 45.0], ""Magnesium, Mg"": [310.0, 660.0], ""Manganese, Mn"": [1.8, 11.0], ""Phosphorus, P"": [700.0, 4000.0], ""Sodium, Na"": [1500.0, 2300.0], ""Potassium, K"": [4700.0, 10000.0], ""Zinc, Zn"": [8.0, 40.0], ""Carbohydrate, by difference"": [170.0, 300.0], ""Fiber, total dietary"": [20.0, 9999.0], ""Protein"": [40.0, 100.0], ""Energy"": [2000.0, 2400.0], ""Vitamin A"": [700.0, 3000.0], ""Vitamin B-6"": [1.3, 100.0], ""Vitamin B-12"": [2.4, 10000.0], ""Vitamin C, total ascorbic acid"": [75.0, 2000.0], ""Vitamin D"": [600.0, 4000.0], ""Vitamin E (alpha-tocopherol)"": [15.0, 1000.0], ""Thiamin"": [1.1, 10000.0], ""Riboflavin"": [1.1, 10000.0], ""Niacin"": [14.0, 35.0], ""Pantothenic acid"": [5.0, 10000.0], ""Vitamin B-9 Folic acid"": [400.0, 1000.0], ""Vitamin B-7"": [30.0, 10000.0], ""Total lipid (fat)"": [40.0, 120.0]}"
